Workbook

Sheet Source Results
F5: Seed 42 | I5: Seed 63 | L5: Seed 84
B7: Cluster | C7: Test Samples | D7: GP | E7: RF | F7: Test Samples | G7: GP | H7: RF | I7: Test Samples | J7: GP | K7: RF | L7: Test Samples | M7: GP | N7: RF
B8: 0 | D8: =AVERAGE(G8,J8,M8) -> 3.37 | E8: =AVERAGE(H8,K8,N8) -> 4.0133333 | F8: 2295 | G8: 3.4 | H8: 4.06 | I8: 2215 | J8: 3.76 | K8: 4.56 | L8: 2205 | M8: 2.95 | N8: 3.42
B9: 1 | D9: =AVERAGE(G9,J9,M9) -> 3.2866667 | E9: =AVERAGE(H9,K9,N9) -> 3.71 | F9: 2915 | G9: 3.09 | H9: 3.25 | I9: 2115 | J9: 3.17 | K9: 3.59 | L9: 2245 | M9: 3.6 | N9: 4.29
B10: 2 | D10: =AVERAGE(G10,J10,M10) -> 3.7133333 | E10: =AVERAGE(H10,K10,N10) -> 4.2 | F10: 1570 | G10: 3.3 | H10: 3.77 | I10: 2065 | J10: 3.53 | K10: 4.09 | L10: 2450 | M10: 4.31 | N10: 4.74
B11: 3 | D11: =AVERAGE(G11,J11,M11) -> 3.6966667 | E11: =AVERAGE(H11,K11,N11) -> 4.25 | F11: 2460 | G11: 3.83 | H11: 4.52 | I11: 2040 | J11: 4.04 | K11: 4.69 | L11: 2445 | M11: 3.22 | N11: 3.54
B12: 4 | D12: =AVERAGE(G12,J12,M12) -> 3.3866667 | E12: =AVERAGE(H12,K12,N12) -> 3.8733333 | F12: 3080 | G12: 3.26 | H12: 3.75 | I12: 3385 | J12: 3.27 | K12: 3.58 | L12: 2060 | M12: 3.63 | N12: 4.29
B13: 5 | D13: =AVERAGE(G13,J13,M13) -> 3.9533333 | E13: =AVERAGE(H13,K13,N13) -> 4.5566667 | F13: 1495 | G13: 3.94 | H13: 4.26 | I13: 1395 | J13: 3.67 | K13: 4.59 | L13: 1975 | M13: 4.25 | N13: 4.82
B14: 6 | D14: =AVERAGE(G14,J14,M14) -> 3.3766667 | E14: =AVERAGE(H14,K14,N14) -> 3.92 | F14: 1910 | G14: 3.39 | H14: 4.4 | I14: 2960 | J14: 3.09 | K14: 3.22 | L14: 1955 | M14: 3.65 | N14: 4.14
B15: 7 | D15: =AVERAGE(G15,J15,M15) -> 3.01 | E15: =AVERAGE(H15,K15,N15) -> 3.3133333 | F15: 1760 | G15: 3.12 | H15: 3.49 | I15: 1310 | J15: 3 | K15: 3.56 | L15: 2150 | M15: 2.91 | N15: 2.89
D17: =AVERAGE(G17,J17,M17) -> 3.4566667 | E17: =AVERAGE(H17,K17,N17) -> 3.9433333 | G17: 3.39 | H17: 3.91 | J17: 3.42 | K17: 3.91 | M17: 3.56 | N17: 4.01

Sheet Overall
C7: 0.1 | F7: 0.2 | I7: 0.3 | L7: 0.4 | O7: 0.5
B8: Clusters | C8: MAE | D8: As Capacity | E8: R-Squared | F8: MAE | G8: As Capacity | H8: R-Squared | I8: MAE | J8: As Capacity | K8: R-Squared | L8: MAE | M8: As Capacity | N8: R-Squared | O8: MAE | P8: As Capacity | Q8: R-Squared
B9: 0 | D9: =AVERAGE(C23:J23) -> 0.051680957 | G9: =AVERAGE(K23:R23) -> 0.043655292 | J9: =AVERAGE(S23:Z23) -> 0.040528671 | M9: =AVERAGE(AA23:AH23) -> 0.038720791 | P9: =AVERAGE(AI23:AP23) -> 0.038003092
B10: 1 | D10: =AVERAGE(C24:J24) -> 0.039790524 | G10: =AVERAGE(K24:R24) -> 0.034114201 | J10: =AVERAGE(S24:Z24) -> 0.031747974 | M10: =AVERAGE(AA24:AH24) -> 0.029429526 | P10: =AVERAGE(AI24:AP24) -> 0.028805375
B11: 2 | D11: =AVERAGE(C25:J25) -> 0.062654952 | G11: =AVERAGE(K25:R25) -> 0.046016493 | J11: =AVERAGE(S25:Z25) -> 0.040882998 | M11: =AVERAGE(AA25:AH25) -> 0.035956198 | P11: =AVERAGE(AI25:AP25) -> 0.034567224
B12: 3 | D12: =AVERAGE(C26:J26) -> 0.051816313 | G12: =AVERAGE(K26:R26) -> 0.042842736 | J12: =AVERAGE(S26:Z26) -> 0.040703252 | M12: =AVERAGE(AA26:AH26) -> 0.037331016 | P12: =AVERAGE(AI26:AP26) -> 0.035883801
B13: 4 | D13: =AVERAGE(C27:J27) -> 0.052969338 | G13: =AVERAGE(K27:R27) -> 0.043841672 | J13: =AVERAGE(S27:Z27) -> 0.039366513 | M13: =AVERAGE(AA27:AH27) -> 0.035831307 | P13: =AVERAGE(AI27:AP27) -> 0.034805426
B14: 5 | D14: =AVERAGE(C28:J28) -> 0.061100208 | G14: =AVERAGE(K28:R28) -> 0.045816061 | J14: =AVERAGE(S28:Z28) -> 0.042916949 | M14: =AVERAGE(AA28:AH28) -> 0.038279873 | P14: =AVERAGE(AI28:AP28) -> 0.036637481
B15: 6 | D15: =AVERAGE(C29:J29) -> 0.074109733 | G15: =AVERAGE(K29:R29) -> 0.052640971 | J15: =AVERAGE(S29:Z29) -> 0.046361457 | M15: =AVERAGE(AA29:AH29) -> 0.041447978 | P15: =AVERAGE(AI29:AP29) -> 0.039980013
B16: 7 | D16: =AVERAGE(C30:J30) -> 0.058621437 | G16: =AVERAGE(K30:R30) -> 0.043968825 | J16: =AVERAGE(S30:Z30) -> 0.039835713 | M16: =AVERAGE(AA30:AH30) -> 0.035445869 | P16: =AVERAGE(AI30:AP30) -> 0.03480634
B18: Average | D18: =AVERAGE(C32:J32) -> 0.053247876 | F18: =AVERAGE(F9:F16) -> #DIV/0! | G18: =AVERAGE(K32:R32) -> 0.042418983 | I18: =AVERAGE(I9:I16) -> #DIV/0! | J18: =AVERAGE(S32:Z32) -> 0.038949853 | L18: =AVERAGE(L9:L16) -> #DIV/0! | M18: =AVERAGE(AA32:AH32) -> #DIV/0! | O18: =AVERAGE(O9:O16) -> #DIV/0! | P18: =AVERAGE(AI32:AP32) -> #DIV/0!
C21: 0.1 | K21: 0.2 | S21: 0.3 | AA21: 0.4 | AI21: 0.5
B22: Clusters | C22: Horns | D22: Seagreen | E22: Gemini | F22: Hollandse | G22: Dieppe | H22: Moray | I22: Kriegers | J22: East.Anglia | K22: Horns | L22: Seagreen | M22: Gemini | N22: Hollandse | O22: Dieppe | P22: Moray | Q22: Kriegers | R22: East.Anglia | S22: Horns | T22: Seagreen | U22: Gemini | V22: Hollandse | W22: Dieppe | X22: Moray | Y22: Kriegers | Z22: East.Anglia | AA22: Horns | AB22: Seagreen | AC22: Gemini | AD22: Hollandse | AE22: Dieppe | AF22: Moray | AG22: Kriegers | AH22: East.Anglia | AI22: Horns | AJ22: Seagreen | AK22: Gemini | AL22: Hollandse | AM22: Dieppe | AN22: Moray | AO22: Kriegers | AP22: East.Anglia
B23: 0 | C23: ='Horns Rev'!E9 -> 0.055869346 | D23: =Seagreen!E9 -> 0.050608974 | E23: =Gemini!E9 -> 0.0715 | F23: =Hollandse_Noord!E9 -> 0.045849802 | G23: =Dieppe!E9 -> 0.048252688 | H23: ='Moray Firth'!E9 -> 0.049381651 | I23: =Kriegers!E9 -> 0.055150463 | J23: ='East Anglia One'!E9 -> 0.036834734 | K23: ='Horns Rev'!I9 -> 0.046805902 | L23: =Seagreen!I9 -> 0.042884615 | M23: =Gemini!I9 -> 0.058277778 | N23: =Hollandse_Noord!I9 -> 0.038427756 | O23: =Dieppe!I9 -> 0.038508065 | P23: ='Moray Firth'!I9 -> 0.044003451 | Q23: =Kriegers!I9 -> 0.04849537 | R23: ='East Anglia One'!I9 -> 0.031839402 | S23: ='Horns Rev'!M9 -> 0.043828539 | T23: =Seagreen!M9 -> 0.038974359 | U23: =Gemini!M9 -> 0.052333333 | V23: =Hollandse_Noord!M9 -> 0.03579271 | W23: =Dieppe!M9 -> 0.037768817 | X23: ='Moray Firth'!M9 -> 0.039459304 | Y23: =Kriegers!M9 -> 0.046006944 | Z23: ='East Anglia One'!M9 -> 0.030065359 | AA23: ='Horns Rev'!Q9 -> 0.04190201 | AB23: =Seagreen!Q9 -> 0.037916667 | AC23: =Gemini!Q9 -> 0.051222222 | AD23: =Hollandse_Noord!Q9 -> 0.035177866 | AE23: =Dieppe!Q9 -> 0.040255376 | AF23: ='Moray Firth'!Q9 -> 0.037791199 | AG23: =Kriegers!Q9 -> 0.045659722 | AH23: ='East Anglia One'!Q9 -> 0.01984127 | AI23: ='Horns Rev'!U9 -> 0.041289023 | AJ23: =Seagreen!U9 -> 0.036634615 | AK23: =Gemini!U9 -> 0.052055556 | AL23: =Hollandse_Noord!U9 -> 0.03407993 | AM23: =Dieppe!U9 -> 0.039650538 | AN23: ='Moray Firth'!U9 -> 0.036583261 | AO23: =Kriegers!U9 -> 0.042303241 | AP23: ='East Anglia One'!U9 -> 0.021428571
B24: 1 | C24: ='Horns Rev'!E10 -> 0.045842638 | D24: =Seagreen!E10 -> 0.040673077 | E24: =Gemini!E10 -> 0.021944444 | F24: =Hollandse_Noord!E10 -> 0.040799297 | G24: =Dieppe!E10 -> 0.044018817 | H24: ='Moray Firth'!E10 -> 0.04998562 | I24: =Kriegers!E10 -> 0.034490741 | J24: ='East Anglia One'!E10 -> 0.040569561 | K24: ='Horns Rev'!I10 -> 0.043346907 | L24: =Seagreen!I10 -> 0.034871795 | M24: =Gemini!I10 -> 0.018944444 | N24: =Hollandse_Noord!I10 -> 0.036012297 | O24: =Dieppe!I10 -> 0.034005376 | P24: ='Moray Firth'!I10 -> 0.040580961 | Q24: =Kriegers!I10 -> 0.028877315 | R24: ='East Anglia One'!I10 -> 0.03627451 | S24: ='Horns Rev'!M10 -> 0.038749507 | T24: =Seagreen!M10 -> 0.032820513 | U24: =Gemini!M10 -> 0.018611111 | V24: =Hollandse_Noord!M10 -> 0.033069829 | W24: =Dieppe!M10 -> 0.029233871 | X24: ='Moray Firth'!M10 -> 0.038107564 | Y24: =Kriegers!M10 -> 0.027256944 | Z24: ='East Anglia One'!M10 -> 0.036134454 | AA24: ='Horns Rev'!Q10 -> 0.039099785 | AB24: =Seagreen!Q10 -> 0.031955128 | AC24: =Gemini!Q10 -> 0.017444444 | AD24: =Hollandse_Noord!Q10 -> 0.031313131 | AE24: =Dieppe!Q10 -> 0.027419355 | AF24: ='Moray Firth'!Q10 -> 0.037503595 | AG24: =Kriegers!Q10 -> 0.026331019 | AH24: ='East Anglia One'!Q10 -> 0.024369748 | AI24: ='Horns Rev'!U10 -> 0.037961382 | AJ24: =Seagreen!U10 -> 0.030673077 | AK24: =Gemini!U10 -> 0.017888889 | AL24: =Hollandse_Noord!U10 -> 0.031620553 | AM24: =Dieppe!U10 -> 0.027419355 | AN24: ='Moray Firth'!U10 -> 0.036180615 | AO24: =Kriegers!U10 -> 0.025636574 | AP24: ='East Anglia One'!U10 -> 0.023062558
B25: 2 | C25: ='Horns Rev'!E11 -> 0.058365077 | D25: =Seagreen!E11 -> 0.072307692 | E25: =Gemini!E11 -> 0.051444444 | F25: =Hollandse_Noord!E11 -> 0.057180501 | G25: =Dieppe!E11 -> 0.093077957 | H25: ='Moray Firth'!E11 -> 0.066321542 | I25: =Kriegers!E11 -> 0.047453704 | J25: ='East Anglia One'!E11 -> 0.055088702 | K25: ='Horns Rev'!I11 -> 0.04015062 | L25: =Seagreen!I11 -> 0.050961538 | M25: =Gemini!I11 -> 0.033777778 | N25: =Hollandse_Noord!I11 -> 0.040711462 | O25: =Dieppe!I11 -> 0.066532258 | P25: ='Moray Firth'!I11 -> 0.050100661 | Q25: =Kriegers!I11 -> 0.037905093 | R25: ='East Anglia One'!I11 -> 0.04799253 | S25: ='Horns Rev'!M11 -> 0.034371032 | T25: =Seagreen!M11 -> 0.043301282 | U25: =Gemini!M11 -> 0.029611111 | V25: =Hollandse_Noord!M11 -> 0.03715415 | W25: =Dieppe!M11 -> 0.06391129 | X25: ='Moray Firth'!M11 -> 0.040954846 | Y25: =Kriegers!M11 -> 0.035416667 | Z25: ='East Anglia One'!M11 -> 0.042343604 | AA25: ='Horns Rev'!Q11 -> 0.033626691 | AB25: =Seagreen!Q11 -> 0.037532051 | AC25: =Gemini!Q11 -> 0.027333333 | AD25: =Hollandse_Noord!Q11 -> 0.035529205 | AE25: =Dieppe!Q11 -> 0.054569892 | AF25: ='Moray Firth'!Q11 -> 0.037992522 | AG25: =Kriegers!Q11 -> 0.034548611 | AH25: ='East Anglia One'!Q11 -> 0.026517274 | AI25: ='Horns Rev'!U11 -> 0.032094225 | AJ25: =Seagreen!U11 -> 0.038461538 | AK25: =Gemini!U11 -> 0.025666667 | AL25: =Hollandse_Noord!U11 -> 0.034299517 | AM25: =Dieppe!U11 -> 0.052217742 | AN25: ='Moray Firth'!U11 -> 0.036180615 | AO25: =Kriegers!U11 -> 0.032407407 | AP25: ='East Anglia One'!U11 -> 0.025210084
B26: 3 | C26: ='Horns Rev'!E12 -> 0.053723893 | D26: =Seagreen!E12 -> 0.0525 | E26: =Gemini!E12 -> 0.037888889 | F26: =Hollandse_Noord!E12 -> 0.051602986 | G26: =Dieppe!E12 -> 0.065860215 | H26: ='Moray Firth'!E12 -> 0.040580961 | I26: =Kriegers!E12 -> 0.06087963 | J26: ='East Anglia One'!E12 -> 0.051493931 | K26: ='Horns Rev'!I12 -> 0.046981041 | L26: =Seagreen!I12 -> 0.042884615 | M26: =Gemini!I12 -> 0.032111111 | N26: =Hollandse_Noord!I12 -> 0.040711462 | O26: =Dieppe!I12 -> 0.05094086 | P26: ='Moray Firth'!I12 -> 0.036036813 | Q26: =Kriegers!I12 -> 0.048958333 | R26: ='East Anglia One'!I12 -> 0.044117647 | S26: ='Horns Rev'!M12 -> 0.044222602 | T26: =Seagreen!M12 -> 0.040865385 | U26: =Gemini!M12 -> 0.031166667 | V26: =Hollandse_Noord!M12 -> 0.039086517 | W26: =Dieppe!M12 -> 0.04811828 | X26: ='Moray Firth'!M12 -> 0.035490365 | Y26: =Kriegers!M12 -> 0.043865741 | Z26: ='East Anglia One'!M12 -> 0.042810458 | AA26: ='Horns Rev'!Q12 -> 0.040763606 | AB26: =Seagreen!Q12 -> 0.039294872 | AC26: =Gemini!Q12 -> 0.029444444 | AD26: =Hollandse_Noord!Q12 -> 0.038120334 | AE26: =Dieppe!Q12 -> 0.046236559 | AF26: ='Moray Firth'!Q12 -> 0.033189531 | AG26: =Kriegers!Q12 -> 0.043634259 | AH26: ='East Anglia One'!Q12 -> 0.027964519 | AI26: ='Horns Rev'!U12 -> 0.040325759 | AJ26: =Seagreen!U12 -> 0.037628205 | AK26: =Gemini!U12 -> 0.028277778 | AL26: =Hollandse_Noord!U12 -> 0.036319719 | AM26: =Dieppe!U12 -> 0.044018817 | AN26: ='Moray Firth'!U12 -> 0.031578947 | AO26: =Kriegers!U12 -> 0.042824074 | AP26: ='East Anglia One'!U12 -> 0.026097106
B27: 4 | C27: ='Horns Rev'!E13 -> 0.054117956 | D27: =Seagreen!E13 -> 0.050833333 | E27: =Gemini!E13 -> 0.047722222 | F27: =Hollandse_Noord!E13 -> 0.04571805 | G27: =Dieppe!E13 -> 0.054166667 | H27: ='Moray Firth'!E13 -> 0.044118493 | I27: =Kriegers!E13 -> 0.070775463 | J27: ='East Anglia One'!E13 -> 0.056302521 | K27: ='Horns Rev'!I13 -> 0.043215552 | L27: =Seagreen!I13 -> 0.043173077 | M27: =Gemini!I13 -> 0.041388889 | N27: =Hollandse_Noord!I13 -> 0.040360123 | O27: =Dieppe!I13 -> 0.044489247 | P27: ='Moray Firth'!I13 -> 0.037244751 | Q27: =Kriegers!I13 -> 0.058564815 | R27: ='East Anglia One'!I13 -> 0.042296919 | S27: ='Horns Rev'!M13 -> 0.038355445 | T27: =Seagreen!M13 -> 0.03974359 | U27: =Gemini!M13 -> 0.037833333 | V27: =Hollandse_Noord!M13 -> 0.034606939 | W27: =Dieppe!M13 -> 0.041599462 | X27: ='Moray Firth'!M13 -> 0.035662928 | Y27: =Kriegers!M13 -> 0.048148148 | Z27: ='East Anglia One'!M13 -> 0.03898226 | AA27: ='Horns Rev'!Q13 -> 0.037129472 | AB27: =Seagreen!Q13 -> 0.037884615 | AC27: =Gemini!Q13 -> 0.035388889 | AD27: =Hollandse_Noord!Q13 -> 0.032630654 | AE27: =Dieppe!Q13 -> 0.041465054 | AF27: ='Moray Firth'!Q13 -> 0.03307449 | AG27: =Kriegers!Q13 -> 0.045081019 | AH27: ='East Anglia One'!Q13 -> 0.023996265 | AI27: ='Horns Rev'!U13 -> 0.036735409 | AJ27: =Seagreen!U13 -> 0.034294872 | AK27: =Gemini!U13 -> 0.032888889 | AL27: =Hollandse_Noord!U13 -> 0.031708388 | AM27: =Dieppe!U13 -> 0.042271505 | AN27: ='Moray Firth'!U13 -> 0.032585562 | AO27: =Kriegers!U13 -> 0.044849537 | AP27: ='East Anglia One'!U13 -> 0.023109244
B28: 5 | C28: ='Horns Rev'!E14 -> 0.053592539 | D28: =Seagreen!E14 -> 0.068589744 | E28: =Gemini!E14 -> 0.079055556 | F28: =Hollandse_Noord!E14 -> 0.04571805 | G28: =Dieppe!E14 -> 0.061827957 | H28: ='Moray Firth'!E14 -> 0.046879494 | I28: =Kriegers!E14 -> 0.074594907 | J28: ='East Anglia One'!E14 -> 0.058543417 | K28: ='Horns Rev'!I14 -> 0.041376593 | L28: =Seagreen!I14 -> 0.044166667 | M28: =Gemini!I14 -> 0.060833333 | N28: =Hollandse_Noord!I14 -> 0.040491875 | O28: =Dieppe!I14 -> 0.047379032 | P28: ='Moray Firth'!I14 -> 0.040293356 | Q28: =Kriegers!I14 -> 0.053472222 | R28: ='East Anglia One'!I14 -> 0.038515406 | S28: ='Horns Rev'!M14 -> 0.040544682 | T28: =Seagreen!M14 -> 0.042083333 | U28: =Gemini!M14 -> 0.054944444 | V28: =Hollandse_Noord!M14 -> 0.035924462 | W28: =Dieppe!M14 -> 0.046975806 | X28: ='Moray Firth'!M14 -> 0.036065574 | Y28: =Kriegers!M14 -> 0.050289352 | Z28: ='East Anglia One'!M14 -> 0.036507937 | AA28: ='Horns Rev'!Q14 -> 0.037698673 | AB28: =Seagreen!Q14 -> 0.037660256 | AC28: =Gemini!Q14 -> 0.047666667 | AD28: =Hollandse_Noord!Q14 -> 0.035529205 | AE28: =Dieppe!Q14 -> 0.044758065 | AF28: ='Moray Firth'!Q14 -> 0.034771355 | AG28: =Kriegers!Q14 -> 0.045138889 | AH28: ='East Anglia One'!Q14 -> 0.023015873 | AI28: ='Horns Rev'!U14 -> 0.037917597 | AJ28: =Seagreen!U14 -> 0.036891026 | AK28: =Gemini!U14 -> 0.046 | AL28: =Hollandse_Noord!U14 -> 0.035090031 | AM28: =Dieppe!U14 -> 0.040927419 | AN28: ='Moray Firth'!U14 -> 0.031837791 | AO28: =Kriegers!U14 -> 0.041840278 | AP28: ='East Anglia One'!U14 -> 0.022595705
B29: 6 | C29: ='Horns Rev'!E15 -> 0.066071194 | D29: =Seagreen!E15 -> 0.10346154 | E29: =Gemini!E15 -> 0.076111111 | F29: =Hollandse_Noord!E15 -> 0.076592007 | G29: =Dieppe!E15 -> 0.076948925 | H29: ='Moray Firth'!E15 -> 0.059706644 | I29: =Kriegers!E15 -> 0.06255787 | J29: ='East Anglia One'!E15 -> 0.071428571 | K29: ='Horns Rev'!I15 -> 0.044135032 | L29: =Seagreen!I15 -> 0.054583333 | M29: =Gemini!I15 -> 0.050777778 | N29: =Hollandse_Noord!I15 -> 0.058278437 | O29: =Dieppe!I15 -> 0.059206989 | P29: ='Moray Firth'!I15 -> 0.051107276 | Q29: =Kriegers!I15 -> 0.048090278 | R29: ='East Anglia One'!I15 -> 0.054948646 | S29: ='Horns Rev'!M15 -> 0.042471212 | T29: =Seagreen!M15 -> 0.049647436 | U29: =Gemini!M15 -> 0.043 | V29: =Hollandse_Noord!M15 -> 0.049187527 | W29: =Dieppe!M15 -> 0.051209677 | X29: ='Moray Firth'!M15 -> 0.044779983 | Y29: =Kriegers!M15 -> 0.044097222 | Z29: ='East Anglia One'!M15 -> 0.046498599 | AA29: ='Horns Rev'!Q15 -> 0.040938745 | AB29: =Seagreen!Q15 -> 0.047980769 | AC29: =Gemini!Q15 -> 0.040944444 | AD29: =Hollandse_Noord!Q15 -> 0.044795784 | AE29: =Dieppe!Q15 -> 0.046505376 | AF29: ='Moray Firth'!Q15 -> 0.040120794 | AG29: =Kriegers!Q15 -> 0.041493056 | AH29: ='East Anglia One'!Q15 -> 0.028804855 | AI29: ='Horns Rev'!U15 -> 0.039318709 | AJ29: =Seagreen!U15 -> 0.044807692 | AK29: =Gemini!U15 -> 0.039888889 | AL29: =Hollandse_Noord!U15 -> 0.042599912 | AM29: =Dieppe!U15 -> 0.045094086 | AN29: ='Moray Firth'!U15 -> 0.040811044 | AO29: =Kriegers!U15 -> 0.040335648 | AP29: ='East Anglia One'!U15 -> 0.026984127
B30: 7 | C30: ='Horns Rev'!E16 -> 0.062962476 | D30: =Seagreen!E16 -> 0.05349359 | E30: =Gemini!E16 -> 0.072388889 | F30: =Hollandse_Noord!E16 -> 0.054194115 | G30: =Dieppe!E16 -> 0.047782258 | H30: ='Moray Firth'!E16 -> 0.049439172 | I30: =Kriegers!E16 -> 0.068113426 | J30: ='East Anglia One'!E16 -> 0.060597572 | K30: ='Horns Rev'!I16 -> 0.045054512 | L30: =Seagreen!I16 -> 0.041346154 | M30: =Gemini!I16 -> 0.057611111 | N30: =Hollandse_Noord!I16 -> 0.040272288 | O30: =Dieppe!I16 -> 0.040927419 | P30: ='Moray Firth'!I16 -> 0.034339948 | Q30: =Kriegers!I16 -> 0.046354167 | R30: ='East Anglia One'!I16 -> 0.045845005 | S30: ='Horns Rev'!M16 -> 0.038793292 | T30: =Seagreen!M16 -> 0.036570513 | U30: =Gemini!M16 -> 0.054 | V30: =Hollandse_Noord!M16 -> 0.035748792 | W30: =Dieppe!M16 -> 0.038104839 | X30: ='Moray Firth'!M16 -> 0.031636468 | Y30: =Kriegers!M16 -> 0.044849537 | Z30: ='East Anglia One'!M16 -> 0.03898226 | AA30: ='Horns Rev'!Q16 -> 0.038530584 | AB30: =Seagreen!Q16 -> 0.033878205 | AC30: =Gemini!Q16 -> 0.048055556 | AD30: =Hollandse_Noord!Q16 -> 0.033552921 | AE30: =Dieppe!Q16 -> 0.037163978 | AF30: ='Moray Firth'!Q16 -> 0.02772505 | AG30: =Kriegers!Q16 -> 0.040104167 | AH30: ='East Anglia One'!Q16 -> 0.024556489 | AI30: ='Horns Rev'!U16 -> 0.037961382 | AJ30: =Seagreen!U16 -> 0.032660256 | AK30: =Gemini!U16 -> 0.045833333 | AL30: =Hollandse_Noord!U16 -> 0.032586737 | AM30: =Dieppe!U16 -> 0.037634409 | AN30: ='Moray Firth'!U16 -> 0.028415301 | AO30: =Kriegers!U16 -> 0.039409722 | AP30: ='East Anglia One'!U16 -> 0.02394958
B32: Overall | C32: ='Horns Rev'!E18 -> 0.055322954 | D32: =Seagreen!E18 -> 0.055742723 | E32: =Gemini!E18 -> 0.051560175 | F32: =Hollandse_Noord!E18 -> 0.050243202 | G32: =Dieppe!E18 -> 0.057233359 | H32: ='Moray Firth'!E18 -> 0.048445192 | I32: =Kriegers!E18 -> 0.05622285 | J32: ='East Anglia One'!E18 -> 0.051212554 | K32: ='Horns Rev'!I18 -> 0.043902864 | L32: =Seagreen!I18 -> 0.042440046 | M32: =Gemini!I18 -> 0.040348253 | N32: =Hollandse_Noord!I18 -> 0.040880073 | O32: =Dieppe!I18 -> 0.045035005 | P32: ='Moray Firth'!I18 -> 0.040611512 | Q32: =Kriegers!I18 -> 0.044633205 | R32: ='East Anglia One'!I18 -> 0.041500909 | S32: ='Horns Rev'!M18 -> 0.040184777 | T32: =Seagreen!M18 -> 0.03917577 | U32: =Gemini!M18 -> 0.036792729 | V32: =Hollandse_Noord!M18 -> 0.036774981 | W32: =Dieppe!M18 -> 0.041863573 | X32: ='Moray Firth'!M18 -> 0.037374674 | Y32: =Kriegers!M18 -> 0.040926396 | Z32: ='East Anglia One'!M18 -> 0.038505923 | AA32: ='Horns Rev'!Q18 -> 0.038732579 | AB32: =Seagreen!Q18 -> 0.037184579 | AC32: =Gemini!Q18 -> 0.034385266 | AD32: =Hollandse_Noord!Q18 -> 0.035125817 | AE32: =Dieppe!Q18 -> 0.040303917 | AF32: ='Moray Firth'!Q18 -> 0.035111637 | AG32: =Kriegers!Q18 -> 0.039099119 | AH32: ='East Anglia One'!Q18 -> #DIV/0! | AI32: ='Horns Rev'!U18 -> 0.037977977 | AJ32: =Seagreen!U18 -> 0.035578946 | AK32: =Gemini!U18 -> 0.033434836 | AL32: =Hollandse_Noord!U18 -> 0.034199995 | AM32: =Dieppe!U18 -> 0.039554848 | AN32: ='Moray Firth'!U18 -> 0.034019729 | AO32: =Kriegers!U18 -> 0.037610505 | AP32: ='East Anglia One'!U18 -> #DIV/0!
C34: #DIV/0! | D34: 0.054315788 | E34: 0.052434719 | F34: 0.049170981 | G34: 0.055652688 | H34: 0.053908487 | I34: 0.055484661 | J34: 0.063569404 | K34: #DIV/0! | L34: 0.043326313 | M34: 0.042875137 | N34: 0.040618168 | O34: 0.045700855 | P34: 0.043443666 | Q34: 0.043568579 | R34: 0.041540576 | S34: #DIV/0! | T34: 0.039559209 | U34: 0.036666585 | V34: 0.038132141 | W34: 0.041761154 | X34: 0.037895313 | Y34: 0.04095502 | Z34: 0.038656948 | AA34: #DIV/0! | AB34: 0.036995531 | AC34: 0.035346873 | AD34: 0.036614091 | AE34: 0.040771621 | AF34: 0.036131693 | AG34: 0.039533164 | AH34: 0.034778793 | AI34: #DIV/0! | AJ34: 0.036111551 | AK34: 0.03369576 | AL34: 0.035087501 | AM34: 0.038759229 | AN34: 0.035033124 | AO34: 0.037398737 | AP34: 0.034361115

Sheet Horns Rev
B3: 17513 | C3: hours | D3: 461 | E3: removed
A4: Horns Rev
A5: 761.3
A7: Average | D7: 0.1 | H7: 0.2 | L7: 0.3 | P7: 0.4 | T7: 0.5
B8: Clusters | C8: Test Points | D8: MAE | E8: As Capacity | F8: R-Squared | G8: Test Points | H8: MAE | I8: As Capacity | J8: R-Squared | K8: Test Points | L8: MAE | M8: As Capacity | N8: R-Squared | O8: Test Points | P8: MAE | Q8: As Capacity | R8: R-Squared | S8: Test Points | T8: MAE | U8: As Capacity | V8: R-Squared
B9: 0 | C9: =AVERAGE(C26,C42,C58) -> 1433.3333 | D9: =AVERAGE(D26,D42,D58) -> 42.533333 | E9: =AVERAGE(E26,E42,E58) -> 0.055869346 | F9: =AVERAGE(F26,F42,F58) -> 0.774 | G9: =AVERAGE(G26,G42,G58) -> 1291.6667 | H9: =AVERAGE(H26,H42,H58) -> 35.633333 | I9: =AVERAGE(I26,I42,I58) -> 0.046805902 | J9: =AVERAGE(J26,J42,J58) -> 0.83733333 | ... V9: =AVERAGE(V26,V42,V58) -> 0.8945
B10: 1 | C10: =AVERAGE(C27,C43,C59) -> 2201.6667 | D10: =AVERAGE(D27,D43,D59) -> 34.9 | E10: =AVERAGE(E27,E43,E59) -> 0.045842638 | F10: =AVERAGE(F27,F43,F59) -> 0.88166667 | G10: =AVERAGE(G27,G43,G59) -> 1943.3333 | H10: =AVERAGE(H27,H43,H59) -> 33 | I10: =AVERAGE(I27,I43,I59) -> 0.043346907 | J10: =AVERAGE(J27,J43,J59) -> 0.884 | ... V10: =AVERAGE(V27,V43,V59) -> 0.89
B11: 2 | C11: =AVERAGE(C28,C44,C60) -> 1498.3333 | D11: =AVERAGE(D28,D44,D60) -> 44.433333 | E11: =AVERAGE(E28,E44,E60) -> 0.058365077 | F11: =AVERAGE(F28,F44,F60) -> 0.95 | G11: =AVERAGE(G28,G44,G60) -> 1351.6667 | H11: =AVERAGE(H28,H44,H60) -> 30.566667 | I11: =AVERAGE(I28,I44,I60) -> 0.04015062 | J11: =AVERAGE(J28,J44,J60) -> 0.975 | ... V11: =AVERAGE(V28,V44,V60) -> 0.9825
B12: 3 | C12: =AVERAGE(C29,C45,C61) -> 1871.6667 | D12: =AVERAGE(D29,D45,D61) -> 40.9 | E12: =AVERAGE(E29,E45,E61) -> 0.053723893 | F12: =AVERAGE(F29,F45,F61) -> 0.902 | G12: =AVERAGE(G29,G45,G61) -> 1698.3333 | H12: =AVERAGE(H29,H45,H61) -> 35.766667 | I12: =AVERAGE(I29,I45,I61) -> 0.046981041 | J12: =AVERAGE(J29,J45,J61) -> 0.92933333 | ... V12: =AVERAGE(V29,V45,V61) -> 0.942
B13: 4 | C13: =AVERAGE(C30,C46,C62) -> 2335 | D13: =AVERAGE(D30,D46,D62) -> 41.2 | E13: =AVERAGE(E30,E46,E62) -> 0.054117956 | F13: =AVERAGE(F30,F46,F62) -> 0.952 | G13: =AVERAGE(G30,G46,G62) -> 2098.3333 | H13: =AVERAGE(H30,H46,H62) -> 32.9 | I13: =AVERAGE(I30,I46,I62) -> 0.043215552 | J13: =AVERAGE(J30,J46,J62) -> 0.96833333 | ... V13: =AVERAGE(V30,V46,V62) -> 0.976
B14: 5 | C14: =AVERAGE(C31,C47,C63) -> 1321.6667 | D14: =AVERAGE(D31,D47,D63) -> 40.8 | E14: =AVERAGE(E31,E47,E63) -> 0.053592539 | F14: =AVERAGE(F31,F47,F63) -> 0.918 | G14: =AVERAGE(G31,G47,G63) -> 1118.3333 | H14: =AVERAGE(H31,H47,H63) -> 31.5 | I14: =AVERAGE(I31,I47,I63) -> 0.041376593 | J14: =AVERAGE(J31,J47,J63) -> 0.94633333 | ... V14: =AVERAGE(V31,V47,V63) -> 0.959
B15: 6 | C15: =AVERAGE(C32,C48,C64) -> 1505 | D15: =AVERAGE(D32,D48,D64) -> 50.3 | E15: =AVERAGE(E32,E48,E64) -> 0.066071194 | F15: =AVERAGE(F32,F48,F64) -> 0.94 | G15: =AVERAGE(G32,G48,G64) -> 1320 | H15: =AVERAGE(H32,H48,H64) -> 33.6 | I15: =AVERAGE(I32,I48,I64) -> 0.044135032 | J15: =AVERAGE(J32,J48,J64) -> 0.97033333 | ... V15: =AVERAGE(V32,V48,V64) -> 0.9725
B16: 7 | C16: =AVERAGE(C33,C49,C65) -> 963.33333 | D16: =AVERAGE(D33,D49,D65) -> 47.933333 | E16: =AVERAGE(E33,E49,E65) -> 0.062962476 | F16: =AVERAGE(F33,F49,F65) -> 0.88566667 | G16: =AVERAGE(G33,G49,G65) -> 848.33333 | H16: =AVERAGE(H33,H49,H65) -> 34.3 | I16: =AVERAGE(I33,I49,I65) -> 0.045054512 | J16: =AVERAGE(J33,J49,J65) -> 0.94233333 | ... V16: =AVERAGE(V33,V49,V65) -> 0.9615
B18: Average | D18: =AVERAGE(D35,D51,D67) -> 42.117365 | E18: =AVERAGE(E35,E51,E67) -> 0.055322954 | F18: =AVERAGE(F35,F51,F67) -> #DIV/0! | G18: =AVERAGE(G35,G51,G67) -> #DIV/0! | H18: =AVERAGE(H35,H51,H67) -> 33.42325 | I18: =AVERAGE(I35,I51,I67) -> 0.043902864 | J18: =AVERAGE(J35,J51,J67) -> #DIV/0! | K18: =AVERAGE(K35,K51,K67) -> #DIV/0! | ... V18: =AVERAGE(V35,V51,V67) -> #DIV/0!
C20: =SUM(C9:C16) -> 13130 | G20: =SUM(G9:G16) -> 11670 | K20: =SUM(K9:K16) -> 10210 | O20: =SUM(O9:O16) -> 8755 | S20: =SUM(S9:S16) -> 7295
C21: =C20/($B$3-$D$3) -> 0.76999765 | G21: =G20/($B$3-$D$3) -> 0.6843772
A24: Seed - 42 | D24: 0.1 | H24: 0.2 | L24: 0.3 | P24: 0.4 | T24: 0.5
B25: Clusters | C25: Test Points | D25: MAE | E25: As Capacity | F25: R-Squared | G25: Test Points | H25: MAE | I25: As Capacity | J25: R-Squared | K25: Test Points | L25: MAE | M25: As Capacity | N25: R-Squared | O25: Test Points | P25: MAE | Q25: As Capacity | R25: R-Squared | S25: Test Points | T25: MAE | U25: As Capacity | V25: R-Squared
B26: 0 | C26: 1520 | D26: 41.9 | E26: =D26/$A$5 -> 0.055037436 | F26: 0.786 | G26: 1365 | H26: 36.2 | I26: =H26/$A$5 -> 0.047550243 | J26: 0.854 | K26: 1340 | L26: 33.9 | M26: =L26/$A$5 -> 0.044529095 | N26: 0.89 | O26: 1185 | P26: 31.7 | Q26: =P26/$A$5 -> 0.041639301 | R26: 0.898 | S26: 1015 | T26: 31.5 | U26: =T26/$A$5 -> 0.041376593
B27: 1 | C27: 2105 | D27: 34.4 | E27: =D27/$A$5 -> 0.045185866 | F27: 0.87 | G27: 1880 | H27: 32.6 | I27: =H27/$A$5 -> 0.04282149 | J27: 0.873 | K27: 1570 | L27: 29.6 | M27: =L27/$A$5 -> 0.038880862 | N27: 0.875 | O27: 1315 | P27: 29.6 | Q27: =P27/$A$5 -> 0.038880862 | R27: 0.865 | S27: 1070 | T27: 30.7 | U27: =T27/$A$5 -> 0.040325759
B28: 2 | C28: 1470 | D28: 50 | E28: =D28/$A$5 -> 0.065677131 | F28: 0.94 | G28: 1335 | H28: 30.5 | I28: =H28/$A$5 -> 0.04006305 | J28: 0.976 | K28: 1150 | L28: 26.5 | M28: =L28/$A$5 -> 0.03480888 | N28: 0.981 | O28: 1015 | P28: 24.7 | Q28: =P28/$A$5 -> 0.032444503 | R28: 0.983 | S28: 805 | T28: 23.7 | U28: =T28/$A$5 -> 0.03113096
B29: 3 | C29: 1960 | D29: 38.2 | E29: =D29/$A$5 -> 0.050177328 | F29: 0.916 | G29: 1715 | H29: 32.7 | I29: =H29/$A$5 -> 0.042952844 | J29: 0.939 | K29: 1465 | L29: 30.6 | M29: =L29/$A$5 -> 0.040194404 | N29: 0.943 | O29: 1195 | P29: 30.4 | Q29: =P29/$A$5 -> 0.039931696 | R29: 0.94 | S29: 995 | T29: 31.1 | U29: =T29/$A$5 -> 0.040851176
B30: 4 | C30: 2350 | D30: 41.6 | E30: =D30/$A$5 -> 0.054643373 | F30: 0.952 | G30: 2085 | H30: 33.1 | I30: =H30/$A$5 -> 0.043478261 | J30: 0.967 | K30: 1805 | L30: 27.5 | M30: =L30/$A$5 -> 0.036122422 | N30: 0.976 | O30: 1565 | P30: 28.6 | Q30: =P30/$A$5 -> 0.037567319 | R30: 0.974 | S30: 1345 | T30: 28.1 | U30: =T30/$A$5 -> 0.036910548
B31: 5 | C31: 1315 | D31: 44.7 | E31: =D31/$A$5 -> 0.058715355 | F31: 0.896 | G31: 1145 | H31: 33.8 | I31: =H31/$A$5 -> 0.044397741 | J31: 0.938 | K31: 1005 | L31: 30.9 | M31: =L31/$A$5 -> 0.040588467 | N31: 0.947 | O31: 900 | P31: 29 | Q31: =P31/$A$5 -> 0.038092736 | R31: 0.955 | S31: 730 | T31: 27.3 | U31: =T31/$A$5 -> 0.035859714
B32: 6 | C32: 1460 | D32: 43.3 | E32: =D32/$A$5 -> 0.056876396 | F32: 0.951 | G32: 1310 | H32: 33.1 | I32: =H32/$A$5 -> 0.043478261 | J32: 0.972 | K32: 1125 | L32: 32.2 | M32: =L32/$A$5 -> 0.042296073 | N32: 0.975 | O32: 950 | P32: 29.5 | Q32: =P32/$A$5 -> 0.038749507 | R32: 0.979 | S32: 815 | T32: 28.2 | U32: =T32/$A$5 -> 0.037041902
B33: 7 | C33: 950 | D33: 46.1 | E33: =D33/$A$5 -> 0.060554315 | F33: 0.893 | G33: 835 | H33: 33.2 | I33: =H33/$A$5 -> 0.043609615 | J33: 0.947 | K33: 750 | L33: 29.8 | M33: =L33/$A$5 -> 0.03914357 | N33: 0.953 | O33: 630 | P33: 30.2 | Q33: =P33/$A$5 -> 0.039668987 | R33: 0.954 | S33: 520 | T33: 31.2 | U33: =T33/$A$5 -> 0.04098253
B35: Average | D35: =SUMPRODUCT(C26:C33,D26:D33)/SUM(C26:C33) -> 41.738423 | E35: =SUMPRODUCT(C26:C33,E26:E33)/SUM(C26:C33) -> 0.054825198 | H35: =SUMPRODUCT(G26:G33,H26:H33)/SUM(G26:G33) -> 33.101671 | I35: =SUMPRODUCT(G26:G33,I26:I33)/SUM(G26:G33) -> 0.043480456 | L35: =SUMPRODUCT(K26:K33,L26:L33)/SUM(K26:K33) -> 30.016552 | M35: =SUMPRODUCT(K26:K33,M26:M33)/SUM(K26:K33) -> 0.039428021 | P35: =SUMPRODUCT(O26:O33,P26:P33)/SUM(O26:O33) -> 29.217247 | Q35: =SUMPRODUCT(O26:O33,Q26:Q33)/SUM(O26:O33) -> 0.0383781 | T35: =SUMPRODUCT(S26:S33,T26:T33)/SUM(S26:S33) -> 29.030158 | U35: =SUMPRODUCT(S26:S33,U26:U33)/SUM(S26:S33) -> 0.038132349
E36: 5.84 | I36: 4.63 | M36: 4.14 | Q36: 4 | U36: 3.83
C37: =SUM(C26:C33) -> 13130 | G37: =SUM(G26:G33) -> 11670 | K37: =SUM(K26:K33) -> 10210 | O37: =SUM(O26:O33) -> 8755 | S37: =SUM(S26:S33) -> 7295
A40: Seed - 63 | D40: 0.1 | H40: 0.2 | L40: 0.3 | P40: 0.4 | T40: 0.5
B41: Clusters | C41: Test Points | D41: MAE | E41: As Capacity | F41: R-Squared | G41: Test Points | H41: MAE | I41: As Capacity | J41: R-Squared | K41: Test Points | L41: MAE | M41: As Capacity | N41: R-Squared | O41: Test Points | P41: MAE | Q41: As Capacity | R41: R-Squared | S41: Test Points | T41: MAE | U41: As Capacity | V41: R-Squared
B42: 0 | C42: 1445 | D42: 37.8 | E42: =D42/$A$5 -> 0.049651911 | F42: 0.8 | G42: 1295 | H42: 36.7 | I42: =H42/$A$5 -> 0.048207014 | J42: 0.822 | K42: 1100 | L42: 30.9 | M42: =L42/$A$5 -> 0.040588467 | N42: 0.868 | O42: 985 | P42: 30.4 | Q42: =P42/$A$5 -> 0.039931696 | R42: 0.872 | S42: 890 | T42: 30.4 | U42: =T42/$A$5 -> 0.039931696 | V42: 0.89
B43: 1 | C43: 2230 | D43: 35.1 | E43: =D43/$A$5 -> 0.046105346 | F43: 0.884 | G43: 1980 | H43: 31.3 | I43: =H43/$A$5 -> 0.041113884 | J43: 0.898 | K43: 1720 | L43: 30.1 | M43: =L43/$A$5 -> 0.039537633 | N43: 0.908 | O43: 1450 | P43: 31.4 | Q43: =P43/$A$5 -> 0.041245238 | R43: 0.898 | S43: 1115 | T43: 27.7 | U43: =T43/$A$5 -> 0.036385131 | V43: 0.907
B44: 2 | C44: 1460 | D44: 37.9 | E44: =D44/$A$5 -> 0.049783265 | F44: 0.964 | G44: 1350 | H44: 29.1 | I44: =H44/$A$5 -> 0.03822409 | J44: 0.976 | K44: 1220 | L44: 25.9 | M44: =L44/$A$5 -> 0.034020754 | N44: 0.98 | O44: 1070 | P44: 26.1 | Q44: =P44/$A$5 -> 0.034283462 | R44: 0.98 | S44: 875 | T44: 25.6 | U44: =T44/$A$5 -> 0.033626691 | V44: 0.98
B45: 3 | C45: 1875 | D45: 40.6 | E45: =D45/$A$5 -> 0.053329831 | F45: 0.909 | G45: 1665 | H45: 35.8 | I45: =H45/$A$5 -> 0.047024826 | J45: 0.925 | K45: 1465 | L45: 36.9 | M45: =L45/$A$5 -> 0.048469723 | N45: 0.923 | O45: 1190 | P45: 31.8 | Q45: =P45/$A$5 -> 0.041770655 | R45: 0.942 | S45: 950 | T45: 31.1 | U45: =T45/$A$5 -> 0.040851176 | V45: 0.943
B46: 4 | C46: 2360 | D46: 37.1 | E46: =D46/$A$5 -> 0.048732431 | F46: 0.96 | G46: 2090 | H46: 31.4 | I46: =H46/$A$5 -> 0.041245238 | J46: 0.971 | K46: 1800 | L46: 29.3 | M46: =L46/$A$5 -> 0.038486799 | N46: 0.973 | O46: 1560 | P46: 28.2 | Q46: =P46/$A$5 -> 0.037041902 | R46: 0.975 | S46: 1345 | T46: 28.2 | U46: =T46/$A$5 -> 0.037041902 | V46: 0.975
B47: 5 | C47: 1340 | D47: 43.1 | E47: =D47/$A$5 -> 0.056613687 | F47: 0.921 | G47: 1090 | H47: 28.1 | I47: =H47/$A$5 -> 0.036910548 | J47: 0.951 | K47: 935 | L47: 29.6 | M47: =L47/$A$5 -> 0.038880862 | N47: 0.942 | O47: 795 | P47: 27.2 | Q47: =P47/$A$5 -> 0.035728359 | R47: 0.948 | S47: 720 | T47: 28.9 | U47: =T47/$A$5 -> 0.037961382 | V47: 0.958
B48: 6 | C48: 1465 | D48: 47.4 | E48: =D48/$A$5 -> 0.06226192 | F48: 0.948 | G48: 1335 | H48: 31 | I48: =H48/$A$5 -> 0.040719821 | J48: 0.971 | K48: 1220 | L48: 29.7 | M48: =L48/$A$5 -> 0.039012216 | N48: 0.974 | O48: 1040 | P48: 30.6 | Q48: =P48/$A$5 -> 0.040194404 | R48: 0.973 | S48: 830 | T48: 31.1 | U48: =T48/$A$5 -> 0.040851176 | V48: 0.972
B49: 7 | C49: 955 | D49: 49.8 | E49: =D49/$A$5 -> 0.065414423 | F49: 0.882 | G49: 865 | H49: 33.5 | I49: =H49/$A$5 -> 0.044003678 | J49: 0.942 | K49: 750 | L49: 29.2 | M49: =L49/$A$5 -> 0.038355445 | N49: 0.955 | O49: 665 | P49: 26.6 | Q49: =P49/$A$5 -> 0.034940234 | R49: 0.958 | S49: 570 | T49: 26.3 | U49: =T49/$A$5 -> 0.034546171 | V49: 0.963
B51: Average | D51: =SUMPRODUCT(C42:C49,D42:D49)/SUM(C42:C49) -> 40.111424 | E51: =SUMPRODUCT(C42:C49,E42:E49)/SUM(C42:C49) -> 0.052688065 | H51: =SUMPRODUCT(G42:G49,H42:H49)/SUM(G42:G49) -> 32.134533 | I51: =SUMPRODUCT(G42:G49,I42:I49)/SUM(G42:G49) -> 0.042210079 | L51: =SUMPRODUCT(K42:K49,L42:L49)/SUM(K42:K49) -> 30.359305 | M51: =SUMPRODUCT(K42:K49,M42:M49)/SUM(K42:K49) -> 0.039878241 | P51: =SUMPRODUCT(O42:O49,P42:P49)/SUM(O42:O49) -> 29.282924 | Q51: =SUMPRODUCT(O42:O49,Q42:Q49)/SUM(O42:O49) -> 0.038464369 | T51: =SUMPRODUCT(S42:S49,T42:T49)/SUM(S42:S49) -> 28.708362 | U51: =SUMPRODUCT(S42:S49,U42:U49)/SUM(S42:S49) -> 0.037709657
I52: 4.61 | M52: 4.15 | Q52: 4.02 | U52: 3.83
C53: =SUM(C42:C49) -> 13130 | G53: =SUM(G42:G49) -> 11670 | K53: =SUM(K42:K49) -> 10210 | O53: =SUM(O42:O49) -> 8755 | S53: =SUM(S42:S49) -> 7295
A56: Seed - 84 | D56: 0.1 | H56: 0.2 | L56: 0.3 | P56: 0.4 | T56: 0.5
B57: Clusters | C57: Test Points | D57: MAE | E57: As Capacity | F57: R-Squared | G57: Test Points | H57: MAE | I57: As Capacity | J57: R-Squared | K57: Test Points | L57: MAE | M57: As Capacity | N57: R-Squared | O57: Test Points | P57: MAE | Q57: As Capacity | R57: R-Squared | S57: Test Points | T57: MAE | U57: As Capacity | V57: R-Squared
B58: 0 | C58: 1335 | D58: 47.9 | E58: =D58/$A$5 -> 0.062918692 | F58: 0.736 | G58: 1215 | H58: 34 | I58: =H58/$A$5 -> 0.044660449 | J58: 0.836 | K58: 1265 | L58: 35.3 | M58: =L58/$A$5 -> 0.046368055 | N58: 0.865 | O58: 1155 | P58: 33.6 | Q58: =P58/$A$5 -> 0.044135032 | R58: 0.895 | S58: 970 | T58: 32.4 | U58: =T58/$A$5 -> 0.042558781 | V58: 0.899
B59: 1 | C59: 2270 | D59: 35.2 | E59: =D59/$A$5 -> 0.0462367 | F59: 0.891 | G59: 1970 | H59: 35.1 | I59: =H59/$A$5 -> 0.046105346 | J59: 0.881 | K59: 1640 | L59: 28.8 | M59: =L59/$A$5 -> 0.037830028 | N59: 0.898 | O59: 1340 | P59: 28.3 | Q59: =P59/$A$5 -> 0.037173256 | R59: 0.88 | S59: 1110 | T59: 28.3 | U59: =T59/$A$5 -> 0.037173256 | V59: 0.873
B60: 2 | C60: 1565 | D60: 45.4 | E60: =D60/$A$5 -> 0.059634835 | F60: 0.946 | G60: 1370 | H60: 32.1 | I60: =H60/$A$5 -> 0.042164718 | J60: 0.973 | K60: 1175 | L60: 26.1 | M60: =L60/$A$5 -> 0.034283462 | N60: 0.981 | O60: 955 | P60: 26 | Q60: =P60/$A$5 -> 0.034152108 | R60: 0.983 | S60: 805 | T60: 24 | U60: =T60/$A$5 -> 0.031525023 | V60: 0.985
B61: 3 | C61: 1780 | D61: 43.9 | E61: =D61/$A$5 -> 0.057664521 | F61: 0.881 | G61: 1715 | H61: 38.8 | I61: =H61/$A$5 -> 0.050965454 | J61: 0.924 | K61: 1480 | L61: 33.5 | M61: =L61/$A$5 -> 0.044003678 | N61: 0.931 | O61: 1250 | P61: 30.9 | Q61: =P61/$A$5 -> 0.040588467 | R61: 0.936 | S61: 1095 | T61: 29.9 | U61: =T61/$A$5 -> 0.039274924 | V61: 0.941
B62: 4 | C62: 2295 | D62: 44.9 | E62: =D62/$A$5 -> 0.058978064 | F62: 0.944 | G62: 2120 | H62: 34.2 | I62: =H62/$A$5 -> 0.044923158 | J62: 0.967 | K62: 1785 | L62: 30.8 | M62: =L62/$A$5 -> 0.040457113 | N62: 0.973 | O62: 1605 | P62: 28 | Q62: =P62/$A$5 -> 0.036779193 | R62: 0.975 | S62: 1290 | T62: 27.6 | U62: =T62/$A$5 -> 0.036253776 | V62: 0.977
B63: 5 | C63: 1310 | D63: 34.6 | E63: =D63/$A$5 -> 0.045448575 | F63: 0.937 | G63: 1120 | H63: 32.6 | I63: =H63/$A$5 -> 0.04282149 | J63: 0.95 | K63: 1005 | L63: 32.1 | M63: =L63/$A$5 -> 0.042164718 | N63: 0.949 | O63: 950 | P63: 29.9 | Q63: =P63/$A$5 -> 0.039274924 | R63: 0.961 | S63: 805 | T63: 30.4 | U63: =T63/$A$5 -> 0.039931696 | V63: 0.96
B64: 6 | C64: 1590 | D64: 60.2 | E64: =D64/$A$5 -> 0.079075266 | F64: 0.921 | G64: 1315 | H64: 36.7 | I64: =H64/$A$5 -> 0.048207014 | J64: 0.968 | K64: 1125 | L64: 35.1 | M64: =L64/$A$5 -> 0.046105346 | N64: 0.967 | O64: 900 | P64: 33.4 | Q64: =P64/$A$5 -> 0.043872324 | R64: 0.969 | S64: 730 | T64: 30.5 | U64: =T64/$A$5 -> 0.04006305 | V64: 0.973
B65: 7 | C65: 985 | D65: 47.9 | E65: =D65/$A$5 -> 0.062918692 | F65: 0.882 | G65: 845 | H65: 36.2 | I65: =H65/$A$5 -> 0.047550243 | J65: 0.938 | K65: 735 | L65: 29.6 | M65: =L65/$A$5 -> 0.038880862 | N65: 0.956 | O65: 600 | P65: 31.2 | Q65: =P65/$A$5 -> 0.04098253 | R65: 0.965 | S65: 490 | T65: 29.2 | U65: =T65/$A$5 -> 0.038355445 | V65: 0.96
B67: Average | D67: =SUMPRODUCT(C58:C65,D58:D65)/SUM(C58:C65) -> 44.502247 | E67: =SUMPRODUCT(C58:C65,E58:E65)/SUM(C58:C65) -> 0.058455598 | H67: =SUMPRODUCT(G58:G65,H58:H65)/SUM(G58:G65) -> 35.033548 | I67: =SUMPRODUCT(G58:G65,I58:I65)/SUM(G58:G65) -> 0.046018058 | L67: =SUMPRODUCT(K58:K65,L58:L65)/SUM(K58:K65) -> 31.402155 | M67: =SUMPRODUCT(K58:K65,M58:M65)/SUM(K58:K65) -> 0.041248069 | P67: =SUMPRODUCT(O58:O65,P58:P65)/SUM(O58:O65) -> 29.961165 | Q67: =SUMPRODUCT(O58:O65,Q58:Q65)/SUM(O58:O65) -> 0.039355267 | T67: =SUMPRODUCT(S58:S65,T58:T65)/SUM(S58:S65) -> 28.999383 | U67: =SUMPRODUCT(S58:S65,U58:U65)/SUM(S58:S65) -> 0.038091926
E68: 5.87 | I68: 4.62 | M68: 4.14 | Q68: 4 | U68: 3.82
C69: =SUM(C58:C65) -> 13130 | G69: =SUM(G58:G65) -> 11670 | K69: =SUM(K58:K65) -> 10210 | O69: =SUM(O58:O65) -> 8755 | S69: =SUM(S58:S65) -> 7295

Sheet Seagreen
B3: 17508 | C3: hours | D3: 412 | E3: removed
A4: Seagreen
A5: 1040
A7: Seed - 84 | D7: 0.1 | H7: 0.2 | L7: 0.3 | P7: 0.4 | T7: 0.5
B8: Clusters | C8: Test Points | D8: MAE | E8: As Capacity | F8: R-Squared | G8: Test Points | H8: MAE | I8: As Capacity | J8: R-Squared | K8: Test Points | L8: MAE | M8: As Capacity | N8: R-Squared | O8: Test Points | P8: MAE | Q8: As Capacity | R8: R-Squared | S8: Test Points | T8: MAE | U8: As Capacity | V8: R-Squared
B9: 0 | C9: =AVERAGE(C26,C41,C57) -> 1605 | D9: =AVERAGE(D26,D41,D57) -> 52.633333 | E9: =AVERAGE(E26,E41,E57) -> 0.050608974 | F9: =AVERAGE(F26,F41,F57) -> 0.794 | G9: =AVERAGE(G26,G41,G57) -> 1608.3333 | H9: =AVERAGE(H26,H41,H57) -> 44.6 | I9: =AVERAGE(I26,I41,I57) -> 0.042884615 | J9: =AVERAGE(J26,J41,J57) -> 0.881 | ... V9: =AVERAGE(V26,V41,V57) -> 0.912
B10: 1 | C10: =AVERAGE(C27,C42,C58) -> 3140 | D10: =AVERAGE(D27,D42,D58) -> 42.3 | E10: =AVERAGE(E27,E42,E58) -> 0.040673077 | F10: =AVERAGE(F27,F42,F58) -> 0.915 | G10: =AVERAGE(G27,G42,G58) -> 2601.6667 | H10: =AVERAGE(H27,H42,H58) -> 36.266667 | I10: =AVERAGE(I27,I42,I58) -> 0.034871795 | J10: =AVERAGE(J27,J42,J58) -> 0.92433333 | ... V10: =AVERAGE(V27,V42,V58) -> 0.93833333
B11: 2 | C11: =AVERAGE(C28,C43,C59) -> 876.66667 | D11: =AVERAGE(D28,D43,D59) -> 75.2 | E11: =AVERAGE(E28,E43,E59) -> 0.072307692 | F11: =AVERAGE(F28,F43,F59) -> 0.92166667 | G11: =AVERAGE(G28,G43,G59) -> 748.33333 | H11: =AVERAGE(H28,H43,H59) -> 53 | I11: =AVERAGE(I28,I43,I59) -> 0.050961538 | J11: =AVERAGE(J28,J43,J59) -> 0.95766667 | ... V11: =AVERAGE(V28,V43,V59) -> 0.974
B12: 3 | C12: =AVERAGE(C29,C44,C60) -> 2733.3333 | D12: =AVERAGE(D29,D44,D60) -> 54.6 | E12: =AVERAGE(E29,E44,E60) -> 0.0525 | F12: =AVERAGE(F29,F44,F60) -> 0.92733333 | G12: =AVERAGE(G29,G44,G60) -> 2363.3333 | H12: =AVERAGE(H29,H44,H60) -> 44.6 | I12: =AVERAGE(I29,I44,I60) -> 0.042884615 | J12: =AVERAGE(J29,J44,J60) -> 0.947 | ... V12: =AVERAGE(V29,V44,V60) -> 0.95766667
B13: 4 | C13: =AVERAGE(C30,C45,C61) -> 1673.3333 | D13: =AVERAGE(D30,D45,D61) -> 52.866667 | E13: =AVERAGE(E30,E45,E61) -> 0.050833333 | F13: =AVERAGE(F30,F45,F61) -> 0.95666667 | G13: =AVERAGE(G30,G45,G61) -> 1516.6667 | H13: =AVERAGE(H30,H45,H61) -> 44.9 | I13: =AVERAGE(I30,I45,I61) -> 0.043173077 | J13: =AVERAGE(J30,J45,J61) -> 0.96766667 | ... V13: =AVERAGE(V30,V45,V61) -> 0.97866667
B14: 5 | C14: =AVERAGE(C31,C46,C62) -> 1106.6667 | D14: =AVERAGE(D31,D46,D62) -> 71.333333 | E14: =AVERAGE(E31,E46,E62) -> 0.068589744 | F14: =AVERAGE(F31,F46,F62) -> 0.82266667 | G14: =AVERAGE(G31,G46,G62) -> 1020 | H14: =AVERAGE(H31,H46,H62) -> 45.933333 | I14: =AVERAGE(I31,I46,I62) -> 0.044166667 | J14: =AVERAGE(J31,J46,J62) -> 0.92333333 | ... V14: =AVERAGE(V31,V46,V62) -> 0.946
B15: 6 | C15: =AVERAGE(C32,C47,C63) -> 925 | D15: =AVERAGE(D32,D47,D63) -> 107.6 | E15: =AVERAGE(E32,E47,E63) -> 0.10346154 | F15: =AVERAGE(F32,F47,F63) -> 0.80066667 | G15: =AVERAGE(G32,G47,G63) -> 806.66667 | H15: =AVERAGE(H32,H47,H63) -> 56.766667 | I15: =AVERAGE(I32,I47,I63) -> 0.054583333 | J15: =AVERAGE(J32,J47,J63) -> 0.948 | ... V15: =AVERAGE(V32,V47,V63) -> 0.964
B16: 7 | C16: =AVERAGE(C33,C48,C64) -> 1065 | D16: =AVERAGE(D33,D48,D64) -> 55.633333 | E16: =AVERAGE(E33,E48,E64) -> 0.05349359 | F16: =AVERAGE(F33,F48,F64) -> 0.945 | G16: =AVERAGE(G33,G48,G64) -> 1000 | H16: =AVERAGE(H33,H48,H64) -> 43 | I16: =AVERAGE(I33,I48,I64) -> 0.041346154 | J16: =AVERAGE(J33,J48,J64) -> 0.96533333 | ... V16: =AVERAGE(V33,V48,V64) -> 0.97833333
B18: Average | D18: =AVERAGE(D35,D50,D66) -> 57.972432 | E18: =AVERAGE(E35,E50,E66) -> 0.055742723 | F18: =AVERAGE(F35,F50,F66) -> #DIV/0! | H18: =AVERAGE(H35,H50,H66) -> 44.137648 | I18: =AVERAGE(I35,I50,I66) -> 0.042440046 | J18: =AVERAGE(J35,J50,J66) -> #DIV/0! | L18: =AVERAGE(L35,L50,L66) -> 40.742801 | M18: =AVERAGE(M35,M50,M66) -> 0.03917577 | N18: =AVERAGE(N35,N50,N66) -> #DIV/0! | P18: =AVERAGE(P35,P50,P66) -> 38.671962 | Q18: =AVERAGE(Q35,Q50,Q66) -> 0.037184579 | R18: =AVERAGE(R35,R50,R66) -> #DIV/0! | T18: =AVERAGE(T35,T50,T66) -> 37.002103 | U18: =AVERAGE(U35,U50,U66) -> 0.035578946 | V18: =AVERAGE(V35,V50,V66) -> #DIV/0!
A24: Seed - 42 | D24: 0.1 | H24: 0.2 | L24: 0.3 | P24: 0.4 | T24: 0.5
B25: Clusters | C25: Test Points | D25: MAE | E25: As Capacity | F25: R-Squared | G25: Test Points | H25: MAE | I25: As Capacity | J25: R-Squared | K25: Test Points | L25: MAE | M25: As Capacity | N25: R-Squared | O25: Test Points | P25: MAE | Q25: As Capacity | R25: R-Squared | S25: Test Points | T25: MAE | U25: As Capacity | V25: R-Squared
B26: 0 | C26: 1430 | D26: 47 | E26: =D26/$A$5 -> 0.045192308 | F26: 0.829 | G26: 1555 | H26: 45.5 | I26: =H26/$A$5 -> 0.04375 | J26: 0.873 | K26: 1430 | L26: 43.4 | M26: =L26/$A$5 -> 0.041730769 | N26: 0.896 | O26: 1195 | P26: 41.2 | Q26: =P26/$A$5 -> 0.039615385 | R26: 0.901 | S26: 1015 | T26: 39.4 | U26: =T26/$A$5 -> 0.037884615 | V26: 0.91
B27: 1 | C27: 3200 | D27: 40.5 | E27: =D27/$A$5 -> 0.038942308 | F27: 0.932 | G27: 2665 | H27: 35.2 | I27: =H27/$A$5 -> 0.033846154 | J27: 0.929 | K27: 2275 | L27: 33.7 | M27: =L27/$A$5 -> 0.032403846 | N27: 0.925 | O27: 1955 | P27: 33.7 | Q27: =P27/$A$5 -> 0.032403846 | R27: 0.935 | S27: 1580 | T27: 31.8 | U27: =T27/$A$5 -> 0.030576923 | V27: 0.942
B28: 2 | C28: 895 | D28: 74.7 | E28: =D28/$A$5 -> 0.071826923 | F28: 0.919 | G28: 750 | H28: 51.8 | I28: =H28/$A$5 -> 0.049807692 | J28: 0.964 | K28: 645 | L28: 46 | M28: =L28/$A$5 -> 0.044230769 | N28: 0.968 | O28: 560 | P28: 39.3 | Q28: =P28/$A$5 -> 0.037788462 | R28: 0.976 | S28: 470 | T28: 39.6 | U28: =T28/$A$5 -> 0.038076923 | V28: 0.974
B29: 3 | C29: 2625 | D29: 50.4 | E29: =D29/$A$5 -> 0.048461538 | F29: 0.935 | G29: 2375 | H29: 42.9 | I29: =H29/$A$5 -> 0.04125 | J29: 0.949 | K29: 2020 | L29: 40.1 | M29: =L29/$A$5 -> 0.038557692 | N29: 0.952 | O29: 1685 | P29: 39.4 | Q29: =P29/$A$5 -> 0.037884615 | R29: 0.956 | S29: 1435 | T29: 38.1 | U29: =T29/$A$5 -> 0.036634615 | V29: 0.958
B30: 4 | C30: 1660 | D30: 62.3 | E30: =D30/$A$5 -> 0.059903846 | F30: 0.94 | G30: 1530 | H30: 50.5 | I30: =H30/$A$5 -> 0.048557692 | J30: 0.959 | K30: 1345 | L30: 47.3 | M30: =L30/$A$5 -> 0.045480769 | N30: 0.963 | O30: 1180 | P30: 39.9 | Q30: =P30/$A$5 -> 0.038365385 | R30: 0.974 | S30: 1020 | T30: 36.2 | U30: =T30/$A$5 -> 0.034807692 | V30: 0.978
B31: 5 | C31: 1210 | D31: 82.2 | E31: =D31/$A$5 -> 0.079038462 | F31: 0.809 | G31: 1005 | H31: 45.4 | I31: =H31/$A$5 -> 0.043653846 | J31: 0.931 | K31: 900 | L31: 45.7 | M31: =L31/$A$5 -> 0.043942308 | N31: 0.936 | O31: 805 | P31: 39.7 | Q31: =P31/$A$5 -> 0.038173077 | R31: 0.947 | S31: 650 | T31: 37.1 | U31: =T31/$A$5 -> 0.035673077 | V31: 0.945
B32: 6 | C32: 1020 | D32: 119 | E32: =D32/$A$5 -> 0.11442308 | F32: 0.824 | G32: 790 | H32: 54.1 | I32: =H32/$A$5 -> 0.052019231 | J32: 0.952 | K32: 705 | L32: 49.7 | M32: =L32/$A$5 -> 0.047788462 | N32: 0.96 | O32: 600 | P32: 45.2 | Q32: =P32/$A$5 -> 0.043461538 | R32: 0.967 | S32: 475 | T32: 45.4 | U32: =T32/$A$5 -> 0.043653846 | V32: 0.968
B33: 7 | C33: 1085 | D33: 52.6 | E33: =D33/$A$5 -> 0.050576923 | F33: 0.952 | G33: 995 | H33: 42 | I33: =H33/$A$5 -> 0.040384615 | J33: 0.966 | K33: 890 | L33: 41 | M33: =L33/$A$5 -> 0.039423077 | N33: 0.969 | O33: 770 | P33: 37.1 | Q33: =P33/$A$5 -> 0.035673077 | R33: 0.976 | S33: 645 | T33: 34.5 | U33: =T33/$A$5 -> 0.033173077 | V33: 0.979
B35: Average | D35: =SUMPRODUCT(C26:C33,D26:D33)/SUM(C26:C33) -> 59.222667 | E35: =SUMPRODUCT(C26:C33,E26:E33)/SUM(C26:C33) -> 0.056944872 | H35: =SUMPRODUCT(G26:G33,H26:H33)/SUM(G26:G33) -> 43.953622 | I35: =SUMPRODUCT(G26:G33,I26:I33)/SUM(G26:G33) -> 0.042263098 | L35: =SUMPRODUCT(K26:K33,L26:L33)/SUM(K26:K33) -> 41.692311 | M35: =SUMPRODUCT(K26:K33,M26:M33)/SUM(K26:K33) -> 0.040088761 | P35: =SUMPRODUCT(O26:O33,P26:P33)/SUM(O26:O33) -> 38.656229 | Q35: =SUMPRODUCT(O26:O33,Q26:Q33)/SUM(O26:O33) -> 0.037169451 | T35: =SUMPRODUCT(S26:S33,T26:T33)/SUM(S26:S33) -> 36.814403 | U35: =SUMPRODUCT(S26:S33,U26:U33)/SUM(S26:S33) -> 0.035398465
E36: 5.42 | I36: 4.13 | M36: 3.96 | Q36: 3.69 | U36: 3.61
C37: =SUM(C26:C33) -> 13125 | G37: =SUM(G26:G33) -> 11665 | K37: =SUM(K26:K33) -> 10210 | O37: =SUM(O26:O33) -> 8750 | S37: =SUM(S26:S33) -> 7290
A39: Seed - 63 | D39: 0.1 | H39: 0.2 | L39: 0.3 | P39: 0.4 | T39: 0.5
B40: Clusters | C40: Test Points | D40: MAE | E40: As Capacity | F40: R-Squared | G40: Test Points | H40: MAE | I40: As Capacity | J40: R-Squared | K40: Test Points | L40: MAE | M40: As Capacity | N40: R-Squared | O40: Test Points | P40: MAE | Q40: As Capacity | R40: R-Squared | S40: Test Points | T40: MAE | U40: As Capacity | V40: R-Squared
B41: 0 | C41: 1790 | D41: 59 | E41: =D41/$A$5 -> 0.056730769 | F41: 0.8 | G41: 1745 | H41: 43.2 | I41: =H41/$A$5 -> 0.041538462 | J41: 0.897 | K41: 1410 | L41: 40.2 | M41: =L41/$A$5 -> 0.038653846 | N41: 0.901 | O41: 1235 | P41: 40.6 | Q41: =P41/$A$5 -> 0.039038462 | R41: 0.903 | S41: 1030 | T41: 38.5 | U41: =T41/$A$5 -> 0.037019231 | V41: 0.91
B42: 1 | C42: 3105 | D42: 41.7 | E42: =D42/$A$5 -> 0.040096154 | F42: 0.896 | G42: 2510 | H42: 34.4 | I42: =H42/$A$5 -> 0.033076923 | J42: 0.922 | K42: 2290 | L42: 34.4 | M42: =L42/$A$5 -> 0.033076923 | N42: 0.933 | O42: 1855 | P42: 32.5 | Q42: =P42/$A$5 -> 0.03125 | R42: 0.935 | S42: 1545 | T42: 31.9 | U42: =T42/$A$5 -> 0.030673077 | V42: 0.93
B43: 2 | C43: 845 | D43: 75.8 | E43: =D43/$A$5 -> 0.072884615 | F43: 0.914 | G43: 715 | H43: 61.4 | I43: =H43/$A$5 -> 0.059038462 | J43: 0.939 | K43: 655 | L43: 48.2 | M43: =L43/$A$5 -> 0.046346154 | N43: 0.966 | O43: 570 | P43: 39.9 | Q43: =P43/$A$5 -> 0.038365385 | R43: 0.975 | S43: 485 | T43: 39.6 | U43: =T43/$A$5 -> 0.038076923 | V43: 0.975
B44: 3 | C44: 2605 | D44: 52 | E44: =D44/$A$5 -> 0.05 | F44: 0.935 | G44: 2425 | H44: 44.5 | I44: =H44/$A$5 -> 0.042788462 | J44: 0.949 | K44: 2075 | L44: 45 | M44: =L44/$A$5 -> 0.043269231 | N44: 0.947 | O44: 1820 | P44: 41.9 | Q44: =P44/$A$5 -> 0.040288462 | R44: 0.957 | S44: 1505 | T44: 39.6 | U44: =T44/$A$5 -> 0.038076923 | V44: 0.957
B45: 4 | C45: 1685 | D45: 41.4 | E45: =D45/$A$5 -> 0.039807692 | F45: 0.975 | G45: 1510 | H45: 43.2 | I45: =H45/$A$5 -> 0.041538462 | J45: 0.973 | K45: 1290 | L45: 39.6 | M45: =L45/$A$5 -> 0.038076923 | N45: 0.978 | O45: 1130 | P45: 41.8 | Q45: =P45/$A$5 -> 0.040192308 | R45: 0.976 | S45: 945 | T45: 35.4 | U45: =T45/$A$5 -> 0.034038462 | V45: 0.98
B46: 5 | C46: 1130 | D46: 67 | E46: =D46/$A$5 -> 0.064423077 | F46: 0.846 | G46: 975 | H46: 48.9 | I46: =H46/$A$5 -> 0.047019231 | J46: 0.905 | K46: 935 | L46: 43.5 | M46: =L46/$A$5 -> 0.041826923 | N46: 0.932 | O46: 775 | P46: 38.9 | Q46: =P46/$A$5 -> 0.037403846 | R46: 0.945 | S46: 655 | T46: 39.8 | U46: =T46/$A$5 -> 0.038269231 | V46: 0.945
B47: 6 | C47: 920 | D47: 91.3 | E47: =D47/$A$5 -> 0.087788462 | F47: 0.889 | G47: 835 | H47: 60.9 | I47: =H47/$A$5 -> 0.058557692 | J47: 0.941 | K47: 730 | L47: 53.4 | M47: =L47/$A$5 -> 0.051346154 | N47: 0.959 | O47: 635 | P47: 53.8 | Q47: =P47/$A$5 -> 0.051730769 | R47: 0.957 | S47: 510 | T47: 47.2 | U47: =T47/$A$5 -> 0.045384615 | V47: 0.967
B48: 7 | C48: 1045 | D48: 52.2 | E48: =D48/$A$5 -> 0.050192308 | F48: 0.954 | G48: 950 | H48: 37.3 | I48: =H48/$A$5 -> 0.035865385 | J48: 0.974 | K48: 825 | L48: 36.2 | M48: =L48/$A$5 -> 0.034807692 | N48: 0.975 | O48: 730 | P48: 35.1 | Q48: =P48/$A$5 -> 0.03375 | R48: 0.976 | S48: 615 | T48: 33.1 | U48: =T48/$A$5 -> 0.031826923 | V48: 0.978
B50: Average | D50: =SUMPRODUCT(C41:C48,D41:D48)/SUM(C41:C48) -> 54.751505 | E50: =SUMPRODUCT(C41:C48,E41:E48)/SUM(C41:C48) -> 0.052645678 | H50: =SUMPRODUCT(G41:G48,H41:H48)/SUM(G41:G48) -> 43.955208 | I50: =SUMPRODUCT(G41:G48,I41:I48)/SUM(G41:G48) -> 0.042264623 | L50: =SUMPRODUCT(K41:K48,L41:L48)/SUM(K41:K48) -> 41.234819 | M50: =SUMPRODUCT(K41:K48,M41:M48)/SUM(K41:K48) -> 0.039648864 | P50: =SUMPRODUCT(O41:O48,P41:P48)/SUM(O41:O48) -> 39.611086 | Q50: =SUMPRODUCT(O41:O48,Q41:Q48)/SUM(O41:O48) -> 0.038087582 | T50: =SUMPRODUCT(S41:S48,T41:T48)/SUM(S41:S48) -> 37.269547 | U50: =SUMPRODUCT(S41:S48,U41:U48)/SUM(S41:S48) -> 0.035836103
E51: 5.44 | I51: 4.45 | M51: 3.96 | Q51: 3.7 | U51: 3.62
C52: =SUM(C41:C48) -> 13125 | G52: =SUM(G41:G48) -> 11665 | K52: =SUM(K41:K48) -> 10210 | O52: =SUM(O41:O48) -> 8750 | S52: =SUM(S41:S48) -> 7290
A55: Seed - 84 | D55: 0.1 | H55: 0.2 | L55: 0.3 | P55: 0.4 | T55: 0.5
B56: Clusters | C56: Test Points | D56: MAE | E56: As Capacity | F56: R-Squared | G56: Test Points | H56: MAE | I56: As Capacity | J56: R-Squared | K56: Test Points | L56: MAE | M56: As Capacity | N56: R-Squared | O56: Test Points | P56: MAE | Q56: As Capacity | R56: R-Squared | S56: Test Points | T56: MAE | U56: As Capacity | V56: R-Squared
B57: 0 | C57: 1595 | D57: 51.9 | E57: =D57/$A$5 -> 0.049903846 | F57: 0.753 | G57: 1525 | H57: 45.1 | I57: =H57/$A$5 -> 0.043365385 | J57: 0.873 | K57: 1275 | L57: 38 | M57: =L57/$A$5 -> 0.036538462 | N57: 0.91 | O57: 1100 | P57: 36.5 | Q57: =P57/$A$5 -> 0.035096154 | R57: 0.913 | S57: 920 | T57: 36.4 | U57: =T57/$A$5 -> 0.035 | V57: 0.916
B58: 1 | C58: 3115 | D58: 44.7 | E58: =D58/$A$5 -> 0.042980769 | F58: 0.917 | G58: 2630 | H58: 39.2 | I58: =H58/$A$5 -> 0.037692308 | J58: 0.922 | K58: 2370 | L58: 34.3 | M58: =L58/$A$5 -> 0.032980769 | N58: 0.938 | O58: 2050 | P58: 33.5 | Q58: =P58/$A$5 -> 0.032211538 | R58: 0.94 | S58: 1710 | T58: 32 | U58: =T58/$A$5 -> 0.030769231 | V58: 0.943
B59: 2 | C59: 890 | D59: 75.1 | E59: =D59/$A$5 -> 0.072211538 | F59: 0.932 | G59: 780 | H59: 45.8 | I59: =H59/$A$5 -> 0.044038462 | J59: 0.97 | K59: 690 | L59: 40.9 | M59: =L59/$A$5 -> 0.039326923 | N59: 0.976 | O59: 565 | P59: 37.9 | Q59: =P59/$A$5 -> 0.036442308 | R59: 0.977 | S59: 480 | T59: 40.8 | U59: =T59/$A$5 -> 0.039230769 | V59: 0.973
B60: 3 | C60: 2970 | D60: 61.4 | E60: =D60/$A$5 -> 0.059038462 | F60: 0.912 | G60: 2290 | H60: 46.4 | I60: =H60/$A$5 -> 0.044615385 | J60: 0.943 | K60: 1970 | L60: 42.4 | M60: =L60/$A$5 -> 0.040769231 | N60: 0.951 | O60: 1715 | P60: 41.3 | Q60: =P60/$A$5 -> 0.039711538 | R60: 0.954 | S60: 1455 | T60: 39.7 | U60: =T60/$A$5 -> 0.038173077 | V60: 0.958
B61: 4 | C61: 1675 | D61: 54.9 | E61: =D61/$A$5 -> 0.052788462 | F61: 0.955 | G61: 1510 | H61: 41 | I61: =H61/$A$5 -> 0.039423077 | J61: 0.971 | K61: 1315 | L61: 37.1 | M61: =L61/$A$5 -> 0.035673077 | N61: 0.975 | O61: 1115 | P61: 36.5 | Q61: =P61/$A$5 -> 0.035096154 | R61: 0.976 | S61: 875 | T61: 35.4 | U61: =T61/$A$5 -> 0.034038462 | V61: 0.978
B62: 5 | C62: 980 | D62: 64.8 | E62: =D62/$A$5 -> 0.062307692 | F62: 0.813 | G62: 1080 | H62: 43.5 | I62: =H62/$A$5 -> 0.041826923 | J62: 0.934 | K62: 945 | L62: 42.1 | M62: =L62/$A$5 -> 0.040480769 | N62: 0.94 | O62: 805 | P62: 38.9 | Q62: =P62/$A$5 -> 0.037403846 | R62: 0.944 | S62: 650 | T62: 38.2 | U62: =T62/$A$5 -> 0.036730769 | V62: 0.948
B63: 6 | C63: 835 | D63: 112.5 | E63: =D63/$A$5 -> 0.10817308 | F63: 0.689 | G63: 795 | H63: 55.3 | I63: =H63/$A$5 -> 0.053173077 | J63: 0.951 | K63: 705 | L63: 51.8 | M63: =L63/$A$5 -> 0.049807692 | N63: 0.957 | O63: 600 | P63: 50.7 | Q63: =P63/$A$5 -> 0.04875 | R63: 0.957 | S63: 515 | T63: 47.2 | U63: =T63/$A$5 -> 0.045384615 | V63: 0.957
B64: 7 | C64: 1065 | D64: 62.1 | E64: =D64/$A$5 -> 0.059711538 | F64: 0.929 | G64: 1055 | H64: 49.7 | I64: =H64/$A$5 -> 0.047788462 | J64: 0.956 | K64: 940 | L64: 36.9 | M64: =L64/$A$5 -> 0.035480769 | N64: 0.975 | O64: 800 | P64: 33.5 | Q64: =P64/$A$5 -> 0.032211538 | R64: 0.978 | S64: 685 | T64: 34.3 | U64: =T64/$A$5 -> 0.032980769 | V64: 0.978
B66: Average | D66: =SUMPRODUCT(C57:C64,D57:D64)/SUM(C57:C64) -> 59.943124 | E66: =SUMPRODUCT(C57:C64,E57:E64)/SUM(C57:C64) -> 0.057637619 | H66: =SUMPRODUCT(G57:G64,H57:H64)/SUM(G57:G64) -> 44.504115 | I66: =SUMPRODUCT(G57:G64,I57:I64)/SUM(G57:G64) -> 0.042792418 | L66: =SUMPRODUCT(K57:K64,L57:L64)/SUM(K57:K64) -> 39.301273 | M66: =SUMPRODUCT(K57:K64,M57:M64)/SUM(K57:K64) -> 0.037789686 | P66: =SUMPRODUCT(O57:O64,P57:P64)/SUM(O57:O64) -> 37.748571 | Q66: =SUMPRODUCT(O57:O64,Q57:Q64)/SUM(O57:O64) -> 0.036296703 | T66: =SUMPRODUCT(S57:S64,T57:T64)/SUM(S57:S64) -> 36.922359 | U66: =SUMPRODUCT(S57:S64,U57:U64)/SUM(S57:S64) -> 0.035502269
E67: 5.43 | I67: 4.42 | M67: 3.95 | Q67: 3.71 | U67: 3.6
C68: =SUM(C57:C64) -> 13125 | G68: =SUM(G57:G64) -> 11665 | K68: =SUM(K57:K64) -> 10210 | O68: =SUM(O57:O64) -> 8750 | S68: =SUM(S57:S64) -> 7290

Sheet Gemini
B3: 17516 | C3: hours | D3: 86 | E3: removed
A4: Gemini
A5: 600
D7: 0.1 | H7: 0.2 | L7: 0.3 | P7: 0.4 | T7: 0.5
B8: Clusters | C8: Test Points | D8: MAE | E8: As Capacity | F8: R-Squared | G8: Test Points | H8: MAE | I8: As Capacity | J8: R-Squared | K8: Test Points | L8: MAE | M8: As Capacity | N8: R-Squared | O8: Test Points | P8: MAE | Q8: As Capacity | R8: R-Squared | S8: Test Points | T8: MAE | U8: As Capacity | V8: R-Squared
B9: 0 | C9: =AVERAGE(C26,C42,C58) -> 1430 | D9: =AVERAGE(D26,D42,D58) -> 42.9 | E9: =AVERAGE(E26,E42,E58) -> 0.0715 | F9: =AVERAGE(F26,F42,F58) -> 0.85833333 | G9: =AVERAGE(G26,G42,G58) -> 1271.6667 | H9: =AVERAGE(H26,H42,H58) -> 34.966667 | I9: =AVERAGE(I26,I42,I58) -> 0.058277778 | J9: =AVERAGE(J26,J42,J58) -> 0.90366667 | ... V9: =AVERAGE(V26,V42,V58) -> 0.92566667
B10: 1 | C10: =AVERAGE(C27,C43,C59) -> 2583.3333 | D10: =AVERAGE(D27,D43,D59) -> 13.166667 | E10: =AVERAGE(E27,E43,E59) -> 0.021944444 | F10: =AVERAGE(F27,F43,F59) -> 0.82166667 | G10: =AVERAGE(G27,G43,G59) -> 2323.3333 | H10: =AVERAGE(H27,H43,H59) -> 11.366667 | I10: =AVERAGE(I27,I43,I59) -> 0.018944444 | J10: =AVERAGE(J27,J43,J59) -> 0.858 | ... V10: =AVERAGE(V27,V43,V59) -> 0.85133333
B11: 2 | C11: =AVERAGE(C28,C44,C60) -> 1465 | D11: =AVERAGE(D28,D44,D60) -> 30.866667 | E11: =AVERAGE(E28,E44,E60) -> 0.051444444 | F11: =AVERAGE(F28,F44,F60) -> 0.894 | G11: =AVERAGE(G28,G44,G60) -> 1291.6667 | H11: =AVERAGE(H28,H44,H60) -> 20.266667 | I11: =AVERAGE(I28,I44,I60) -> 0.033777778 | J11: =AVERAGE(J28,J44,J60) -> 0.95866667 | ... V11: =AVERAGE(V28,V44,V60) -> 0.97366667
B12: 3 | C12: =AVERAGE(C29,C45,C61) -> 1938.3333 | D12: =AVERAGE(D29,D45,D61) -> 22.733333 | E12: =AVERAGE(E29,E45,E61) -> 0.037888889 | F12: =AVERAGE(F29,F45,F61) -> 0.83066667 | G12: =AVERAGE(G29,G45,G61) -> 1736.6667 | H12: =AVERAGE(H29,H45,H61) -> 19.266667 | I12: =AVERAGE(I29,I45,I61) -> 0.032111111 | J12: =AVERAGE(J29,J45,J61) -> 0.885 | ... V12: =AVERAGE(V29,V45,V61) -> 0.908
B13: 4 | C13: =AVERAGE(C30,C46,C62) -> 2268.3333 | D13: =AVERAGE(D30,D46,D62) -> 28.633333 | E13: =AVERAGE(E30,E46,E62) -> 0.047722222 | F13: =AVERAGE(F30,F46,F62) -> 0.95133333 | G13: =AVERAGE(G30,G46,G62) -> 2003.3333 | H13: =AVERAGE(H30,H46,H62) -> 24.833333 | I13: =AVERAGE(I30,I46,I62) -> 0.041388889 | J13: =AVERAGE(J30,J46,J62) -> 0.96333333 | ... V13: =AVERAGE(V30,V46,V62) -> 0.97633333
B14: 5 | C14: =AVERAGE(C31,C47,C63) -> 1091.6667 | D14: =AVERAGE(D31,D47,D63) -> 47.433333 | E14: =AVERAGE(E31,E47,E63) -> 0.079055556 | F14: =AVERAGE(F31,F47,F63) -> 0.88166667 | G14: =AVERAGE(G31,G47,G63) -> 970 | H14: =AVERAGE(H31,H47,H63) -> 36.5 | I14: =AVERAGE(I31,I47,I63) -> 0.060833333 | J14: =AVERAGE(J31,J47,J63) -> 0.931 | ... V14: =AVERAGE(V31,V47,V63) -> 0.95933333
B15: 6 | C15: =AVERAGE(C32,C48,C64) -> 1303.3333 | D15: =AVERAGE(D32,D48,D64) -> 45.666667 | E15: =AVERAGE(E32,E48,E64) -> 0.076111111 | F15: =AVERAGE(F32,F48,F64) -> 0.90766667 | G15: =AVERAGE(G32,G48,G64) -> 1148.3333 | H15: =AVERAGE(H32,H48,H64) -> 30.466667 | I15: =AVERAGE(I32,I48,I64) -> 0.050777778 | J15: =AVERAGE(J32,J48,J64) -> 0.95533333 | ... V15: =AVERAGE(V32,V48,V64) -> 0.97166667
B16: 7 | C16: =AVERAGE(C33,C49,C65) -> 1030 | D16: =AVERAGE(D33,D49,D65) -> 43.433333 | E16: =AVERAGE(E33,E49,E65) -> 0.072388889 | F16: =AVERAGE(F33,F49,F65) -> 0.909 | G16: =AVERAGE(G33,G49,G65) -> 910 | H16: =AVERAGE(H33,H49,H65) -> 34.566667 | I16: =AVERAGE(I33,I49,I65) -> 0.057611111 | J16: =AVERAGE(J33,J49,J65) -> 0.93666667 | ... V16: =AVERAGE(V33,V49,V65) -> 0.95966667
B18: Average | D18: =AVERAGE(D35,D51,D67) -> 30.936105 | E18: =AVERAGE(E35,E51,E67) -> 0.051560175 | F18: =AVERAGE(F35,F51,F67) -> #DIV/0! | H18: =AVERAGE(H35,H51,H67) -> 24.208952 | I18: =AVERAGE(I35,I51,I67) -> 0.040348253 | J18: =AVERAGE(J35,J51,J67) -> #DIV/0! | L18: =AVERAGE(L35,L51,L67) -> 22.075637 | M18: =AVERAGE(M35,M51,M67) -> 0.036792729 | N18: =AVERAGE(N35,N51,N67) -> #DIV/0! | P18: =AVERAGE(P35,P51,P67) -> 20.631159 | Q18: =AVERAGE(Q35,Q51,Q67) -> 0.034385266 | R18: =AVERAGE(R35,R51,R67) -> #DIV/0! | T18: =AVERAGE(T35,T51,T67) -> 20.060901 | U18: =AVERAGE(U35,U51,U67) -> 0.033434836 | V18: =AVERAGE(V35,V51,V67) -> #DIV/0!
C20: =SUM(C9:C16) -> 13110 | D20: =SUM(C15:C16) / SUM(C9:C16) -> 0.17798118 | G20: =SUM(G9:G16) -> 11655 | K20: =SUM(K9:K16) -> 10200 | O20: =SUM(O9:O16) -> 8740 | S20: =SUM(S9:S16) -> 7285
C21: =C20/($B$3-$D$3) -> 0.75215146 | G21: =G20/($B$3-$D$3) -> 0.6686747
A24: Seed - 42 | D24: 0.1 | H24: 0.2 | L24: 0.3 | P24: 0.4 | T24: 0.5
B25: Clusters | C25: Test Points | D25: MAE | E25: As Capacity | F25: R-Squared | G25: Test Points | H25: MAE | I25: As Capacity | J25: R-Squared | K25: Test Points | L25: MAE | M25: As Capacity | N25: R-Squared | O25: Test Points | P25: MAE | Q25: As Capacity | R25: R-Squared | S25: Test Points | T25: MAE | U25: As Capacity | V25: R-Squared
B26: 0 | C26: 1315 | D26: 37.4 | E26: =D26/$A$5 -> 0.062333333 | F26: 0.884 | G26: 1190 | H26: 34.6 | I26: =H26/$A$5 -> 0.057666667 | J26: 0.905 | K26: 1090 | L26: 32.6 | M26: =L26/$A$5 -> 0.054333333 | N26: 0.917 | O26: 1040 | P26: 31.8 | Q26: =P26/$A$5 -> 0.053 | R26: 0.921 | S26: 865 | T26: 31 | U26: =T26/$A$5 -> 0.051666667 | V26: 0.927
B27: 1 | C27: 2695 | D27: 13.8 | E27: =D27/$A$5 -> 0.023 | F27: 0.855 | G27: 2435 | H27: 11.8 | I27: =H27/$A$5 -> 0.019666667 | J27: 0.886 | K27: 2085 | L27: 11.5 | M27: =L27/$A$5 -> 0.019166667 | N27: 0.885 | O27: 1700 | P27: 10.1 | Q27: =P27/$A$5 -> 0.016833333 | R27: 0.846 | S27: 1380 | T27: 10.7 | U27: =T27/$A$5 -> 0.017833333 | V27: 0.826
B28: 2 | C28: 1510 | D28: 29.3 | E28: =D28/$A$5 -> 0.048833333 | F28: 0.914 | G28: 1325 | H28: 21 | I28: =H28/$A$5 -> 0.035 | J28: 0.958 | K28: 1140 | L28: 15.5 | M28: =L28/$A$5 -> 0.025833333 | N28: 0.977 | O28: 1015 | P28: 15.9 | Q28: =P28/$A$5 -> 0.0265 | R28: 0.977 | S28: 825 | T28: 16.3 | U28: =T28/$A$5 -> 0.027166667 | V28: 0.973
B29: 3 | C29: 1910 | D29: 23 | E29: =D29/$A$5 -> 0.038333333 | F29: 0.83 | G29: 1680 | H29: 19 | I29: =H29/$A$5 -> 0.031666667 | J29: 0.883 | K29: 1470 | L29: 18.1 | M29: =L29/$A$5 -> 0.030166667 | N29: 0.906 | O29: 1265 | P29: 16.9 | Q29: =P29/$A$5 -> 0.028166667 | R29: 0.91 | S29: 1045 | T29: 15.8 | U29: =T29/$A$5 -> 0.026333333 | V29: 0.92
B30: 4 | C30: 2270 | D30: 28.9 | E30: =D30/$A$5 -> 0.048166667 | F30: 0.95 | G30: 2020 | H30: 25.4 | I30: =H30/$A$5 -> 0.042333333 | J30: 0.962 | K30: 1740 | L30: 21.7 | M30: =L30/$A$5 -> 0.036166667 | N30: 0.97 | O30: 1440 | P30: 20.3 | Q30: =P30/$A$5 -> 0.033833333 | R30: 0.973 | S30: 1220 | T30: 20.4 | U30: =T30/$A$5 -> 0.034 | V30: 0.974
B31: 5 | C31: 1055 | D31: 58.4 | E31: =D31/$A$5 -> 0.097333333 | F31: 0.839 | G31: 945 | H31: 39.7 | I31: =H31/$A$5 -> 0.066166667 | J31: 0.925 | K31: 845 | L31: 33.3 | M31: =L31/$A$5 -> 0.0555 | N31: 0.943 | O31: 745 | P31: 28 | Q31: =P31/$A$5 -> 0.046666667 | R31: 0.96 | S31: 640 | T31: 26.5 | U31: =T31/$A$5 -> 0.044166667 | V31: 0.966
B32: 6 | C32: 1310 | D32: 35.2 | E32: =D32/$A$5 -> 0.058666667 | F32: 0.944 | G32: 1150 | H32: 31.1 | I32: =H32/$A$5 -> 0.051833333 | J32: 0.949 | K32: 1010 | L32: 25.5 | M32: =L32/$A$5 -> 0.0425 | N32: 0.967 | O32: 850 | P32: 25.5 | Q32: =P32/$A$5 -> 0.0425 | R32: 0.965 | S32: 715 | T32: 25 | U32: =T32/$A$5 -> 0.041666667 | V32: 0.967
B33: 7 | C33: 1045 | D33: 39.5 | E33: =D33/$A$5 -> 0.065833333 | F33: 0.926 | G33: 910 | H33: 34.3 | I33: =H33/$A$5 -> 0.057166667 | J33: 0.938 | K33: 820 | L33: 34.2 | M33: =L33/$A$5 -> 0.057 | N33: 0.943 | O33: 685 | P33: 29.9 | Q33: =P33/$A$5 -> 0.049833333 | R33: 0.955 | S33: 595 | T33: 26.8 | U33: =T33/$A$5 -> 0.044666667 | V33: 0.961
B35: Average | D35: =SUMPRODUCT(C26:C33,D26:D33)/SUM(C26:C33) -> 29.68341 | E35: =SUMPRODUCT(C26:C33,E26:E33)/SUM(C26:C33) -> 0.049472349 | H35: =SUMPRODUCT(G26:G33,H26:H33)/SUM(G26:G33) -> 24.492021 | I35: =SUMPRODUCT(G26:G33,I26:I33)/SUM(G26:G33) -> 0.040820034 | L35: =SUMPRODUCT(K26:K33,L26:L33)/SUM(K26:K33) -> 21.910196 | M35: =SUMPRODUCT(K26:K33,M26:M33)/SUM(K26:K33) -> 0.036516993 | P35: =SUMPRODUCT(O26:O33,P26:P33)/SUM(O26:O33) -> 20.595824 | Q35: =SUMPRODUCT(O26:O33,Q26:Q33)/SUM(O26:O33) -> 0.034326373 | T35: =SUMPRODUCT(S26:S33,T26:T33)/SUM(S26:S33) -> 20.207069 | U35: =SUMPRODUCT(S26:S33,U26:U33)/SUM(S26:S33) -> 0.033678449
E36: 5.24 | I36: 4.27 | M36: 3.66 | Q36: 3.56 | U36: 3.36
C37: =SUM(C26:C33) -> 13110 | G37: =SUM(G26:G33) -> 11655 | K37: =SUM(K26:K33) -> 10200 | O37: =SUM(O26:O33) -> 8740 | S37: =SUM(S26:S33) -> 7285
A40: Seed - 63 | D40: 0.1 | H40: 0.2 | L40: 0.3 | P40: 0.4 | T40: 0.5
B41: Clusters | C41: Test Points | D41: MAE | E41: As Capacity | F41: R-Squared | G41: Test Points | H41: MAE | I41: As Capacity | J41: R-Squared | K41: Test Points | L41: MAE | M41: As Capacity | N41: R-Squared | O41: Test Points | P41: MAE | Q41: As Capacity | R41: R-Squared | S41: Test Points | T41: MAE | U41: As Capacity | V41: R-Squared
B42: 0 | C42: 1540 | D42: 46.6 | E42: =D42/$A$5 -> 0.077666667 | F42: 0.845 | G42: 1350 | H42: 35.5 | I42: =H42/$A$5 -> 0.059166667 | J42: 0.903 | K42: 1110 | L42: 30.6 | M42: =L42/$A$5 -> 0.051 | N42: 0.926 | O42: 880 | P42: 30.4 | Q42: =P42/$A$5 -> 0.050666667 | R42: 0.926 | S42: 720 | T42: 30.8 | U42: =T42/$A$5 -> 0.051333333 | V42: 0.931
B43: 1 | C43: 2535 | D43: 12.9 | E43: =D43/$A$5 -> 0.0215 | F43: 0.777 | G43: 2255 | H43: 11.3 | I43: =H43/$A$5 -> 0.018833333 | J43: 0.842 | K43: 1965 | L43: 10.8 | M43: =L43/$A$5 -> 0.018 | N43: 0.851 | O43: 1660 | P43: 10.6 | Q43: =P43/$A$5 -> 0.017666667 | R43: 0.863 | S43: 1350 | T43: 11 | U43: =T43/$A$5 -> 0.018333333 | V43: 0.872
B44: 2 | C44: 1445 | D44: 25.1 | E44: =D44/$A$5 -> 0.041833333 | F44: 0.932 | G44: 1270 | H44: 20.3 | I44: =H44/$A$5 -> 0.033833333 | J44: 0.954 | K44: 1125 | L44: 21.4 | M44: =L44/$A$5 -> 0.035666667 | N44: 0.955 | O44: 985 | P44: 17.9 | Q44: =P44/$A$5 -> 0.029833333 | R44: 0.964 | S44: 845 | T44: 16.3 | U44: =T44/$A$5 -> 0.027166667 | V44: 0.969
B45: 3 | C45: 1885 | D45: 24.9 | E45: =D45/$A$5 -> 0.0415 | F45: 0.786 | G45: 1700 | H45: 19.6 | I45: =H45/$A$5 -> 0.032666667 | J45: 0.887 | K45: 1570 | L45: 19.3 | M45: =L45/$A$5 -> 0.032166667 | N45: 0.886 | O45: 1330 | P45: 18 | Q45: =P45/$A$5 -> 0.03 | R45: 0.896 | S45: 1120 | T45: 16.3 | U45: =T45/$A$5 -> 0.027166667 | V45: 0.91
B46: 4 | C46: 2250 | D46: 27.3 | E46: =D46/$A$5 -> 0.0455 | F46: 0.953 | G46: 1975 | H46: 23.6 | I46: =H46/$A$5 -> 0.039333333 | J46: 0.967 | K46: 1710 | L46: 23.1 | M46: =L46/$A$5 -> 0.0385 | N46: 0.968 | O46: 1515 | P46: 21.7 | Q46: =P46/$A$5 -> 0.036166667 | R46: 0.971 | S46: 1260 | T46: 19.9 | U46: =T46/$A$5 -> 0.033166667 | V46: 0.976
B47: 5 | C47: 1120 | D47: 39.8 | E47: =D47/$A$5 -> 0.066333333 | F47: 0.918 | G47: 975 | H47: 36.5 | I47: =H47/$A$5 -> 0.060833333 | J47: 0.927 | K47: 835 | L47: 32.7 | M47: =L47/$A$5 -> 0.0545 | N47: 0.94 | O47: 710 | P47: 29.1 | Q47: =P47/$A$5 -> 0.0485 | R47: 0.951 | S47: 635 | T47: 28.1 | U47: =T47/$A$5 -> 0.046833333 | V47: 0.954
B48: 6 | C48: 1310 | D48: 47.3 | E48: =D48/$A$5 -> 0.078833333 | F48: 0.903 | G48: 1180 | H48: 28.9 | I48: =H48/$A$5 -> 0.048166667 | J48: 0.962 | K48: 1035 | L48: 26.4 | M48: =L48/$A$5 -> 0.044 | N48: 0.97 | O48: 895 | P48: 25.4 | Q48: =P48/$A$5 -> 0.042333333 | R48: 0.971 | S48: 700 | T48: 23.6 | U48: =T48/$A$5 -> 0.039333333 | V48: 0.975
B49: 7 | C49: 1025 | D49: 44.4 | E49: =D49/$A$5 -> 0.074 | F49: 0.909 | G49: 950 | H49: 36.5 | I49: =H49/$A$5 -> 0.060833333 | J49: 0.933 | K49: 850 | L49: 29.2 | M49: =L49/$A$5 -> 0.048666667 | N49: 0.953 | O49: 765 | P49: 27.9 | Q49: =P49/$A$5 -> 0.0465 | R49: 0.958 | S49: 655 | T49: 28.6 | U49: =T49/$A$5 -> 0.047666667 | V49: 0.955
B51: Average | D51: =SUMPRODUCT(C42:C49,D42:D49)/SUM(C42:C49) -> 30.598436 | E51: =SUMPRODUCT(C42:C49,E42:E49)/SUM(C42:C49) -> 0.050997394 | H51: =SUMPRODUCT(G42:G49,H42:H49)/SUM(G42:G49) -> 24.32278 | I51: =SUMPRODUCT(G42:G49,I42:I49)/SUM(G42:G49) -> 0.040537967 | L51: =SUMPRODUCT(K42:K49,L42:L49)/SUM(K42:K49) -> 22.403284 | M51: =SUMPRODUCT(K42:K49,M42:M49)/SUM(K42:K49) -> 0.037338807 | P51: =SUMPRODUCT(O42:O49,P42:P49)/SUM(O42:O49) -> 20.999142 | Q51: =SUMPRODUCT(O42:O49,Q42:Q49)/SUM(O42:O49) -> 0.03499857 | T51: =SUMPRODUCT(S42:S49,T42:T49)/SUM(S42:S49) -> 20.209472 | U51: =SUMPRODUCT(S42:S49,U42:U49)/SUM(S42:S49) -> 0.033682453
E52: 5.23 | I52: 4.31 | M52: 3.66 | Q52: 3.54 | U52: 3.36
C53: =SUM(C42:C49) -> 13110 | G53: =SUM(G42:G49) -> 11655 | K53: =SUM(K42:K49) -> 10200 | O53: =SUM(O42:O49) -> 8740 | S53: =SUM(S42:S49) -> 7285
A56: Seed - 84 | D56: 0.1 | H56: 0.2 | L56: 0.3 | P56: 0.4 | T56: 0.5
B57: Clusters | C57: Test Points | D57: MAE | E57: As Capacity | F57: R-Squared | G57: Test Points | H57: MAE | I57: As Capacity | J57: R-Squared | K57: Test Points | L57: MAE | M57: As Capacity | N57: R-Squared | O57: Test Points | P57: MAE | Q57: As Capacity | R57: R-Squared | S57: Test Points | T57: MAE | U57: As Capacity | V57: R-Squared
B58: 0 | C58: 1435 | D58: 44.7 | E58: =D58/$A$5 -> 0.0745 | F58: 0.846 | G58: 1275 | H58: 34.8 | I58: =H58/$A$5 -> 0.058 | J58: 0.903 | K58: 1055 | L58: 31 | M58: =L58/$A$5 -> 0.051666667 | N58: 0.926 | O58: 905 | P58: 30 | Q58: =P58/$A$5 -> 0.05 | R58: 0.929 | S58: 765 | T58: 31.9 | U58: =T58/$A$5 -> 0.053166667 | V58: 0.919
B59: 1 | C59: 2520 | D59: 12.8 | E59: =D59/$A$5 -> 0.021333333 | F59: 0.833 | G59: 2280 | H59: 11 | I59: =H59/$A$5 -> 0.018333333 | J59: 0.846 | K59: 2075 | L59: 11.2 | M59: =L59/$A$5 -> 0.018666667 | N59: 0.845 | O59: 1815 | P59: 10.7 | Q59: =P59/$A$5 -> 0.017833333 | R59: 0.854 | S59: 1505 | T59: 10.5 | U59: =T59/$A$5 -> 0.0175 | V59: 0.856
B60: 2 | C60: 1440 | D60: 38.2 | E60: =D60/$A$5 -> 0.063666667 | F60: 0.836 | G60: 1280 | H60: 19.5 | I60: =H60/$A$5 -> 0.0325 | J60: 0.964 | K60: 1115 | L60: 16.4 | M60: =L60/$A$5 -> 0.027333333 | N60: 0.972 | O60: 950 | P60: 15.4 | Q60: =P60/$A$5 -> 0.025666667 | R60: 0.972 | S60: 795 | T60: 13.6 | U60: =T60/$A$5 -> 0.022666667 | V60: 0.979
B61: 3 | C61: 2020 | D61: 20.3 | E61: =D61/$A$5 -> 0.033833333 | F61: 0.876 | G61: 1830 | H61: 19.2 | I61: =H61/$A$5 -> 0.032 | J61: 0.885 | K61: 1670 | L61: 18.7 | M61: =L61/$A$5 -> 0.031166667 | N61: 0.893 | O61: 1300 | P61: 18.1 | Q61: =P61/$A$5 -> 0.030166667 | R61: 0.893 | S61: 1120 | T61: 18.8 | U61: =T61/$A$5 -> 0.031333333 | V61: 0.894
B62: 4 | C62: 2285 | D62: 29.7 | E62: =D62/$A$5 -> 0.0495 | F62: 0.951 | G62: 2015 | H62: 25.5 | I62: =H62/$A$5 -> 0.0425 | J62: 0.961 | K62: 1725 | L62: 23.3 | M62: =L62/$A$5 -> 0.038833333 | N62: 0.968 | O62: 1505 | P62: 21.7 | Q62: =P62/$A$5 -> 0.036166667 | R62: 0.972 | S62: 1225 | T62: 18.9 | U62: =T62/$A$5 -> 0.0315 | V62: 0.979
B63: 5 | C63: 1100 | D63: 44.1 | E63: =D63/$A$5 -> 0.0735 | F63: 0.888 | G63: 990 | H63: 33.3 | I63: =H63/$A$5 -> 0.0555 | J63: 0.941 | K63: 865 | L63: 32.9 | M63: =L63/$A$5 -> 0.054833333 | N63: 0.948 | O63: 740 | P63: 28.7 | Q63: =P63/$A$5 -> 0.047833333 | R63: 0.959 | S63: 625 | T63: 28.2 | U63: =T63/$A$5 -> 0.047 | V63: 0.958
B64: 6 | C64: 1290 | D64: 54.5 | E64: =D64/$A$5 -> 0.090833333 | F64: 0.876 | G64: 1115 | H64: 31.4 | I64: =H64/$A$5 -> 0.052333333 | J64: 0.955 | K64: 950 | L64: 25.5 | M64: =L64/$A$5 -> 0.0425 | N64: 0.971 | O64: 845 | P64: 22.8 | Q64: =P64/$A$5 -> 0.038 | R64: 0.974 | S64: 700 | T64: 23.2 | U64: =T64/$A$5 -> 0.038666667 | V64: 0.973
B65: 7 | C65: 1020 | D65: 46.4 | E65: =D65/$A$5 -> 0.077333333 | F65: 0.892 | G65: 870 | H65: 32.9 | I65: =H65/$A$5 -> 0.054833333 | J65: 0.939 | K65: 745 | L65: 33.8 | M65: =L65/$A$5 -> 0.056333333 | N65: 0.935 | O65: 680 | P65: 28.7 | Q65: =P65/$A$5 -> 0.047833333 | R65: 0.96 | S65: 550 | T65: 27.1 | U65: =T65/$A$5 -> 0.045166667 | V65: 0.963
B67: Average | D67: =SUMPRODUCT(C58:C65,D58:D65)/SUM(C58:C65) -> 32.526468 | E67: =SUMPRODUCT(C58:C65,E58:E65)/SUM(C58:C65) -> 0.054210781 | H67: =SUMPRODUCT(G58:G65,H58:H65)/SUM(G58:G65) -> 23.812055 | I67: =SUMPRODUCT(G58:G65,I58:I65)/SUM(G58:G65) -> 0.039686758 | L67: =SUMPRODUCT(K58:K65,L58:L65)/SUM(K58:K65) -> 21.913431 | M67: =SUMPRODUCT(K58:K65,M58:M65)/SUM(K58:K65) -> 0.036522386 | P67: =SUMPRODUCT(O58:O65,P58:P65)/SUM(O58:O65) -> 20.298513 | Q67: =SUMPRODUCT(O58:O65,Q58:Q65)/SUM(O58:O65) -> 0.033830854 | T67: =SUMPRODUCT(S58:S65,T58:T65)/SUM(S58:S65) -> 19.766163 | U67: =SUMPRODUCT(S58:S65,U58:U65)/SUM(S58:S65) -> 0.032943606
E68: 5.27 | I68: 4.28 | M68: 3.67 | Q68: 3.51 | U68: 3.39
C69: =SUM(C58:C65) -> 13110 | G69: =SUM(G58:G65) -> 11655 | K69: =SUM(K58:K65) -> 10200 | O69: =SUM(O58:O65) -> 8740 | S69: =SUM(S58:S65) -> 7285

Sheet Hollandse_Noord
B3: 17510 | C3: hours | D3: 906 | E3: removed
A4: Hollandse Noord
A5: 759
A7: Seed - 84 | D7: 0.1 | H7: 0.2 | L7: 0.3 | P7: 0.4 | T7: 0.5
B8: Clusters | C8: Test Points | D8: MAE | E8: As Capacity | F8: R-Squared | G8: Test Points | H8: MAE | I8: As Capacity | J8: R-Squared | K8: Test Points | L8: MAE | M8: As Capacity | N8: R-Squared | O8: Test Points | P8: MAE | Q8: As Capacity | R8: R-Squared | S8: Test Points | T8: MAE | U8: As Capacity | V8: R-Squared
B9: 0 | C9: =AVERAGE(C26,C42,C57) -> 1555 | D9: =AVERAGE(D26,D42,D57) -> 34.8 | E9: =AVERAGE(E26,E42,E57) -> 0.045849802 | F9: =AVERAGE(F26,F42,F57) -> 0.83233333 | G9: =AVERAGE(G26,G42,G57) -> 1371.6667 | H9: =AVERAGE(H26,H42,H57) -> 29.166667 | I9: =AVERAGE(I26,I42,I57) -> 0.038427756 | J9: =AVERAGE(J26,J42,J57) -> 0.87966667 | ... V9: =AVERAGE(V26,V42,V57) -> 0.91133333
B10: 1 | C10: =AVERAGE(C27,C43,C58) -> 2643.3333 | D10: =AVERAGE(D27,D43,D58) -> 30.966667 | E10: =AVERAGE(E27,E43,E58) -> 0.040799297 | F10: =AVERAGE(F27,F43,F58) -> 0.88966667 | G10: =AVERAGE(G27,G43,G58) -> 2350 | H10: =AVERAGE(H27,H43,H58) -> 27.333333 | I10: =AVERAGE(I27,I43,I58) -> 0.036012297 | J10: =AVERAGE(J27,J43,J58) -> 0.91166667 | ... V10: =AVERAGE(V27,V43,V58) -> 0.91633333
B11: 2 | C11: =AVERAGE(C28,C44,C59) -> 1306.6667 | D11: =AVERAGE(D28,D44,D59) -> 43.4 | E11: =AVERAGE(E28,E44,E59) -> 0.057180501 | F11: =AVERAGE(F28,F44,F59) -> 0.94666667 | G11: =AVERAGE(G28,G44,G59) -> 1176.6667 | H11: =AVERAGE(H28,H44,H59) -> 30.9 | I11: =AVERAGE(I28,I44,I59) -> 0.040711462 | J11: =AVERAGE(J28,J44,J59) -> 0.96966667 | ... V11: =AVERAGE(V28,V44,V59) -> 0.975
B12: 3 | C12: =AVERAGE(C29,C45,C60) -> 1925 | D12: =AVERAGE(D29,D45,D60) -> 39.166667 | E12: =AVERAGE(E29,E45,E60) -> 0.051602986 | F12: =AVERAGE(F29,F45,F60) -> 0.91433333 | G12: =AVERAGE(G29,G45,G60) -> 1681.6667 | H12: =AVERAGE(H29,H45,H60) -> 30.9 | I12: =AVERAGE(I29,I45,I60) -> 0.040711462 | J12: =AVERAGE(J29,J45,J60) -> 0.942 | ... V12: =AVERAGE(V29,V45,V60) -> 0.95033333
B13: 4 | C13: =AVERAGE(C30,C46,C61) -> 2205 | D13: =AVERAGE(D30,D46,D61) -> 34.7 | E13: =AVERAGE(E30,E46,E61) -> 0.04571805 | F13: =AVERAGE(F30,F46,F61) -> 0.96233333 | G13: =AVERAGE(G30,G46,G61) -> 1973.3333 | H13: =AVERAGE(H30,H46,H61) -> 30.633333 | I13: =AVERAGE(I30,I46,I61) -> 0.040360123 | J13: =AVERAGE(J30,J46,J61) -> 0.96933333 | ... V13: =AVERAGE(V30,V46,V61) -> 0.98033333
B14: 5 | C14: =AVERAGE(C31,C47,C62) -> 1011.6667 | D14: =AVERAGE(D31,D47,D62) -> 34.7 | E14: =AVERAGE(E31,E47,E62) -> 0.04571805 | F14: =AVERAGE(F31,F47,F62) -> 0.909 | G14: =AVERAGE(G31,G47,G62) -> 885 | H14: =AVERAGE(H31,H47,H62) -> 30.733333 | I14: =AVERAGE(I31,I47,I62) -> 0.040491875 | J14: =AVERAGE(J31,J47,J62) -> 0.934 | ... V14: =AVERAGE(V31,V47,V62) -> 0.94466667
B15: 6 | C15: =AVERAGE(C32,C48,C63) -> 1086.6667 | D15: =AVERAGE(D32,D48,D63) -> 58.133333 | E15: =AVERAGE(E32,E48,E63) -> 0.076592007 | F15: =AVERAGE(F32,F48,F63) -> 0.924 | G15: =AVERAGE(G32,G48,G63) -> 973.33333 | H15: =AVERAGE(H32,H48,H63) -> 44.233333 | I15: =AVERAGE(I32,I48,I63) -> 0.058278437 | J15: =AVERAGE(J32,J48,J63) -> 0.95433333 | ... V15: =AVERAGE(V32,V48,V63) -> 0.97166667
B16: 7 | C16: =AVERAGE(C33,C49,C64) -> 1391.6667 | D16: =AVERAGE(D33,D49,D64) -> 41.133333 | E16: =AVERAGE(E33,E49,E64) -> 0.054194115 | F16: =AVERAGE(F33,F49,F64) -> 0.938 | G16: =AVERAGE(G33,G49,G64) -> 1253.3333 | H16: =AVERAGE(H33,H49,H64) -> 30.566667 | I16: =AVERAGE(I33,I49,I64) -> 0.040272288 | J16: =AVERAGE(J33,J49,J64) -> 0.965 | ... V16: =AVERAGE(V33,V49,V64) -> 0.976
B18: Average | D18: =AVERAGE(D35,D51,D66) -> 38.13459 | E18: =AVERAGE(E35,E51,E66) -> 0.050243202 | F18: =AVERAGE(F35,F51,F66) -> #DIV/0! | H18: =AVERAGE(H35,H51,H66) -> 31.027975 | I18: =AVERAGE(I35,I51,I66) -> 0.040880073 | J18: =AVERAGE(J35,J51,J66) -> #DIV/0! | L18: =AVERAGE(L35,L51,L66) -> 27.91221 | M18: =AVERAGE(M35,M51,M66) -> 0.036774981 | N18: =AVERAGE(N35,N51,N66) -> #DIV/0! | P18: =AVERAGE(P35,P51,P66) -> 26.660495 | Q18: =AVERAGE(Q35,Q51,Q66) -> 0.035125817 | R18: =AVERAGE(R35,R51,R66) -> #DIV/0! | T18: =AVERAGE(T35,T51,T66) -> 25.957796 | U18: =AVERAGE(U35,U51,U66) -> 0.034199995 | V18: =AVERAGE(V35,V51,V66) -> #DIV/0!
C20: =SUM(C9:C16) -> 13125 | G20: =SUM(G9:G16) -> 11665 | K20: =SUM(K9:K16) -> 10210 | O20: =SUM(O9:O16) -> 8750 | S20: =SUM(S9:S16) -> 7290
C21: =C20/($B$3-$D$3) -> 0.79047218 | G21: =G20/($B$3-$D$3) -> 0.70254156
A24: Seed - 42 | D24: 0.1 | H24: 0.2 | L24: 0.3 | P24: 0.4 | T24: 0.5 | Y24: 0.8
B25: Clusters | C25: Test Points | D25: MAE | E25: As Capacity | F25: R-Squared | G25: Test Points | H25: MAE | I25: As Capacity | J25: R-Squared | K25: Test Points | L25: MAE | M25: As Capacity | N25: R-Squared | O25: Test Points | P25: MAE | Q25: As Capacity | R25: R-Squared | S25: Test Points | T25: MAE | U25: As Capacity | V25: R-Squared | X25: Test Points | Y25: MAE | Z25: As Capacity | AA25: R-Squared
B26: 0 | C26: 1535 | D26: 37 | E26: =D26/$A$5 -> 0.048748353 | F26: 0.827 | G26: 1375 | H26: 29.3 | I26: =H26/$A$5 -> 0.038603426 | J26: 0.888 | K26: 1220 | L26: 25.8 | M26: =L26/$A$5 -> 0.033992095 | N26: 0.908 | O26: 1085 | P26: 25.8 | Q26: =P26/$A$5 -> 0.033992095 | R26: 0.921 | S26: 935 | T26: 25.4 | U26: =T26/$A$5 -> 0.033465086 | V26: 0.916 | X26: 435 | Y26: 18.6 | Z26: =Y26/$A$5 -> 0.024505929
B27: 1 | C27: 2710 | D27: 34.3 | E27: =D27/$A$5 -> 0.045191041 | F27: 0.877 | G27: 2325 | H27: 26.5 | I27: =H27/$A$5 -> 0.034914361 | J27: 0.912 | K27: 2040 | L27: 25 | M27: =L27/$A$5 -> 0.032938076 | N27: 0.91 | O27: 1660 | P27: 24.5 | Q27: =P27/$A$5 -> 0.032279315 | R27: 0.918 | S27: 1375 | T27: 25.1 | U27: =T27/$A$5 -> 0.033069829 | V27: 0.918 | X27: 785 | Y27: 14.9 | Z27: =Y27/$A$5 -> 0.019631094
B28: 2 | C28: 1345 | D28: 51.5 | E28: =D28/$A$5 -> 0.067852437 | F28: 0.934 | G28: 1225 | H28: 32 | I28: =H28/$A$5 -> 0.042160738 | J28: 0.969 | K28: 1070 | L28: 29.5 | M28: =L28/$A$5 -> 0.03886693 | N28: 0.972 | O28: 940 | P28: 27.3 | Q28: =P28/$A$5 -> 0.035968379 | R28: 0.973 | S28: 750 | T28: 25.7 | U28: =T28/$A$5 -> 0.033860343 | V28: 0.974 | X28: 790 | Y28: 19.7 | Z28: =Y28/$A$5 -> 0.025955204
B29: 3 | C29: 1920 | D29: 41.2 | E29: =D29/$A$5 -> 0.05428195 | F29: 0.896 | G29: 1690 | H29: 31.5 | I29: =H29/$A$5 -> 0.041501976 | J29: 0.94 | K29: 1525 | L29: 30.1 | M29: =L29/$A$5 -> 0.039657444 | N29: 0.946 | O29: 1300 | P29: 30.1 | Q29: =P29/$A$5 -> 0.039657444 | R29: 0.943 | S29: 1065 | T29: 28.3 | U29: =T29/$A$5 -> 0.037285903 | V29: 0.948 | X29: 40 | Y29: 36.3 | Z29: =Y29/$A$5 -> 0.047826087
B30: 4 | C30: 2170 | D30: 33 | E30: =D30/$A$5 -> 0.043478261 | F30: 0.966 | G30: 1930 | H30: 27.9 | I30: =H30/$A$5 -> 0.036758893 | J30: 0.976 | K30: 1670 | L30: 24.8 | M30: =L30/$A$5 -> 0.032674572 | N30: 0.98 | O30: 1405 | P30: 23.8 | Q30: =P30/$A$5 -> 0.031357049 | R30: 0.981 | S30: 1180 | T30: 24 | U30: =T30/$A$5 -> 0.031620553 | V30: 0.981 | X30: 215 | Y30: 24.8 | Z30: =Y30/$A$5 -> 0.032674572
B31: 5 | C31: 1025 | D31: 34.3 | E31: =D31/$A$5 -> 0.045191041 | F31: 0.924 | G31: 915 | H31: 31.3 | I31: =H31/$A$5 -> 0.041238472 | J31: 0.937 | K31: 775 | L31: 24.9 | M31: =L31/$A$5 -> 0.032806324 | N31: 0.954 | O31: 705 | P31: 26.6 | Q31: =P31/$A$5 -> 0.035046113 | R31: 0.946 | S31: 585 | T31: 27.5 | U31: =T31/$A$5 -> 0.036231884 | V31: 0.946 | X31: 130 | Y31: 7.7 | Z31: =Y31/$A$5 -> 0.010144928
B32: 6 | C32: 1055 | D32: 64.1 | E32: =D32/$A$5 -> 0.084453228 | F32: 0.915 | G32: 975 | H32: 46.5 | I32: =H32/$A$5 -> 0.061264822 | J32: 0.951 | K32: 815 | L32: 32.9 | M32: =L32/$A$5 -> 0.043346509 | N32: 0.972 | O32: 685 | P32: 33.2 | Q32: =P32/$A$5 -> 0.043741765 | R32: 0.97 | S32: 585 | T32: 30.8 | U32: =T32/$A$5 -> 0.04057971 | V32: 0.972 | X32: 335 | Y32: 23.5 | Z32: =Y32/$A$5 -> 0.030961792
B33: 7 | C33: 1365 | D33: 34.1 | E33: =D33/$A$5 -> 0.044927536 | F33: 0.961 | G33: 1230 | H33: 31.9 | I33: =H33/$A$5 -> 0.042028986 | J33: 0.962 | K33: 1095 | L33: 28 | M33: =L33/$A$5 -> 0.036890646 | N33: 0.969 | O33: 970 | P33: 24.7 | Q33: =P33/$A$5 -> 0.032542819 | R33: 0.976 | S33: 815 | T33: 23.9 | U33: =T33/$A$5 -> 0.031488801 | V33: 0.979 | X33: 190 | Y33: 23.3 | Z33: =Y33/$A$5 -> 0.030698287
B35: Average | D35: =SUMPRODUCT(C26:C33,D26:D33)/SUM(C26:C33) -> 39.547352 | E35: =SUMPRODUCT(C26:C33,E26:E33)/SUM(C26:C33) -> 0.052104549 | H35: =SUMPRODUCT(G26:G33,H26:H33)/SUM(G26:G33) -> 30.981226 | I35: =SUMPRODUCT(G26:G33,I26:I33)/SUM(G26:G33) -> 0.040818479 | L35: =SUMPRODUCT(K26:K33,L26:L33)/SUM(K26:K33) -> 27.240989 | M35: =SUMPRODUCT(K26:K33,M26:M33)/SUM(K26:K33) -> 0.035890631 | P35: =SUMPRODUCT(O26:O33,P26:P33)/SUM(O26:O33) -> 26.554057 | Q35: =SUMPRODUCT(O26:O33,Q26:Q33)/SUM(O26:O33) -> 0.034985583 | T35: =SUMPRODUCT(S26:S33,T26:T33)/SUM(S26:S33) -> 26.005487 | U35: =SUMPRODUCT(S26:S33,U26:U33)/SUM(S26:S33) -> 0.034262829 | Y35: =AVERAGE(Y26:Y33) -> 21.1 | Z35: =SUMPRODUCT(X26:X33,Z26:Z33)/SUM(X26:X33) -> 0.025012634
E36: 4.86 | I36: 4.05 | M36: 3.81 | Q36: 3.67 | U36: 3.51
C37: =SUM(C26:C33) -> 13125 | G37: =SUM(G26:G33) -> 11665 | K37: =SUM(K26:K33) -> 10210 | O37: =SUM(O26:O33) -> 8750 | S37: =SUM(S26:S33) -> 7290
A40: Seed - 63 | D40: 0.1 | H40: 0.2 | L40: 0.3 | P40: 0.4 | T40: 0.5
B41: Clusters | C41: Test Points | D41: MAE | E41: As Capacity | F41: R-Squared | G41: Test Points | H41: MAE | I41: As Capacity | J41: R-Squared | K41: Test Points | L41: MAE | M41: As Capacity | N41: R-Squared | O41: Test Points | P41: MAE | Q41: As Capacity | R41: R-Squared | S41: Test Points | T41: MAE | U41: As Capacity | V41: R-Squared
B42: 0 | C42: 1410 | D42: 35.7 | E42: =D42/$A$5 -> 0.047035573 | F42: 0.776 | G42: 1290 | H42: 28.4 | I42: =H42/$A$5 -> 0.037417655 | J42: 0.857 | K42: 1340 | L42: 29.6 | M42: =L42/$A$5 -> 0.038998682 | N42: 0.896 | O42: 1110 | P42: 27.6 | Q42: =P42/$A$5 -> 0.036363636 | R42: 0.899 | S42: 970 | T42: 26.1 | U42: =T42/$A$5 -> 0.034387352 | V42: 0.905
B43: 1 | C43: 2805 | D43: 30.8 | E43: =D43/$A$5 -> 0.04057971 | F43: 0.911 | G43: 2485 | H43: 30 | I43: =H43/$A$5 -> 0.039525692 | J43: 0.908 | K43: 2020 | L43: 24.7 | M43: =L43/$A$5 -> 0.032542819 | N43: 0.898 | O43: 1670 | P43: 23.1 | Q43: =P43/$A$5 -> 0.030434783 | R43: 0.918 | S43: 1340 | T43: 24.1 | U43: =T43/$A$5 -> 0.031752306 | V43: 0.912
B44: 2 | C44: 1295 | D44: 42.6 | E44: =D44/$A$5 -> 0.056126482 | F44: 0.946 | G44: 1135 | H44: 32.9 | I44: =H44/$A$5 -> 0.043346509 | J44: 0.966 | K44: 1010 | L44: 29 | M44: =L44/$A$5 -> 0.038208169 | N44: 0.971 | O44: 845 | P44: 26.5 | Q44: =P44/$A$5 -> 0.034914361 | R44: 0.975 | S44: 720 | T44: 24.7 | U44: =T44/$A$5 -> 0.032542819 | V44: 0.98
B45: 3 | C45: 1880 | D45: 38.7 | E45: =D45/$A$5 -> 0.050988142 | F45: 0.919 | G45: 1655 | H45: 31 | I45: =H45/$A$5 -> 0.040843215 | J45: 0.94 | K45: 1445 | L45: 30.9 | M45: =L45/$A$5 -> 0.040711462 | N45: 0.938 | O45: 1275 | P45: 29.8 | Q45: =P45/$A$5 -> 0.039262187 | R45: 0.942 | S45: 1075 | T45: 28.1 | U45: =T45/$A$5 -> 0.037022398 | V45: 0.951
B46: 4 | C46: 2200 | D46: 38.4 | E46: =D46/$A$5 -> 0.050592885 | F46: 0.955 | G46: 1955 | H46: 34 | I46: =H46/$A$5 -> 0.044795784 | J46: 0.961 | K46: 1670 | L46: 28 | M46: =L46/$A$5 -> 0.036890646 | N46: 0.975 | O46: 1475 | P46: 25.4 | Q46: =P46/$A$5 -> 0.033465086 | R46: 0.942 | S46: 1185 | T46: 24.5 | U46: =T46/$A$5 -> 0.032279315 | V46: 0.98
B47: 5 | C47: 975 | D47: 31.3 | E47: =D47/$A$5 -> 0.041238472 | F47: 0.931 | G47: 840 | H47: 27.3 | I47: =H47/$A$5 -> 0.035968379 | J47: 0.942 | K47: 760 | L47: 27.3 | M47: =L47/$A$5 -> 0.035968379 | N47: 0.944 | O47: 650 | P47: 26.6 | Q47: =P47/$A$5 -> 0.035046113 | R47: 0.944 | S47: 565 | T47: 27.1 | U47: =T47/$A$5 -> 0.035704875 | V47: 0.941
B48: 6 | C48: 1125 | D48: 54.3 | E48: =D48/$A$5 -> 0.071541502 | F48: 0.936 | G48: 1010 | H48: 44.5 | I48: =H48/$A$5 -> 0.058629776 | J48: 0.955 | K48: 850 | L48: 39.7 | M48: =L48/$A$5 -> 0.052305665 | N48: 0.96 | O48: 745 | P48: 35.6 | Q48: =P48/$A$5 -> 0.046903821 | R48: 0.967 | S48: 620 | T48: 34.4 | U48: =T48/$A$5 -> 0.045322793 | V48: 0.97
B49: 7 | C49: 1435 | D49: 51.6 | E49: =D49/$A$5 -> 0.06798419 | F49: 0.902 | G49: 1295 | H49: 32 | I49: =H49/$A$5 -> 0.042160738 | J49: 0.963 | K49: 1115 | L49: 26.6 | M49: =L49/$A$5 -> 0.035046113 | N49: 0.972 | O49: 980 | P49: 25.5 | Q49: =P49/$A$5 -> 0.033596838 | R49: 0.975 | S49: 815 | T49: 26.1 | U49: =T49/$A$5 -> 0.034387352 | V49: 0.975
B51: Average | D51: =SUMPRODUCT(C42:C49,D42:D49)/SUM(C42:C49) -> 39.221714 | E51: =SUMPRODUCT(C42:C49,E42:E49)/SUM(C42:C49) -> 0.051675513 | H51: =SUMPRODUCT(G42:G49,H42:H49)/SUM(G42:G49) -> 32.200557 | I51: =SUMPRODUCT(G42:G49,I42:I49)/SUM(G42:G49) -> 0.042424977 | L51: =SUMPRODUCT(K42:K49,L42:L49)/SUM(K42:K49) -> 28.835504 | M51: =SUMPRODUCT(K42:K49,M42:M49)/SUM(K42:K49) -> 0.037991442 | P51: =SUMPRODUCT(O42:O49,P42:P49)/SUM(O42:O49) -> 26.956286 | Q51: =SUMPRODUCT(O42:O49,Q42:Q49)/SUM(O42:O49) -> 0.035515528 | T51: =SUMPRODUCT(S42:S49,T42:T49)/SUM(S42:S49) -> 26.412346 | U51: =SUMPRODUCT(S42:S49,U42:U49)/SUM(S42:S49) -> 0.034798874
E52: 4.92 | I52: 4.07 | M52: 3.82 | Q52: 3.66 | U52: 3.51
C53: =SUM(C42:C49) -> 13125 | G53: =SUM(G42:G49) -> 11665 | K53: =SUM(K42:K49) -> 10210 | O53: =SUM(O42:O49) -> 8750 | S53: =SUM(S42:S49) -> 7290
A55: Seed - 84 | D55: 0.1 | H55: 0.2 | L55: 0.3 | P55: 0.4 | T55: 0.5
B56: Clusters | C56: Test Points | D56: MAE | E56: As Capacity | F56: R-Squared | G56: Test Points | H56: MAE | I56: As Capacity | J56: R-Squared | K56: Test Points | L56: MAE | M56: As Capacity | N56: R-Squared | O56: Test Points | P56: MAE | Q56: As Capacity | R56: R-Squared | S56: Test Points | T56: MAE | U56: As Capacity | V56: R-Squared
B57: 0 | C57: 1720 | D57: 31.7 | E57: =D57/$A$5 -> 0.041765481 | F57: 0.894 | G57: 1450 | H57: 29.8 | I57: =H57/$A$5 -> 0.039262187 | J57: 0.894 | K57: 1200 | L57: 26.1 | M57: =L57/$A$5 -> 0.034387352 | N57: 0.897 | O57: 1100 | P57: 26.7 | Q57: =P57/$A$5 -> 0.035177866 | R57: 0.902 | S57: 935 | T57: 26.1 | U57: =T57/$A$5 -> 0.034387352 | V57: 0.913
B58: 1 | C58: 2415 | D58: 27.8 | E58: =D58/$A$5 -> 0.036627141 | F58: 0.881 | G58: 2240 | H58: 25.5 | I58: =H58/$A$5 -> 0.033596838 | J58: 0.915 | K58: 2025 | L58: 25.6 | M58: =L58/$A$5 -> 0.03372859 | N58: 0.916 | O58: 1685 | P58: 23.7 | Q58: =P58/$A$5 -> 0.031225296 | R58: 0.916 | S58: 1420 | T58: 22.8 | U58: =T58/$A$5 -> 0.030039526 | V58: 0.919
B59: 2 | C59: 1280 | D59: 36.1 | E59: =D59/$A$5 -> 0.047562582 | F59: 0.96 | G59: 1170 | H59: 27.8 | I59: =H59/$A$5 -> 0.036627141 | J59: 0.974 | K59: 1040 | L59: 26.1 | M59: =L59/$A$5 -> 0.034387352 | N59: 0.977 | O59: 880 | P59: 27.1 | Q59: =P59/$A$5 -> 0.035704875 | R59: 0.973 | S59: 730 | T59: 27.7 | U59: =T59/$A$5 -> 0.036495389 | V59: 0.971
B60: 3 | C60: 1975 | D60: 37.6 | E60: =D60/$A$5 -> 0.049538867 | F60: 0.928 | G60: 1700 | H60: 30.2 | I60: =H60/$A$5 -> 0.039789196 | J60: 0.946 | K60: 1535 | L60: 28 | M60: =L60/$A$5 -> 0.036890646 | N60: 0.952 | O60: 1265 | P60: 26.9 | Q60: =P60/$A$5 -> 0.03544137 | R60: 0.953 | S60: 1055 | T60: 26.3 | U60: =T60/$A$5 -> 0.034650856 | V60: 0.952
B61: 4 | C61: 2245 | D61: 32.7 | E61: =D61/$A$5 -> 0.043083004 | F61: 0.966 | G61: 2035 | H61: 30 | I61: =H61/$A$5 -> 0.039525692 | J61: 0.971 | K61: 1745 | L61: 26 | M61: =L61/$A$5 -> 0.034255599 | N61: 0.977 | O61: 1475 | P61: 25.1 | Q61: =P61/$A$5 -> 0.033069829 | R61: 0.978 | S61: 1185 | T61: 23.7 | U61: =T61/$A$5 -> 0.031225296 | V61: 0.98
B62: 5 | C62: 1035 | D62: 38.5 | E62: =D62/$A$5 -> 0.050724638 | F62: 0.872 | G62: 900 | H62: 33.6 | I62: =H62/$A$5 -> 0.044268775 | J62: 0.923 | K62: 760 | L62: 29.6 | M62: =L62/$A$5 -> 0.038998682 | N62: 0.93 | O62: 650 | P62: 27.7 | Q62: =P62/$A$5 -> 0.036495389 | R62: 0.936 | S62: 535 | T62: 25.3 | U62: =T62/$A$5 -> 0.033333333 | V62: 0.947
B63: 6 | C63: 1080 | D63: 56 | E63: =D63/$A$5 -> 0.073781291 | F63: 0.921 | G63: 935 | H63: 41.7 | I63: =H63/$A$5 -> 0.054940711 | J63: 0.957 | K63: 810 | L63: 39.4 | M63: =L63/$A$5 -> 0.051910408 | N63: 0.962 | O63: 715 | P63: 33.2 | Q63: =P63/$A$5 -> 0.043741765 | R63: 0.971 | S63: 605 | T63: 31.8 | U63: =T63/$A$5 -> 0.041897233 | V63: 0.973
B64: 7 | C64: 1375 | D64: 37.7 | E64: =D64/$A$5 -> 0.049670619 | F64: 0.951 | G64: 1235 | H64: 27.8 | I64: =H64/$A$5 -> 0.036627141 | J64: 0.97 | K64: 1095 | L64: 26.8 | M64: =L64/$A$5 -> 0.035309618 | N64: 0.971 | O64: 980 | P64: 26.2 | Q64: =P64/$A$5 -> 0.034519104 | R64: 0.973 | S64: 825 | T64: 24.2 | U64: =T64/$A$5 -> 0.031884058 | V64: 0.974
B66: Average | D66: =SUMPRODUCT(C57:C64,D57:D64)/SUM(C57:C64) -> 35.634705 | E66: =SUMPRODUCT(C57:C64,E57:E64)/SUM(C57:C64) -> 0.046949545 | H66: =SUMPRODUCT(G57:G64,H57:H64)/SUM(G57:G64) -> 29.902143 | I66: =SUMPRODUCT(G57:G64,I57:I64)/SUM(G57:G64) -> 0.039396763 | L66: =SUMPRODUCT(K57:K64,L57:L64)/SUM(K57:K64) -> 27.660137 | M66: =SUMPRODUCT(K57:K64,M57:M64)/SUM(K57:K64) -> 0.036442868 | P66: =SUMPRODUCT(O57:O64,P57:P64)/SUM(O57:O64) -> 26.471143 | Q66: =SUMPRODUCT(O57:O64,Q57:Q64)/SUM(O57:O64) -> 0.034876341 | T66: =SUMPRODUCT(S57:S64,T57:T64)/SUM(S57:S64) -> 25.455556 | U66: =SUMPRODUCT(S57:S64,U57:U64)/SUM(S57:S64) -> 0.033538281
E67: 4.97 | I67: 4.07 | M67: 3.82 | Q67: 3.65 | U67: 3.51
C68: =SUM(C57:C64) -> 13125 | G68: =SUM(G57:G64) -> 11665 | K68: =SUM(K57:K64) -> 10210 | O68: =SUM(O57:O64) -> 8750 | S68: =SUM(S57:S64) -> 7290

Sheet Dieppe
B3: 17515 | C3: hours | D3: 115 | E3: removed
A4: Dieppe
A5: 496
D7: 0.1 | H7: 0.2 | L7: 0.3 | P7: 0.4 | T7: 0.5
B8: Clusters | C8: Test Points | D8: MAE | E8: As Capacity | F8: R-Squared | G8: Test Points | H8: MAE | I8: As Capacity | J8: R-Squared | K8: Test Points | L8: MAE | M8: As Capacity | N8: R-Squared | O8: Test Points | P8: MAE | Q8: As Capacity | R8: R-Squared | S8: Test Points | T8: MAE | U8: As Capacity | V8: R-Squared
B9: 0 | C9: =AVERAGE(C26,C42,C58) -> 1478.3333 | D9: =AVERAGE(D26,D42,D58) -> 23.933333 | E9: =AVERAGE(E26,E42,E58) -> 0.048252688 | F9: =AVERAGE(F26,F42,F58) -> 0.77233333 | G9: =AVERAGE(G26,G42,G58) -> 1425 | H9: =AVERAGE(H26,H42,H58) -> 19.1 | I9: =AVERAGE(I26,I42,I58) -> 0.038508065 | J9: =AVERAGE(J26,J42,J58) -> 0.88633333 | ... V9: =AVERAGE(V26,V42,V58) -> 0.9245
B10: 1 | C10: =AVERAGE(C27,C43,C59) -> 2653.3333 | D10: =AVERAGE(D27,D43,D59) -> 21.833333 | E10: =AVERAGE(E27,E43,E59) -> 0.044018817 | F10: =AVERAGE(F27,F43,F59) -> 0.896 | G10: =AVERAGE(G27,G43,G59) -> 2245 | H10: =AVERAGE(H27,H43,H59) -> 16.866667 | I10: =AVERAGE(I27,I43,I59) -> 0.034005376 | J10: =AVERAGE(J27,J43,J59) -> 0.90533333 | ... V10: =AVERAGE(V27,V43,V59) -> 0.879
B11: 2 | C11: =AVERAGE(C28,C44,C60) -> 913.33333 | D11: =AVERAGE(D28,D44,D60) -> 46.166667 | E11: =AVERAGE(E28,E44,E60) -> 0.093077957 | F11: =AVERAGE(F28,F44,F60) -> 0.868 | G11: =AVERAGE(G28,G44,G60) -> 793.33333 | H11: =AVERAGE(H28,H44,H60) -> 33 | I11: =AVERAGE(I28,I44,I60) -> 0.066532258 | J11: =AVERAGE(J28,J44,J60) -> 0.93233333 | ... V11: =AVERAGE(V28,V44,V60) -> 0.9575
B12: 3 | C12: =AVERAGE(C29,C45,C61) -> 1896.6667 | D12: =AVERAGE(D29,D45,D61) -> 32.666667 | E12: =AVERAGE(E29,E45,E61) -> 0.065860215 | F12: =AVERAGE(F29,F45,F61) -> 0.89033333 | G12: =AVERAGE(G29,G45,G61) -> 1663.3333 | H12: =AVERAGE(H29,H45,H61) -> 25.266667 | I12: =AVERAGE(I29,I45,I61) -> 0.05094086 | J12: =AVERAGE(J29,J45,J61) -> 0.92733333 | ... V12: =AVERAGE(V29,V45,V61) -> 0.946
B13: 4 | C13: =AVERAGE(C30,C46,C62) -> 1645 | D13: =AVERAGE(D30,D46,D62) -> 26.866667 | E13: =AVERAGE(E30,E46,E62) -> 0.054166667 | F13: =AVERAGE(F30,F46,F62) -> 0.936 | G13: =AVERAGE(G30,G46,G62) -> 1456.6667 | H13: =AVERAGE(H30,H46,H62) -> 22.066667 | I13: =AVERAGE(I30,I46,I62) -> 0.044489247 | J13: =AVERAGE(J30,J46,J62) -> 0.95733333 | ... V13: =AVERAGE(V30,V46,V62) -> 0.9625
B14: 5 | C14: =AVERAGE(C31,C47,C63) -> 933.33333 | D14: =AVERAGE(D31,D47,D63) -> 30.666667 | E14: =AVERAGE(E31,E47,E63) -> 0.061827957 | F14: =AVERAGE(F31,F47,F63) -> 0.77666667 | G14: =AVERAGE(G31,G47,G63) -> 848.33333 | H14: =AVERAGE(H31,H47,H63) -> 23.5 | I14: =AVERAGE(I31,I47,I63) -> 0.047379032 | J14: =AVERAGE(J31,J47,J63) -> 0.85266667 | ... V14: =AVERAGE(V31,V47,V63) -> 0.907
B15: 6 | C15: =AVERAGE(C32,C48,C64) -> 1181.6667 | D15: =AVERAGE(D32,D48,D64) -> 38.166667 | E15: =AVERAGE(E32,E48,E64) -> 0.076948925 | F15: =AVERAGE(F32,F48,F64) -> 0.9 | G15: =AVERAGE(G32,G48,G64) -> 1043.3333 | H15: =AVERAGE(H32,H48,H64) -> 29.366667 | I15: =AVERAGE(I32,I48,I64) -> 0.059206989 | J15: =AVERAGE(J32,J48,J64) -> 0.93666667 | ... V15: =AVERAGE(V32,V48,V64) -> 0.96
B16: 7 | C16: =AVERAGE(C33,C49,C65) -> 2423.3333 | D16: =AVERAGE(D33,D49,D65) -> 23.7 | E16: =AVERAGE(E33,E49,E65) -> 0.047782258 | F16: =AVERAGE(F33,F49,F65) -> 0.95733333 | G16: =AVERAGE(G33,G49,G65) -> 2190 | H16: =AVERAGE(H33,H49,H65) -> 20.3 | I16: =AVERAGE(I33,I49,I65) -> 0.040927419 | J16: =AVERAGE(J33,J49,J65) -> 0.96766667 | ... V16: =AVERAGE(V33,V49,V65) -> 0.9685
B18: Average | D18: =AVERAGE(D35,D51,D67) -> 28.387746 | E18: =AVERAGE(E35,E51,E67) -> 0.057233359 | F18: =AVERAGE(F35,F51,F67) -> #DIV/0! | H18: =AVERAGE(H35,H51,H67) -> 22.337362 | I18: =AVERAGE(I35,I51,I67) -> 0.045035005 | J18: =AVERAGE(J35,J51,J67) -> #DIV/0! | L18: =AVERAGE(L35,L51,L67) -> 20.764332 | M18: =AVERAGE(M35,M51,M67) -> 0.041863573 | N18: =AVERAGE(N35,N51,N67) -> #DIV/0! | P18: =AVERAGE(P35,P51,P67) -> 19.990743 | Q18: =AVERAGE(Q35,Q51,Q67) -> 0.040303917 | R18: =AVERAGE(R35,R51,R67) -> #DIV/0! | T18: =AVERAGE(T35,T51,T67) -> 19.619204 | U18: =AVERAGE(U35,U51,U67) -> 0.039554848 | V18: =AVERAGE(V35,V51,V67) -> #DIV/0!
C20: =SUM(C9:C16) -> 13125 | G20: =SUM(G9:G16) -> 11665 | K20: =SUM(K9:K16) -> 10210 | O20: =SUM(O9:O16) -> 8750 | S20: =SUM(S9:S16) -> 7290
C21: =C20/($B$3-$D$3) -> 0.75431034 | G21: =G20/($B$3-$D$3) -> 0.6704023
A24: Seed - 42 | D24: 0.1 | H24: 0.2 | L24: 0.3 | P24: 0.4 | T24: 0.5
B25: Clusters | C25: Test Points | D25: MAE | E25: As Capacity | F25: R-Squared | G25: Test Points | H25: MAE | I25: As Capacity | J25: R-Squared | K25: Test Points | L25: MAE | M25: As Capacity | N25: R-Squared | O25: Test Points | P25: MAE | Q25: As Capacity | R25: R-Squared | S25: Test Points | T25: MAE | U25: As Capacity | V25: R-Squared
B26: 0 | C26: 1490 | D26: 23.1 | E26: =D26/$A$5 -> 0.046572581 | F26: 0.783 | G26: 1250 | H26: 18.6 | I26: =H26/$A$5 -> 0.0375 | J26: 0.871 | K26: 1215 | L26: 19.2 | M26: =L26/$A$5 -> 0.038709677 | N26: 0.904 | O26: 1270 | P26: 20.2 | Q26: =P26/$A$5 -> 0.040725806 | R26: 0.923 | S26: 1075 | T26: 19.6 | U26: =T26/$A$5 -> 0.039516129
B27: 1 | C27: 2655 | D27: 20.7 | E27: =D27/$A$5 -> 0.041733871 | F27: 0.898 | G27: 2405 | H27: 17.4 | I27: =H27/$A$5 -> 0.035080645 | J27: 0.92 | K27: 1940 | L27: 15 | M27: =L27/$A$5 -> 0.030241935 | N27: 0.92 | O27: 1485 | P27: 13.8 | Q27: =P27/$A$5 -> 0.027822581 | R27: 0.871 | S27: 1210 | T27: 13.5 | U27: =T27/$A$5 -> 0.027217742
B28: 2 | C28: 935 | D28: 62.3 | E28: =D28/$A$5 -> 0.12560484 | F28: 0.774 | G28: 835 | H28: 29.6 | I28: =H28/$A$5 -> 0.059677419 | J28: 0.947 | K28: 700 | L28: 32 | M28: =L28/$A$5 -> 0.064516129 | N28: 0.934 | O28: 590 | P28: 30.2 | Q28: =P28/$A$5 -> 0.060887097 | R28: 0.943 | S28: 495 | T28: 27.6 | U28: =T28/$A$5 -> 0.055645161
B29: 3 | C29: 1960 | D29: 31.6 | E29: =D29/$A$5 -> 0.063709677 | F29: 0.9 | G29: 1605 | H29: 25.5 | I29: =H29/$A$5 -> 0.05141129 | J29: 0.926 | K29: 1385 | L29: 24.6 | M29: =L29/$A$5 -> 0.049596774 | N29: 0.929 | O29: 1190 | P29: 24.8 | Q29: =P29/$A$5 -> 0.05 | R29: 0.924 | S29: 975 | T29: 23.2 | U29: =T29/$A$5 -> 0.046774194
B30: 4 | C30: 1590 | D30: 24 | E30: =D30/$A$5 -> 0.048387097 | F30: 0.948 | G30: 1490 | H30: 22.1 | I30: =H30/$A$5 -> 0.044556452 | J30: 0.955 | K30: 1300 | L30: 21.5 | M30: =L30/$A$5 -> 0.043346774 | N30: 0.958 | O30: 1090 | P30: 20.9 | Q30: =P30/$A$5 -> 0.042137097 | R30: 0.959 | S30: 925 | T30: 20.7 | U30: =T30/$A$5 -> 0.041733871
B31: 5 | C31: 955 | D31: 29.1 | E31: =D31/$A$5 -> 0.058669355 | F31: 0.798 | G31: 850 | H31: 21.7 | I31: =H31/$A$5 -> 0.04375 | J31: 0.876 | K31: 795 | L31: 21.3 | M31: =L31/$A$5 -> 0.042943548 | N31: 0.888 | O31: 685 | P31: 23.5 | Q31: =P31/$A$5 -> 0.047379032 | R31: 0.862 | S31: 570 | T31: 20.2 | U31: =T31/$A$5 -> 0.040725806
B32: 6 | C32: 1130 | D32: 45.2 | E32: =D32/$A$5 -> 0.091129032 | F32: 0.879 | G32: 1025 | H32: 33.4 | I32: =H32/$A$5 -> 0.06733871 | J32: 0.926 | K32: 885 | L32: 24.2 | M32: =L32/$A$5 -> 0.048790323 | N32: 0.959 | O32: 710 | P32: 22.9 | Q32: =P32/$A$5 -> 0.046169355 | R32: 0.96 | S32: 610 | T32: 22.4 | U32: =T32/$A$5 -> 0.04516129
B33: 7 | C33: 2410 | D33: 22.6 | E33: =D33/$A$5 -> 0.045564516 | F33: 0.962 | G33: 2205 | H33: 20.8 | I33: =H33/$A$5 -> 0.041935484 | J33: 0.967 | K33: 1990 | L33: 19.7 | M33: =L33/$A$5 -> 0.039717742 | N33: 0.968 | O33: 1730 | P33: 19 | Q33: =P33/$A$5 -> 0.038306452 | R33: 0.972 | S33: 1430 | T33: 19.3 | U33: =T33/$A$5 -> 0.03891129
B35: Average | D35: =SUMPRODUCT(C26:C33,D26:D33)/SUM(C26:C33) -> 29.032876 | E35: =SUMPRODUCT(C26:C33,E26:E33)/SUM(C26:C33) -> 0.058534025 | H35: =SUMPRODUCT(G26:G33,H26:H33)/SUM(G26:G33) -> 22.478654 | I35: =SUMPRODUCT(G26:G33,I26:I33)/SUM(G26:G33) -> 0.045319867 | L35: =SUMPRODUCT(K26:K33,L26:L33)/SUM(K26:K33) -> 20.999265 | M35: =SUMPRODUCT(K26:K33,M26:M33)/SUM(K26:K33) -> 0.042337229 | P35: =SUMPRODUCT(O26:O33,P26:P33)/SUM(O26:O33) -> 20.741086 | Q35: =SUMPRODUCT(O26:O33,Q26:Q33)/SUM(O26:O33) -> 0.041816705 | T35: =SUMPRODUCT(S26:S33,T26:T33)/SUM(S26:S33) -> 19.974143 | U35: =SUMPRODUCT(S26:S33,U26:U33)/SUM(S26:S33) -> 0.040270449
E36: 5.55 | I36: 4.6 | M36: 4.18 | Q36: 4.08 | U36: 3.87
C37: =SUM(C26:C33) -> 13125 | G37: =SUM(G26:G33) -> 11665 | K37: =SUM(K26:K33) -> 10210 | O37: =SUM(O26:O33) -> 8750 | S37: =SUM(S26:S33) -> 7290
C38: =C37/($B$3-$D$3) -> 0.75431034 | G38: =G37/($B$3-$D$3) -> 0.6704023 | K38: =K37/($B$3-$D$3) -> 0.58678161 | O38: =O37/($B$3-$D$3) -> 0.50287356 | S38: =S37/($B$3-$D$3) -> 0.41896552
A40: Seed - 63 | D40: 0.1 | H40: 0.2 | L40: 0.3 | P40: 0.4 | T40: 0.5
B41: Clusters | C41: Test Points | D41: MAE | E41: As Capacity | F41: R-Squared | G41: Test Points | H41: MAE | I41: As Capacity | J41: R-Squared | K41: Test Points | L41: MAE | M41: As Capacity | N41: R-Squared | O41: Test Points | P41: MAE | Q41: As Capacity | R41: R-Squared | S41: Test Points | T41: MAE | U41: As Capacity | V41: R-Squared
B42: 0 | C42: 1300 | D42: 24 | E42: =D42/$A$5 -> 0.048387097 | F42: 0.726 | G42: 1310 | H42: 18.9 | I42: =H42/$A$5 -> 0.038104839 | J42: 0.88 | K42: 1620 | L42: 19.3 | M42: =L42/$A$5 -> 0.03891129 | N42: 0.929 | O42: 1345 | P42: 20.1 | Q42: =P42/$A$5 -> 0.040524194 | R42: 0.926 | S42: 1125 | T42: 19.9 | U42: =T42/$A$5 -> 0.040120968 | V42: 0.927
B43: 1 | C43: 2820 | D43: 21.4 | E43: =D43/$A$5 -> 0.043145161 | F43: 0.919 | G43: 2375 | H43: 17 | I43: =H43/$A$5 -> 0.034274194 | J43: 0.924 | K43: 1675 | L43: 13.2 | M43: =L43/$A$5 -> 0.026612903 | N43: 0.884 | O43: 1460 | P43: 13.5 | Q43: =P43/$A$5 -> 0.027217742 | R43: 0.879 | S43: 1170 | T43: 13.9 | U43: =T43/$A$5 -> 0.028024194 | V43: 0.872
B44: 2 | C44: 925 | D44: 32 | E44: =D44/$A$5 -> 0.064516129 | F44: 0.938 | G44: 785 | H44: 26.8 | I44: =H44/$A$5 -> 0.054032258 | J44: 0.954 | K44: 630 | L44: 32.2 | M44: =L44/$A$5 -> 0.064919355 | N44: 0.941 | O44: 535 | P44: 26.4 | Q44: =P44/$A$5 -> 0.053225806 | R44: 0.953 | S44: 465 | T44: 26.5 | U44: =T44/$A$5 -> 0.053427419 | V44: 0.952
B45: 3 | C45: 1835 | D45: 32.6 | E45: =D45/$A$5 -> 0.065725806 | F45: 0.895 | G45: 1650 | H45: 25.5 | I45: =H45/$A$5 -> 0.05141129 | J45: 0.926 | K45: 1480 | L45: 23.4 | M45: =L45/$A$5 -> 0.047177419 | N45: 0.931 | O45: 1205 | P45: 21.5 | Q45: =P45/$A$5 -> 0.043346774 | R45: 0.941 | S45: 1020 | T45: 20.8 | U45: =T45/$A$5 -> 0.041935484 | V45: 0.947
B46: 4 | C46: 1695 | D46: 29.5 | E46: =D46/$A$5 -> 0.059475806 | F46: 0.922 | G46: 1535 | H46: 23.6 | I46: =H46/$A$5 -> 0.047580645 | J46: 0.953 | K46: 1230 | L46: 21 | M46: =L46/$A$5 -> 0.04233871 | N46: 0.962 | O46: 1100 | P46: 21.1 | Q46: =P46/$A$5 -> 0.042540323 | R46: 0.962 | S46: 880 | T46: 21.4 | U46: =T46/$A$5 -> 0.043145161 | V46: 0.961
B47: 5 | C47: 930 | D47: 27.7 | E47: =D47/$A$5 -> 0.055846774 | F47: 0.838 | G47: 840 | H47: 22.3 | I47: =H47/$A$5 -> 0.044959677 | J47: 0.878 | K47: 745 | L47: 21.5 | M47: =L47/$A$5 -> 0.043346774 | N47: 0.862 | O47: 660 | P47: 19.1 | Q47: =P47/$A$5 -> 0.038508065 | R47: 0.924 | S47: 590 | T47: 18.7 | U47: =T47/$A$5 -> 0.037701613 | V47: 0.929
B48: 6 | C48: 1240 | D48: 35.7 | E48: =D48/$A$5 -> 0.071975806 | F48: 0.906 | G48: 1075 | H48: 29 | I48: =H48/$A$5 -> 0.058467742 | J48: 0.938 | K48: 920 | L48: 25.7 | M48: =L48/$A$5 -> 0.051814516 | N48: 0.952 | O48: 805 | P48: 23.7 | Q48: =P48/$A$5 -> 0.047782258 | R48: 0.958 | S48: 680 | T48: 23.1 | U48: =T48/$A$5 -> 0.046572581 | V48: 0.958
B49: 7 | C49: 2380 | D49: 27 | E49: =D49/$A$5 -> 0.054435484 | F49: 0.948 | G49: 2095 | H49: 20.9 | I49: =H49/$A$5 -> 0.042137097 | J49: 0.965 | K49: 1910 | L49: 18.8 | M49: =L49/$A$5 -> 0.037903226 | N49: 0.968 | O49: 1640 | P49: 18.8 | Q49: =P49/$A$5 -> 0.037903226 | R49: 0.967 | S49: 1360 | T49: 19 | U49: =T49/$A$5 -> 0.038306452 | V49: 0.965
B51: Average | D51: =SUMPRODUCT(C42:C49,D42:D49)/SUM(C42:C49) -> 27.829371 | E51: =SUMPRODUCT(C42:C49,E42:E49)/SUM(C42:C49) -> 0.056107604 | H51: =SUMPRODUCT(G42:G49,H42:H49)/SUM(G42:G49) -> 22.131633 | I51: =SUMPRODUCT(G42:G49,I42:I49)/SUM(G42:G49) -> 0.044620228 | L51: =SUMPRODUCT(K42:K49,L42:L49)/SUM(K42:K49) -> 20.538051 | M51: =SUMPRODUCT(K42:K49,M42:M49)/SUM(K42:K49) -> 0.041407361 | P51: =SUMPRODUCT(O42:O49,P42:P49)/SUM(O42:O49) -> 19.714571 | Q51: =SUMPRODUCT(O42:O49,Q42:Q49)/SUM(O42:O49) -> 0.03974712 | T51: =SUMPRODUCT(S42:S49,T42:T49)/SUM(S42:S49) -> 19.698491 | U51: =SUMPRODUCT(S42:S49,U42:U49)/SUM(S42:S49) -> 0.0397147
E52: 5.58 | I52: 4.56 | M52: 4.15 | Q52: 4.08 | U52: 3.88
C53: =SUM(C42:C49) -> 13125 | G53: =SUM(G42:G49) -> 11665 | K53: =SUM(K42:K49) -> 10210 | O53: =SUM(O42:O49) -> 8750 | S53: =SUM(S42:S49) -> 7290
C54: =C53/($B$3-$D$3) -> 0.75431034 | G54: =G53/($B$3-$D$3) -> 0.6704023 | K54: =K53/($B$3-$D$3) -> 0.58678161 | O54: =O53/($B$3-$D$3) -> 0.50287356 | S54: =S53/($B$3-$D$3) -> 0.41896552
A56: Seed - 84 | D56: 0.1 | H56: 0.2 | L56: 0.3 | P56: 0.4 | T56: 0.5
B57: Clusters | C57: Test Points | D57: MAE | E57: As Capacity | F57: R-Squared | G57: Test Points | H57: MAE | I57: As Capacity | J57: R-Squared | K57: Test Points | L57: MAE | M57: As Capacity | N57: R-Squared | O57: Test Points | P57: MAE | Q57: As Capacity | R57: R-Squared | S57: Test Points | T57: MAE | U57: As Capacity | V57: R-Squared
B58: 0 | C58: 1645 | D58: 24.7 | E58: =D58/$A$5 -> 0.049798387 | F58: 0.808 | G58: 1715 | H58: 19.8 | I58: =H58/$A$5 -> 0.039919355 | J58: 0.908 | K58: 1435 | L58: 17.7 | M58: =L58/$A$5 -> 0.035685484 | N58: 0.921 | O58: 1305 | P58: 19.6 | Q58: =P58/$A$5 -> 0.039516129 | R58: 0.918 | S58: 1075 | T58: 19.5 | U58: =T58/$A$5 -> 0.039314516 | V58: 0.922
B59: 1 | C59: 2485 | D59: 23.4 | E59: =D59/$A$5 -> 0.047177419 | F59: 0.871 | G59: 1955 | H59: 16.2 | I59: =H59/$A$5 -> 0.03266129 | J59: 0.872 | K59: 1780 | L59: 15.3 | M59: =L59/$A$5 -> 0.030846774 | N59: 0.888 | O59: 1440 | P59: 13.5 | Q59: =P59/$A$5 -> 0.027217742 | R59: 0.885 | S59: 1220 | T59: 13.4 | U59: =T59/$A$5 -> 0.027016129 | V59: 0.886
B60: 2 | C60: 880 | D60: 44.2 | E60: =D60/$A$5 -> 0.089112903 | F60: 0.892 | G60: 760 | H60: 42.6 | I60: =H60/$A$5 -> 0.085887097 | J60: 0.896 | K60: 660 | L60: 30.9 | M60: =L60/$A$5 -> 0.062298387 | N60: 0.945 | O60: 550 | P60: 24.6 | Q60: =P60/$A$5 -> 0.049596774 | R60: 0.961 | S60: 475 | T60: 23.6 | U60: =T60/$A$5 -> 0.047580645 | V60: 0.963
B61: 3 | C61: 1895 | D61: 33.8 | E61: =D61/$A$5 -> 0.068145161 | F61: 0.876 | G61: 1735 | H61: 24.8 | I61: =H61/$A$5 -> 0.05 | J61: 0.93 | K61: 1520 | L61: 23.6 | M61: =L61/$A$5 -> 0.047580645 | N61: 0.938 | O61: 1255 | P61: 22.5 | Q61: =P61/$A$5 -> 0.045362903 | R61: 0.94 | S61: 1045 | T61: 21.5 | U61: =T61/$A$5 -> 0.043346774 | V61: 0.945
B62: 4 | C62: 1650 | D62: 27.1 | E62: =D62/$A$5 -> 0.054637097 | F62: 0.938 | G62: 1345 | H62: 20.5 | I62: =H62/$A$5 -> 0.041330645 | J62: 0.964 | K62: 1195 | L62: 19.4 | M62: =L62/$A$5 -> 0.039112903 | N62: 0.969 | O62: 980 | P62: 19.7 | Q62: =P62/$A$5 -> 0.039717742 | R62: 0.969 | S62: 785 | T62: 20.8 | U62: =T62/$A$5 -> 0.041935484 | V62: 0.964
B63: 5 | C63: 915 | D63: 35.2 | E63: =D63/$A$5 -> 0.070967742 | F63: 0.694 | G63: 855 | H63: 26.5 | I63: =H63/$A$5 -> 0.053427419 | J63: 0.804 | K63: 730 | L63: 27.1 | M63: =L63/$A$5 -> 0.054637097 | N63: 0.819 | O63: 685 | P63: 24 | Q63: =P63/$A$5 -> 0.048387097 | R63: 0.87 | S63: 575 | T63: 22 | U63: =T63/$A$5 -> 0.044354839 | V63: 0.885
B64: 6 | C64: 1175 | D64: 33.6 | E64: =D64/$A$5 -> 0.067741935 | F64: 0.915 | G64: 1030 | H64: 25.7 | I64: =H64/$A$5 -> 0.051814516 | J64: 0.946 | K64: 920 | L64: 26.3 | M64: =L64/$A$5 -> 0.053024194 | N64: 0.946 | O64: 760 | P64: 22.6 | Q64: =P64/$A$5 -> 0.045564516 | R64: 0.961 | S64: 630 | T64: 21.6 | U64: =T64/$A$5 -> 0.043548387 | V64: 0.962
B65: 7 | C65: 2480 | D65: 21.5 | E65: =D65/$A$5 -> 0.043346774 | F65: 0.962 | G65: 2270 | H65: 19.2 | I65: =H65/$A$5 -> 0.038709677 | J65: 0.971 | K65: 1970 | L65: 18.2 | M65: =L65/$A$5 -> 0.036693548 | N65: 0.972 | O65: 1775 | P65: 17.5 | Q65: =P65/$A$5 -> 0.035282258 | R65: 0.974 | S65: 1485 | T65: 17.7 | U65: =T65/$A$5 -> 0.035685484 | V65: 0.972
B67: Average | D67: =SUMPRODUCT(C58:C65,D58:D65)/SUM(C58:C65) -> 28.30099 | E67: =SUMPRODUCT(C58:C65,E58:E65)/SUM(C58:C65) -> 0.057058449 | H67: =SUMPRODUCT(G58:G65,H58:H65)/SUM(G58:G65) -> 22.4018 | I67: =SUMPRODUCT(G58:G65,I58:I65)/SUM(G58:G65) -> 0.04516492 | L67: =SUMPRODUCT(K58:K65,L58:L65)/SUM(K58:K65) -> 20.755681 | M67: =SUMPRODUCT(K58:K65,M58:M65)/SUM(K58:K65) -> 0.04184613 | P67: =SUMPRODUCT(O58:O65,P58:P65)/SUM(O58:O65) -> 19.516571 | Q67: =SUMPRODUCT(O58:O65,Q58:Q65)/SUM(O58:O65) -> 0.039347926 | T67: =SUMPRODUCT(S58:S65,T58:T65)/SUM(S58:S65) -> 19.184979 | U67: =SUMPRODUCT(S58:S65,U58:U65)/SUM(S58:S65) -> 0.038679394
E68: 5.57 | I68: 4.55 | M68: 4.2 | Q68: 4.07 | U68: 3.88
C69: =SUM(C58:C65) -> 13125 | G69: =SUM(G58:G65) -> 11665 | K69: =SUM(K58:K65) -> 10210 | O69: =SUM(O58:O65) -> 8750 | S69: =SUM(S58:S65) -> 7290
C70: =C69/($B$3-$D$3) -> 0.75431034 | G70: =G69/($B$3-$D$3) -> 0.6704023 | K70: =K69/($B$3-$D$3) -> 0.58678161 | O70: =O69/($B$3-$D$3) -> 0.50287356 | S70: =S69/($B$3-$D$3) -> 0.41896552

Sheet Moray Firth
B3: 17514 | C3: hours | D3: 194 | E3: removed
A4: Moray Firth
A5: 1159 | B5: 496
A7: Seed - 84 | D7: 0.1 | H7: 0.2 | L7: 0.3 | P7: 0.4 | T7: 0.5
B8: Clusters | C8: Test Points | D8: MAE | E8: As Capacity | F8: R-Squared | G8: Test Points | H8: MAE | I8: As Capacity | J8: R-Squared | K8: Test Points | L8: MAE | M8: As Capacity | N8: R-Squared | O8: Test Points | P8: MAE | Q8: As Capacity | R8: R-Squared | S8: Test Points | T8: MAE | U8: As Capacity | V8: R-Squared
B9: 0 | C9: =AVERAGE(C26,C42,C58) -> 1525 | D9: =AVERAGE(D26,D42,D58) -> 57.233333 | E9: =AVERAGE(E26,E42,E58) -> 0.049381651 | F9: =AVERAGE(F26,F42,F58) -> 0.794 | G9: =AVERAGE(G26,G42,G58) -> 1408.3333 | H9: =AVERAGE(H26,H42,H58) -> 51 | I9: =AVERAGE(I26,I42,I58) -> 0.044003451 | J9: =AVERAGE(J26,J42,J58) -> 0.83366667 | ... V9: =AVERAGE(V26,V42,V58) -> 0.913
B10: 1 | C10: =AVERAGE(C27,C43,C59) -> 2056.6667 | D10: =AVERAGE(D27,D43,D59) -> 57.933333 | E10: =AVERAGE(E27,E43,E59) -> 0.04998562 | F10: =AVERAGE(F27,F43,F59) -> 0.884 | G10: =AVERAGE(G27,G43,G59) -> 1785 | H10: =AVERAGE(H27,H43,H59) -> 47.033333 | I10: =AVERAGE(I27,I43,I59) -> 0.040580961 | J10: =AVERAGE(J27,J43,J59) -> 0.918 | ... V10: =AVERAGE(V27,V43,V59) -> 0.9195
B11: 2 | C11: =AVERAGE(C28,C44,C60) -> 918.33333 | D11: =AVERAGE(D28,D44,D60) -> 76.866667 | E11: =AVERAGE(E28,E44,E60) -> 0.066321542 | F11: =AVERAGE(F28,F44,F60) -> 0.93733333 | G11: =AVERAGE(G28,G44,G60) -> 813.33333 | H11: =AVERAGE(H28,H44,H60) -> 58.066667 | I11: =AVERAGE(I28,I44,I60) -> 0.050100661 | J11: =AVERAGE(J28,J44,J60) -> 0.95766667 | ... V11: =AVERAGE(V28,V44,V60) -> 0.9795
B12: 3 | C12: =AVERAGE(C29,C45,C61) -> 3216.6667 | D12: =AVERAGE(D29,D45,D61) -> 47.033333 | E12: =AVERAGE(E29,E45,E61) -> 0.040580961 | F12: =AVERAGE(F29,F45,F61) -> 0.94666667 | G12: =AVERAGE(G29,G45,G61) -> 2751.6667 | H12: =AVERAGE(H29,H45,H61) -> 41.766667 | I12: =AVERAGE(I29,I45,I61) -> 0.036036813 | J12: =AVERAGE(J29,J45,J61) -> 0.95466667 | ... V12: =AVERAGE(V29,V45,V61) -> 0.961
B13: 4 | C13: =AVERAGE(C30,C46,C62) -> 1911.6667 | D13: =AVERAGE(D30,D46,D62) -> 51.133333 | E13: =AVERAGE(E30,E46,E62) -> 0.044118493 | F13: =AVERAGE(F30,F46,F62) -> 0.96666667 | G13: =AVERAGE(G30,G46,G62) -> 1728.3333 | H13: =AVERAGE(H30,H46,H62) -> 43.166667 | I13: =AVERAGE(I30,I46,I62) -> 0.037244751 | J13: =AVERAGE(J30,J46,J62) -> 0.97566667 | ... V13: =AVERAGE(V30,V46,V62) -> 0.979
B14: 5 | C14: =AVERAGE(C31,C47,C63) -> 1263.3333 | D14: =AVERAGE(D31,D47,D63) -> 54.333333 | E14: =AVERAGE(E31,E47,E63) -> 0.046879494 | F14: =AVERAGE(F31,F47,F63) -> 0.90066667 | G14: =AVERAGE(G31,G47,G63) -> 1146.6667 | H14: =AVERAGE(H31,H47,H63) -> 46.7 | I14: =AVERAGE(I31,I47,I63) -> 0.040293356 | J14: =AVERAGE(J31,J47,J63) -> 0.93566667 | ... V14: =AVERAGE(V31,V47,V63) -> 0.9605
B15: 6 | C15: =AVERAGE(C32,C48,C64) -> 1153.3333 | D15: =AVERAGE(D32,D48,D64) -> 69.2 | E15: =AVERAGE(E32,E48,E64) -> 0.059706644 | F15: =AVERAGE(F32,F48,F64) -> 0.94133333 | G15: =AVERAGE(G32,G48,G64) -> 1075 | H15: =AVERAGE(H32,H48,H64) -> 59.233333 | I15: =AVERAGE(I32,I48,I64) -> 0.051107276 | J15: =AVERAGE(J32,J48,J64) -> 0.95533333 | ... V15: =AVERAGE(V32,V48,V64) -> 0.9635
B16: 7 | C16: =AVERAGE(C33,C49,C65) -> 1055 | D16: =AVERAGE(D33,D49,D65) -> 57.3 | E16: =AVERAGE(E33,E49,E65) -> 0.049439172 | F16: =AVERAGE(F33,F49,F65) -> 0.95 | G16: =AVERAGE(G33,G49,G65) -> 936.66667 | H16: =AVERAGE(H33,H49,H65) -> 39.8 | I16: =AVERAGE(I33,I49,I65) -> 0.034339948 | J16: =AVERAGE(J33,J49,J65) -> 0.968 | ... V16: =AVERAGE(V33,V49,V65) -> 0.9755
B18: Average | D18: =AVERAGE(D35,D51,D67) -> 56.147977 | E18: =AVERAGE(E35,E51,E67) -> 0.048445192 | F18: =AVERAGE(F35,F51,F67) -> #DIV/0! | H18: =AVERAGE(H35,H51,H67) -> 47.068742 | I18: =AVERAGE(I35,I51,I67) -> 0.040611512 | J18: =AVERAGE(J35,J51,J67) -> #DIV/0! | L18: =AVERAGE(L35,L51,L67) -> 43.317248 | M18: =AVERAGE(M35,M51,M67) -> 0.037374674 | N18: =AVERAGE(N35,N51,N67) -> #DIV/0! | P18: =AVERAGE(P35,P51,P67) -> 40.694387 | Q18: =AVERAGE(Q35,Q51,Q67) -> 0.035111637 | R18: =AVERAGE(R35,R51,R67) -> #DIV/0! | T18: =AVERAGE(T35,T51,T67) -> 39.428866 | U18: =AVERAGE(U35,U51,U67) -> 0.034019729 | V18: =AVERAGE(V35,V51,V67) -> #DIV/0!
C20: =SUM(C9:C16) -> 13100 | G20: =SUM(G9:G16) -> 11645 | K20: =SUM(K9:K16) -> 10185 | O20: =SUM(O9:O16) -> 8730 | S20: =SUM(S9:S16) -> 7275
C21: =C20/($B$3-$D$3) -> 0.75635104 | G21: =G20/($B$3-$D$3) -> 0.67234411
A24: Seed - 42 | D24: 0.1 | H24: 0.2 | L24: 0.3 | P24: 0.4 | T24: 0.5
B25: Clusters | C25: Test Points | D25: MAE | E25: As Capacity | F25: R-Squared | G25: Test Points | H25: MAE | I25: As Capacity | J25: R-Squared | K25: Test Points | L25: MAE | M25: As Capacity | N25: R-Squared | O25: Test Points | P25: MAE | Q25: As Capacity | R25: R-Squared | S25: Test Points | T25: MAE | U25: As Capacity | V25: R-Squared
B26: 0 | C26: 1440 | D26: 54 | E26: =D26/$A$5 -> 0.04659189 | F26: 0.808 | G26: 1435 | H26: 51.4 | I26: =H26/$A$5 -> 0.044348576 | J26: 0.848 | K26: 1260 | L26: 46 | M26: =L26/$A$5 -> 0.039689387 | N26: 0.891 | O26: 1210 | P26: 43.9 | Q26: =P26/$A$5 -> 0.037877481 | R26: 0.91 | S26: 1080 | T26: 42 | U26: =T26/$A$5 -> 0.036238136 | V26: 0.917
B27: 1 | C27: 2145 | D27: 55.9 | E27: =D27/$A$5 -> 0.048231234 | F27: 0.9 | G27: 1795 | H27: 45.9 | I27: =H27/$A$5 -> 0.039603106 | J27: 0.916 | K27: 1535 | L27: 45.2 | M27: =L27/$A$5 -> 0.038999137 | N27: 0.917 | O27: 1205 | P27: 44.4 | Q27: =P27/$A$5 -> 0.038308887 | R27: 0.907 | S27: 975 | T27: 40.7 | U27: =T27/$A$5 -> 0.03511648 | V27: 0.92
B28: 2 | C28: 930 | D28: 72.7 | E28: =D28/$A$5 -> 0.062726488 | F28: 0.946 | G28: 820 | H28: 58.7 | I28: =H28/$A$5 -> 0.05064711 | J28: 0.96 | K28: 700 | L28: 50.1 | M28: =L28/$A$5 -> 0.04322692 | N28: 0.971 | O28: 575 | P28: 46.1 | Q28: =P28/$A$5 -> 0.039775669 | R28: 0.976 | S28: 455 | T28: 44.8 | U28: =T28/$A$5 -> 0.038654012 | V28: 0.978
B29: 3 | C29: 3230 | D29: 44.6 | E29: =D29/$A$5 -> 0.03848145 | F29: 0.952 | G29: 2775 | H29: 42.6 | I29: =H29/$A$5 -> 0.036755824 | J29: 0.954 | K29: 2365 | L29: 40.9 | M29: =L29/$A$5 -> 0.035289042 | N29: 0.953 | O29: 2060 | P29: 37.9 | Q29: =P29/$A$5 -> 0.032700604 | R29: 0.96 | S29: 1665 | T29: 37.6 | U29: =T29/$A$5 -> 0.03244176 | V29: 0.962
B30: 4 | C30: 1910 | D30: 44 | E30: =D30/$A$5 -> 0.037963762 | F30: 0.975 | G30: 1740 | H30: 43.1 | I30: =H30/$A$5 -> 0.03718723 | J30: 0.976 | K30: 1560 | L30: 39.4 | M30: =L30/$A$5 -> 0.033994823 | N30: 0.978 | O30: 1315 | P30: 39.8 | Q30: =P30/$A$5 -> 0.034339948 | R30: 0.978 | S30: 1095 | T30: 37 | U30: =T30/$A$5 -> 0.031924072 | V30: 0.981
B31: 5 | C31: 1260 | D31: 50.6 | E31: =D31/$A$5 -> 0.043658326 | F31: 0.924 | G31: 1100 | H31: 48.7 | I31: =H31/$A$5 -> 0.042018982 | J31: 0.93 | K31: 1015 | L31: 43.3 | M31: =L31/$A$5 -> 0.037359793 | N31: 0.953 | O31: 890 | P31: 43.7 | Q31: =P31/$A$5 -> 0.037704918 | R31: 0.954 | S31: 735 | T31: 37.1 | U31: =T31/$A$5 -> 0.032010354 | V31: 0.965
B32: 6 | C32: 1135 | D32: 58.5 | E32: =D32/$A$5 -> 0.050474547 | F32: 0.95 | G32: 1035 | H32: 53.3 | I32: =H32/$A$5 -> 0.045987921 | J32: 0.96 | K32: 920 | L32: 54.1 | M32: =L32/$A$5 -> 0.046678171 | N32: 0.961 | O32: 755 | P32: 47.6 | Q32: =P32/$A$5 -> 0.041069888 | R32: 0.965 | S32: 630 | T32: 49.8 | U32: =T32/$A$5 -> 0.042968076 | V32: 0.966
B33: 7 | C33: 1050 | D33: 56.3 | E33: =D33/$A$5 -> 0.048576359 | F33: 0.954 | G33: 945 | H33: 42.2 | I33: =H33/$A$5 -> 0.036410699 | J33: 0.965 | K33: 830 | L33: 36.3 | M33: =L33/$A$5 -> 0.031320104 | N33: 0.974 | O33: 720 | P33: 29.7 | Q33: =P33/$A$5 -> 0.025625539 | R33: 0.978 | S33: 640 | T33: 30.3 | U33: =T33/$A$5 -> 0.026143227 | V33: 0.976
B35: Average | D35: =SUMPRODUCT(C26:C33,D26:D33)/SUM(C26:C33) -> 52.110153 | E35: =SUMPRODUCT(C26:C33,E26:E33)/SUM(C26:C33) -> 0.044961305 | H35: =SUMPRODUCT(G26:G33,H26:H33)/SUM(G26:G33) -> 46.896264 | I35: =SUMPRODUCT(G26:G33,I26:I33)/SUM(G26:G33) -> 0.040462696 | L35: =SUMPRODUCT(K26:K33,L26:L33)/SUM(K26:K33) -> 43.638193 | M35: =SUMPRODUCT(K26:K33,M26:M33)/SUM(K26:K33) -> 0.037651591 | P35: =SUMPRODUCT(O26:O33,P26:P33)/SUM(O26:O33) -> 41.208992 | Q35: =SUMPRODUCT(O26:O33,Q26:Q33)/SUM(O26:O33) -> 0.035555645 | T35: =SUMPRODUCT(S26:S33,T26:T33)/SUM(S26:S33) -> 39.39244 | U35: =SUMPRODUCT(S26:S33,U26:U33)/SUM(S26:S33) -> 0.0339883
E36: 5.39 | I36: 4.32 | M36: 3.81 | Q36: 3.62 | U36: 3.49
C37: =SUM(C26:C33) -> 13100 | G37: =SUM(G26:G33) -> 11645 | K37: =SUM(K26:K33) -> 10185 | O37: =SUM(O26:O33) -> 8730 | S37: =SUM(S26:S33) -> 7275
A40: Seed - 63 | D40: 0.1 | H40: 0.2 | L40: 0.3 | P40: 0.4 | T40: 0.5
B41: Clusters | C41: Test Points | D41: MAE | E41: As Capacity | F41: R-Squared | G41: Test Points | H41: MAE | I41: As Capacity | J41: R-Squared | K41: Test Points | L41: MAE | M41: As Capacity | N41: R-Squared | O41: Test Points | P41: MAE | Q41: As Capacity | R41: R-Squared | S41: Test Points | T41: MAE | U41: As Capacity | V41: R-Squared
B42: 0 | C42: 1520 | D42: 53.8 | E42: =D42/$A$5 -> 0.046419327 | F42: 0.795 | G42: 1445 | H42: 54.1 | I42: =H42/$A$5 -> 0.046678171 | J42: 0.819 | K42: 1315 | L42: 46.5 | M42: =L42/$A$5 -> 0.040120794 | N42: 0.889 | O42: 1165 | P42: 43.8 | Q42: =P42/$A$5 -> 0.037791199 | R42: 0.911 | S42: 980 | T42: 42.2 | U42: =T42/$A$5 -> 0.036410699 | V42: 0.909
B43: 1 | C43: 2000 | D43: 57.4 | E43: =D43/$A$5 -> 0.049525453 | F43: 0.89 | G43: 1730 | H43: 44.1 | I43: =H43/$A$5 -> 0.038050043 | J43: 0.928 | K43: 1475 | L43: 43.8 | M43: =L43/$A$5 -> 0.037791199 | N43: 0.922 | O43: 1275 | P43: 42.3 | Q43: =P43/$A$5 -> 0.03649698 | R43: 9.24 | S43: 1080 | T43: 41.9 | U43: =T43/$A$5 -> 0.036151855 | V43: 0.919
B44: 2 | C44: 900 | D44: 78.5 | E44: =D44/$A$5 -> 0.067730802 | F44: 0.937 | G44: 770 | H44: 49.6 | I44: =H44/$A$5 -> 0.042795513 | J44: 0.97 | K44: 670 | L44: 45.8 | M44: =L44/$A$5 -> 0.039516825 | N44: 0.976 | O44: 635 | P44: 44.1 | Q44: =P44/$A$5 -> 0.038050043 | R44: 0.978 | S44: 535 | T44: 40.2 | U44: =T44/$A$5 -> 0.034685073 | V44: 0.981
B45: 3 | C45: 3255 | D45: 49.3 | E45: =D45/$A$5 -> 0.04253667 | F45: 0.941 | G45: 2640 | H45: 39.1 | I45: =H45/$A$5 -> 0.033735979 | J45: 0.955 | K45: 2335 | L45: 36.1 | M45: =L45/$A$5 -> 0.031147541 | N45: 0.958 | O45: 1910 | P45: 35.1 | Q45: =P45/$A$5 -> 0.030284728 | R45: 0.957 | S45: 1570 | T45: 32.1 | U45: =T45/$A$5 -> 0.02769629 | V45: 0.96
B46: 4 | C46: 1925 | D46: 50.9 | E46: =D46/$A$5 -> 0.04391717 | F46: 0.968 | G46: 1750 | H46: 45.8 | I46: =H46/$A$5 -> 0.039516825 | J46: 0.974 | K46: 1525 | L46: 41.8 | M46: =L46/$A$5 -> 0.036065574 | N46: 0.977 | O46: 1335 | P46: 38.6 | Q46: =P46/$A$5 -> 0.033304573 | R46: 0.979 | S46: 1130 | T46: 42 | U46: =T46/$A$5 -> 0.036238136 | V46: 0.977
B47: 5 | C47: 1275 | D47: 63 | E47: =D47/$A$5 -> 0.054357204 | F47: 0.867 | G47: 1235 | H47: 48.8 | I47: =H47/$A$5 -> 0.042105263 | J47: 0.938 | K47: 1110 | L47: 39.6 | M47: =L47/$A$5 -> 0.034167386 | N47: 0.96 | O47: 955 | P47: 39 | Q47: =P47/$A$5 -> 0.033649698 | R47: 0.954 | S47: 790 | T47: 37.8 | U47: =T47/$A$5 -> 0.032614323 | V47: 0.956
B48: 6 | C48: 1185 | D48: 87.4 | E48: =D48/$A$5 -> 0.075409836 | F48: 0.921 | G48: 1140 | H48: 68.7 | I48: =H48/$A$5 -> 0.059275237 | J48: 0.945 | K48: 940 | L48: 55.2 | M48: =L48/$A$5 -> 0.047627265 | N48: 0.956 | O48: 810 | P48: 48.7 | Q48: =P48/$A$5 -> 0.042018982 | R48: 0.964 | S48: 670 | T48: 48.4 | U48: =T48/$A$5 -> 0.041760138 | V48: 0.961
B49: 7 | C49: 1040 | D49: 54.3 | E49: =D49/$A$5 -> 0.046850733 | F49: 0.951 | G49: 935 | H49: 41.9 | I49: =H49/$A$5 -> 0.036151855 | J49: 0.965 | K49: 815 | L49: 36.6 | M49: =L49/$A$5 -> 0.031578947 | N49: 0.972 | O49: 645 | P49: 33.4 | Q49: =P49/$A$5 -> 0.028817947 | R49: 0.976 | S49: 520 | T49: 33.9 | U49: =T49/$A$5 -> 0.029249353 | V49: 0.975
B51: Average | D51: =SUMPRODUCT(C42:C49,D42:D49)/SUM(C42:C49) -> 58.476794 | E51: =SUMPRODUCT(C42:C49,E42:E49)/SUM(C42:C49) -> 0.050454524 | H51: =SUMPRODUCT(G42:G49,H42:H49)/SUM(G42:G49) -> 47.556548 | I51: =SUMPRODUCT(G42:G49,I42:I49)/SUM(G42:G49) -> 0.041032397 | L51: =SUMPRODUCT(K42:K49,L42:L49)/SUM(K42:K49) -> 42.233677 | M51: =SUMPRODUCT(K42:K49,M42:M49)/SUM(K42:K49) -> 0.036439756 | P51: =SUMPRODUCT(O42:O49,P42:P49)/SUM(O42:O49) -> 40.065292 | Q51: =SUMPRODUCT(O42:O49,Q42:Q49)/SUM(O42:O49) -> 0.034568846 | T51: =SUMPRODUCT(S42:S49,T42:T49)/SUM(S42:S49) -> 39.297595 | U51: =SUMPRODUCT(S42:S49,U42:U49)/SUM(S42:S49) -> 0.033906466
E52: 5.39 | I52: 4.36 | M52: 3.77 | Q52: 3.61 | U52: 3.51
C53: =SUM(C42:C49) -> 13100 | G53: =SUM(G42:G49) -> 11645 | K53: =SUM(K42:K49) -> 10185 | O53: =SUM(O42:O49) -> 8730 | S53: =SUM(S42:S49) -> 7275
A56: Seed - 84 | D56: 0.1 | H56: 0.2 | L56: 0.3 | P56: 0.4 | T56: 0.5
B57: Clusters | C57: Test Points | D57: MAE | E57: As Capacity | F57: R-Squared | G57: Test Points | H57: MAE | I57: As Capacity | J57: R-Squared | K57: Test Points | L57: MAE | M57: As Capacity | N57: R-Squared | O57: Test Points | P57: MAE | Q57: As Capacity | R57: R-Squared | S57: Test Points | T57: MAE | U57: As Capacity | V57: R-Squared
B58: 0 | C58: 1615 | D58: 63.9 | E58: =D58/$A$5 -> 0.055133736 | F58: 0.779 | G58: 1345 | H58: 47.5 | I58: =H58/$A$5 -> 0.040983607 | J58: 0.834 | K58: 1360 | L58: 44.7 | M58: =L58/$A$5 -> 0.038567731 | N58: 0.888 | O58: 1155 | P58: 43.7 | Q58: =P58/$A$5 -> 0.037704918 | R58: 0.891 | S58: 985 | T58: 43 | U58: =T58/$A$5 -> 0.037100949
B59: 1 | C59: 2025 | D59: 60.5 | E59: =D59/$A$5 -> 0.052200173 | F59: 0.862 | G59: 1830 | H59: 51.1 | I59: =H59/$A$5 -> 0.044089733 | J59: 0.91 | K59: 1470 | L59: 43.5 | M59: =L59/$A$5 -> 0.037532355 | N59: 0.911 | O59: 1280 | P59: 43.7 | Q59: =P59/$A$5 -> 0.037704918 | R59: 0.91 | S59: 1075 | T59: 43.2 | U59: =T59/$A$5 -> 0.037273512
B60: 2 | C60: 925 | D60: 79.4 | E60: =D60/$A$5 -> 0.068507334 | F60: 0.929 | G60: 850 | H60: 65.9 | I60: =H60/$A$5 -> 0.056859362 | J60: 0.943 | K60: 715 | L60: 46.5 | M60: =L60/$A$5 -> 0.040120794 | N60: 0.975 | O60: 620 | P60: 41.9 | Q60: =P60/$A$5 -> 0.036151855 | R60: 0.978 | S60: 515 | T60: 40.8 | U60: =T60/$A$5 -> 0.035202761
B61: 3 | C61: 3165 | D61: 47.2 | E61: =D61/$A$5 -> 0.040724763 | F61: 0.947 | G61: 2840 | H61: 43.6 | I61: =H61/$A$5 -> 0.037618637 | J61: 0.955 | K61: 2440 | L61: 46.4 | M61: =L61/$A$5 -> 0.040034513 | N61: 0.944 | O61: 2115 | P61: 42.4 | Q61: =P61/$A$5 -> 0.036583261 | R61: 0.953 | S61: 1770 | T61: 40.1 | U61: =T61/$A$5 -> 0.034598792
B62: 4 | C62: 1900 | D62: 58.5 | E62: =D62/$A$5 -> 0.050474547 | F62: 0.957 | G62: 1695 | H62: 40.6 | I62: =H62/$A$5 -> 0.035030198 | J62: 0.977 | K62: 1460 | L62: 42.8 | M62: =L62/$A$5 -> 0.036928387 | N62: 0.975 | O62: 1245 | P62: 36.6 | Q62: =P62/$A$5 -> 0.031578947 | R62: 0.982 | S62: 1060 | T62: 34.3 | U62: =T62/$A$5 -> 0.029594478
B63: 5 | C63: 1255 | D63: 49.4 | E63: =D63/$A$5 -> 0.042622951 | F63: 0.911 | G63: 1105 | H63: 42.6 | I63: =H63/$A$5 -> 0.036755824 | J63: 0.939 | K63: 1005 | L63: 42.5 | M63: =L63/$A$5 -> 0.036669543 | N63: 0.944 | O63: 830 | P63: 38.2 | Q63: =P63/$A$5 -> 0.032959448 | R63: 0.958 | S63: 710 | T63: 35.8 | U63: =T63/$A$5 -> 0.030888697
B64: 6 | C64: 1140 | D64: 61.7 | E64: =D64/$A$5 -> 0.053235548 | F64: 0.953 | G64: 1050 | H64: 55.7 | I64: =H64/$A$5 -> 0.048058671 | J64: 0.961 | K64: 880 | L64: 46.4 | M64: =L64/$A$5 -> 0.040034513 | N64: 0.972 | O64: 755 | P64: 43.2 | Q64: =P64/$A$5 -> 0.037273512 | R64: 0.979 | S64: 590 | T64: 43.7 | U64: =T64/$A$5 -> 0.037704918
B65: 7 | C65: 1075 | D65: 61.3 | E65: =D65/$A$5 -> 0.052890423 | F65: 0.945 | G65: 930 | H65: 35.3 | I65: =H65/$A$5 -> 0.030457291 | J65: 0.974 | K65: 855 | L65: 37.1 | M65: =L65/$A$5 -> 0.032010354 | N65: 0.972 | O65: 730 | P65: 33.3 | Q65: =P65/$A$5 -> 0.028731665 | R65: 0.977 | S65: 570 | T65: 34.6 | U65: =T65/$A$5 -> 0.029853322
B67: Average | D67: =SUMPRODUCT(C58:C65,D58:D65)/SUM(C58:C65) -> 57.856985 | E67: =SUMPRODUCT(C58:C65,E58:E65)/SUM(C58:C65) -> 0.049919745 | H67: =SUMPRODUCT(G58:G65,H58:H65)/SUM(G58:G65) -> 46.753413 | I67: =SUMPRODUCT(G58:G65,I58:I65)/SUM(G58:G65) -> 0.040339442 | L67: =SUMPRODUCT(K58:K65,L58:L65)/SUM(K58:K65) -> 44.079872 | M67: =SUMPRODUCT(K58:K65,M58:M65)/SUM(K58:K65) -> 0.038032677 | P67: =SUMPRODUCT(O58:O65,P58:P65)/SUM(O58:O65) -> 40.808877 | Q67: =SUMPRODUCT(O58:O65,Q58:Q65)/SUM(O58:O65) -> 0.035210421 | T67: =SUMPRODUCT(S58:S65,T58:T65)/SUM(S58:S65) -> 39.596564 | U67: =SUMPRODUCT(S58:S65,U58:U65)/SUM(S58:S65) -> 0.034164421
E68: 5.39 | I68: 4.35 | M68: 3.79 | Q68: 3.61 | U68: 3.51
C69: =SUM(C58:C65) -> 13100 | G69: =SUM(G58:G65) -> 11645 | K69: =SUM(K58:K65) -> 10185 | O69: =SUM(O58:O65) -> 8730 | S69: =SUM(S58:S65) -> 7275

Sheet Kriegers
B3: 17515 | C3: hours | D3: 256 | E3: removed
A4: Kriegers
A5: 576
A7: Seed - 84 | D7: 0.1 | H7: 0.2 | L7: 0.3 | P7: 0.4 | T7: 0.5
B8: Clusters | C8: Test Points | D8: MAE | E8: As Capacity | F8: R-Squared | G8: Test Points | H8: MAE | I8: As Capacity | J8: R-Squared | K8: Test Points | L8: MAE | M8: As Capacity | N8: R-Squared | O8: Test Points | P8: MAE | Q8: As Capacity | R8: R-Squared | S8: Test Points | T8: MAE | U8: As Capacity | V8: R-Squared
B9: 0 | C9: =AVERAGE(C26,C42,C58) -> 1563.3333 | D9: =AVERAGE(D26,D42,D58) -> 31.766667 | E9: =AVERAGE(E26,E42,E58) -> 0.055150463 | F9: =AVERAGE(F26,F42,F58) -> 0.84233333 | G9: =AVERAGE(G26,G42,G58) -> 1375 | H9: =AVERAGE(H26,H42,H58) -> 27.933333 | I9: =AVERAGE(I26,I42,I58) -> 0.04849537 | J9: =AVERAGE(J26,J42,J58) -> 0.888 | ... V9: =AVERAGE(V26,V42,V58) -> 0.9195
B10: 1 | C10: =AVERAGE(C27,C43,C59) -> 2716.6667 | D10: =AVERAGE(D27,D43,D59) -> 19.866667 | E10: =AVERAGE(E27,E43,E59) -> 0.034490741 | F10: =AVERAGE(F27,F43,F59) -> 0.879 | G10: =AVERAGE(G27,G43,G59) -> 2411.6667 | H10: =AVERAGE(H27,H43,H59) -> 16.633333 | I10: =AVERAGE(I27,I43,I59) -> 0.028877315 | J10: =AVERAGE(J27,J43,J59) -> 0.90866667 | ... V10: =AVERAGE(V27,V43,V59) -> 0.9185
B11: 2 | C11: =AVERAGE(C28,C44,C60) -> 1670 | D11: =AVERAGE(D28,D44,D60) -> 27.333333 | E11: =AVERAGE(E28,E44,E60) -> 0.047453704 | F11: =AVERAGE(F28,F44,F60) -> 0.95533333 | G11: =AVERAGE(G28,G44,G60) -> 1485 | H11: =AVERAGE(H28,H44,H60) -> 21.833333 | I11: =AVERAGE(I28,I44,I60) -> 0.037905093 | J11: =AVERAGE(J28,J44,J60) -> 0.96933333 | ... V11: =AVERAGE(V28,V44,V60) -> 0.9775
B12: 3 | C12: =AVERAGE(C29,C45,C61) -> 1675 | D12: =AVERAGE(D29,D45,D61) -> 35.066667 | E12: =AVERAGE(E29,E45,E61) -> 0.06087963 | F12: =AVERAGE(F29,F45,F61) -> 0.91133333 | G12: =AVERAGE(G29,G45,G61) -> 1451.6667 | H12: =AVERAGE(H29,H45,H61) -> 28.2 | I12: =AVERAGE(I29,I45,I61) -> 0.048958333 | J12: =AVERAGE(J29,J45,J61) -> 0.93766667 | ... V12: =AVERAGE(V29,V45,V61) -> 0.949
B13: 4 | C13: =AVERAGE(C30,C46,C62) -> 1588.3333 | D13: =AVERAGE(D30,D46,D62) -> 40.766667 | E13: =AVERAGE(E30,E46,E62) -> 0.070775463 | F13: =AVERAGE(F30,F46,F62) -> 0.91266667 | G13: =AVERAGE(G30,G46,G62) -> 1421.6667 | H13: =AVERAGE(H30,H46,H62) -> 33.733333 | I13: =AVERAGE(I30,I46,I62) -> 0.058564815 | J13: =AVERAGE(J30,J46,J62) -> 0.93633333 | ... V13: =AVERAGE(V30,V46,V62) -> 0.9635
B14: 5 | C14: =AVERAGE(C31,C47,C63) -> 1160 | D14: =AVERAGE(D31,D47,D63) -> 42.966667 | E14: =AVERAGE(E31,E47,E63) -> 0.074594907 | F14: =AVERAGE(F31,F47,F63) -> 0.85833333 | G14: =AVERAGE(G31,G47,G63) -> 1068.3333 | H14: =AVERAGE(H31,H47,H63) -> 30.8 | I14: =AVERAGE(I31,I47,I63) -> 0.053472222 | J14: =AVERAGE(J31,J47,J63) -> 0.93333333 | ... V14: =AVERAGE(V31,V47,V63) -> 0.9575
B15: 6 | C15: =AVERAGE(C32,C48,C64) -> 1808.3333 | D15: =AVERAGE(D32,D48,D64) -> 36.033333 | E15: =AVERAGE(E32,E48,E64) -> 0.06255787 | F15: =AVERAGE(F32,F48,F64) -> 0.93766667 | G15: =AVERAGE(G32,G48,G64) -> 1625 | H15: =AVERAGE(H32,H48,H64) -> 27.7 | I15: =AVERAGE(I32,I48,I64) -> 0.048090278 | J15: =AVERAGE(J32,J48,J64) -> 0.96033333 | ... V15: =AVERAGE(V32,V48,V64) -> 0.97
B16: 7 | C16: =AVERAGE(C33,C49,C65) -> 948.33333 | D16: =AVERAGE(D33,D49,D65) -> 39.233333 | E16: =AVERAGE(E33,E49,E65) -> 0.068113426 | F16: =AVERAGE(F33,F49,F65) -> 0.92 | G16: =AVERAGE(G33,G49,G65) -> 831.66667 | H16: =AVERAGE(H33,H49,H65) -> 26.7 | I16: =AVERAGE(I33,I49,I65) -> 0.046354167 | J16: =AVERAGE(J33,J49,J65) -> 0.96166667 | ... V16: =AVERAGE(V33,V49,V65) -> 0.9695
B18: Average | D18: =AVERAGE(D35,D51,D67) -> 32.384362 | E18: =AVERAGE(E35,E51,E67) -> 0.05622285 | F18: =AVERAGE(F35,F51,F67) -> #DIV/0! | H18: =AVERAGE(H35,H51,H67) -> 25.708726 | I18: =AVERAGE(I35,I51,I67) -> 0.044633205 | J18: =AVERAGE(J35,J51,J67) -> #DIV/0! | L18: =AVERAGE(L35,L51,L67) -> 23.573604 | M18: =AVERAGE(M35,M51,M67) -> 0.040926396 | N18: =AVERAGE(N35,N51,N67) -> #DIV/0! | P18: =AVERAGE(P35,P51,P67) -> 22.521093 | Q18: =AVERAGE(Q35,Q51,Q67) -> 0.039099119 | R18: =AVERAGE(R35,R51,R67) -> #DIV/0! | T18: =AVERAGE(T35,T51,T67) -> 21.663651 | U18: =AVERAGE(U35,U51,U67) -> 0.037610505 | V18: =AVERAGE(V35,V51,V67) -> #DIV/0!
C20: =SUM(C9:C16) -> 13130 | G20: =SUM(G9:G16) -> 11670 | K20: =SUM(K9:K16) -> 10210 | O20: =SUM(O9:O16) -> 8755 | S20: =SUM(S9:S16) -> 7295
C21: =C20/($B$3-$D$3) -> 0.7607625 | G21: =G20/($B$3-$D$3) -> 0.67616896
A24: Seed - 42 | D24: 0.1 | H24: 0.2 | L24: 0.3 | P24: 0.4 | T24: 0.5
B25: Clusters | C25: Test Points | D25: MAE | E25: As Capacity | F25: R-Squared | G25: Test Points | H25: MAE | I25: As Capacity | J25: R-Squared | K25: Test Points | L25: MAE | M25: As Capacity | N25: R-Squared | O25: Test Points | P25: MAE | Q25: As Capacity | R25: R-Squared | S25: Test Points | T25: MAE | U25: As Capacity | V25: R-Squared
B26: 0 | C26: 1425 | D26: 37.1 | E26: =D26/$A$5 -> 0.064409722 | F26: 0.761 | G26: 1365 | H26: 28.3 | I26: =H26/$A$5 -> 0.049131944 | J26: 0.875 | K26: 1180 | L26: 26.7 | M26: =L26/$A$5 -> 0.046354167 | N26: 0.893 | O26: 1070 | P26: 25.7 | Q26: =P26/$A$5 -> 0.044618056 | R26: 0.921 | S26: 910 | T26: 24.5 | U26: =T26/$A$5 -> 0.042534722 | V26: 0.926
B27: 1 | C27: 2730 | D27: 19.7 | E27: =D27/$A$5 -> 0.034201389 | F27: 0.901 | G27: 2395 | H27: 17.6 | I27: =H27/$A$5 -> 0.030555556 | J27: 0.902 | K27: 2050 | L27: 16 | M27: =L27/$A$5 -> 0.027777778 | N27: 0.913 | O27: 1685 | P27: 14.8 | Q27: =P27/$A$5 -> 0.025694444 | R27: 0.907 | S27: 1395 | T27: 14.8 | U27: =T27/$A$5 -> 0.025694444 | V27: 0.909
B28: 2 | C28: 1670 | D28: 28 | E28: =D28/$A$5 -> 0.048611111 | F28: 0.953 | G28: 1455 | H28: 20.7 | I28: =H28/$A$5 -> 0.0359375 | J28: 0.973 | K28: 1310 | L28: 20.1 | M28: =L28/$A$5 -> 0.034895833 | N28: 0.973 | O28: 1105 | P28: 19.9 | Q28: =P28/$A$5 -> 0.034548611 | R28: 0.973 | S28: 915 | T28: 19 | U28: =T28/$A$5 -> 0.032986111 | V28: 0.977
B29: 3 | C29: 1545 | D29: 39.5 | E29: =D29/$A$5 -> 0.068576389 | F29: 0.886 | G29: 1415 | H29: 29.9 | I29: =H29/$A$5 -> 0.051909722 | J29: 0.931 | K29: 1245 | L29: 28.7 | M29: =L29/$A$5 -> 0.049826389 | N29: 0.935 | O29: 1025 | P29: 29 | Q29: =P29/$A$5 -> 0.050347222 | R29: 0.929 | S29: 835 | T29: 25.9 | U29: =T29/$A$5 -> 0.044965278 | V29: 0.942
B30: 4 | C30: 1590 | D30: 39.8 | E30: =D30/$A$5 -> 0.069097222 | F30: 0.914 | G30: 1400 | H30: 33.3 | I30: =H30/$A$5 -> 0.0578125 | J30: 0.938 | K30: 1265 | L30: 28 | M30: =L30/$A$5 -> 0.048611111 | N30: 0.954 | O30: 1075 | P30: 25.9 | Q30: =P30/$A$5 -> 0.044965278 | R30: 0.961 | S30: 885 | T30: 25.7 | U30: =T30/$A$5 -> 0.044618056 | V30: 0.963
B31: 5 | C31: 1230 | D31: 51.4 | E31: =D31/$A$5 -> 0.089236111 | F31: 0.829 | G31: 1095 | H31: 28.5 | I31: =H31/$A$5 -> 0.049479167 | J31: 0.942 | K31: 965 | L31: 28.4 | M31: =L31/$A$5 -> 0.049305556 | N31: 0.939 | O31: 870 | P31: 24.8 | Q31: =P31/$A$5 -> 0.043055556 | R31: 0.958 | S31: 750 | T31: 23.2 | U31: =T31/$A$5 -> 0.040277778 | V31: 0.964
B32: 6 | C32: 1945 | D32: 39.7 | E32: =D32/$A$5 -> 0.068923611 | F32: 0.928 | G32: 1685 | H32: 27 | I32: =H32/$A$5 -> 0.046875 | J32: 0.962 | K32: 1440 | L32: 24.6 | M32: =L32/$A$5 -> 0.042708333 | N32: 0.966 | O32: 1240 | P32: 22.9 | Q32: =P32/$A$5 -> 0.039756944 | R32: 0.971 | S32: 1045 | T32: 23.7 | U32: =T32/$A$5 -> 0.041145833 | V32: 0.969
B33: 7 | C33: 995 | D33: 47.6 | E33: =D33/$A$5 -> 0.082638889 | F33: 0.891 | G33: 860 | H33: 29.7 | I33: =H33/$A$5 -> 0.0515625 | J33: 0.954 | K33: 755 | L33: 29.4 | M33: =L33/$A$5 -> 0.051041667 | N33: 0.953 | O33: 685 | P33: 23.4 | Q33: =P33/$A$5 -> 0.040625 | R33: 0.969 | S33: 560 | T33: 24.4 | U33: =T33/$A$5 -> 0.042361111 | V33: 0.966
B35: Average | D35: =SUMPRODUCT(C26:C33,D26:D33)/SUM(C26:C33) -> 35.45457 | E35: =SUMPRODUCT(C26:C33,E26:E33)/SUM(C26:C33) -> 0.061553072 | H35: =SUMPRODUCT(G26:G33,H26:H33)/SUM(G26:G33) -> 25.884576 | I35: =SUMPRODUCT(G26:G33,I26:I33)/SUM(G26:G33) -> 0.0449385 | L35: =SUMPRODUCT(K26:K33,L26:L33)/SUM(K26:K33) -> 24.173898 | M35: =SUMPRODUCT(K26:K33,M26:M33)/SUM(K26:K33) -> 0.041968573 | P35: =SUMPRODUCT(O26:O33,P26:P33)/SUM(O26:O33) -> 22.615077 | Q35: =SUMPRODUCT(O26:O33,Q26:Q33)/SUM(O26:O33) -> 0.039262287 | T35: =SUMPRODUCT(S26:S33,T26:T33)/SUM(S26:S33) -> 22.005141 | U35: =SUMPRODUCT(S26:S33,U26:U33)/SUM(S26:S33) -> 0.038203369
E36: 5.55 | I36: 4.36 | M36: 4.11 | Q36: 3.97 | U36: 3.74
C37: =SUM(C26:C33) -> 13130 | G37: =SUM(G26:G33) -> 11670 | K37: =SUM(K26:K33) -> 10210 | O37: =SUM(O26:O33) -> 8755 | S37: =SUM(S26:S33) -> 7295
A40: Seed - 63 | D40: 0.1 | H40: 0.2 | L40: 0.3 | P40: 0.4 | T40: 0.5
B41: Clusters | C41: Test Points | D41: MAE | E41: As Capacity | F41: R-Squared | G41: Test Points | H41: MAE | I41: As Capacity | J41: R-Squared | K41: Test Points | L41: MAE | M41: As Capacity | N41: R-Squared | O41: Test Points | P41: MAE | Q41: As Capacity | R41: R-Squared | S41: Test Points | T41: MAE | U41: As Capacity | V41: R-Squared
B42: 0 | C42: 1750 | D42: 29.3 | E42: =D42/$A$5 -> 0.050868056 | F42: 0.89 | G42: 1525 | H42: 28.6 | I42: =H42/$A$5 -> 0.049652778 | J42: 0.905 | K42: 1370 | L42: 25.6 | M42: =L42/$A$5 -> 0.044444444 | N42: 0.924 | O42: 1155 | P42: 26.8 | Q42: =P42/$A$5 -> 0.046527778 | R42: 0.921 | S42: 845 | T42: 23.2 | U42: =T42/$A$5 -> 0.040277778
B43: 1 | C43: 2655 | D43: 18.9 | E43: =D43/$A$5 -> 0.0328125 | F43: 0.856 | G43: 2370 | H43: 15.9 | I43: =H43/$A$5 -> 0.027604167 | J43: 0.897 | K43: 2040 | L43: 15.7 | M43: =L43/$A$5 -> 0.027256944 | N43: 0.894 | O43: 1780 | P43: 15.8 | Q43: =P43/$A$5 -> 0.027430556 | R43: 0.899 | S43: 1520 | T43: 15.4 | U43: =T43/$A$5 -> 0.026736111
B44: 2 | C44: 1680 | D44: 26.2 | E44: =D44/$A$5 -> 0.045486111 | F44: 0.96 | G44: 1480 | H44: 21.6 | I44: =H44/$A$5 -> 0.0375 | J44: 0.969 | K44: 1285 | L44: 20 | M44: =L44/$A$5 -> 0.034722222 | N44: 0.971 | O44: 1100 | P44: 19.4 | Q44: =P44/$A$5 -> 0.033680556 | R44: 0.97 | S44: 960 | T44: 19.2 | U44: =T44/$A$5 -> 0.033333333
B45: 3 | C45: 1690 | D45: 30.5 | E45: =D45/$A$5 -> 0.052951389 | F45: 0.931 | G45: 1510 | H45: 26.1 | I45: =H45/$A$5 -> 0.0453125 | J45: 0.944 | K45: 1335 | L45: 23.3 | M45: =L45/$A$5 -> 0.040451389 | N45: 0.953 | O45: 1100 | P45: 23.9 | Q45: =P45/$A$5 -> 0.041493056 | R45: 0.948 | S45: 855 | T45: 26.4 | U45: =T45/$A$5 -> 0.045833333
B46: 4 | C46: 1580 | D46: 38.4 | E46: =D46/$A$5 -> 0.066666667 | F46: 0.928 | G46: 1410 | H46: 33.1 | I46: =H46/$A$5 -> 0.057465278 | J46: 0.939 | K46: 1205 | L46: 27.3 | M46: =L46/$A$5 -> 0.047395833 | N46: 0.957 | O46: 1050 | P46: 26.6 | Q46: =P46/$A$5 -> 0.046180556 | R46: 0.96 | S46: 880 | T46: 27.3 | U46: =T46/$A$5 -> 0.047395833
B47: 5 | C47: 1125 | D47: 33 | E47: =D47/$A$5 -> 0.057291667 | F47: 0.918 | G47: 990 | H47: 31.5 | I47: =H47/$A$5 -> 0.0546875 | J47: 0.931 | K47: 885 | L47: 28.8 | M47: =L47/$A$5 -> 0.05 | N47: 0.942 | O47: 780 | P47: 27.4 | Q47: =P47/$A$5 -> 0.047569444 | R47: 0.946 | S47: 705 | T47: 24.9 | U47: =T47/$A$5 -> 0.043229167
B48: 6 | C48: 1725 | D48: 33.4 | E48: =D48/$A$5 -> 0.057986111 | F48: 0.947 | G48: 1575 | H48: 28.6 | I48: =H48/$A$5 -> 0.049652778 | J48: 0.959 | K48: 1395 | L48: 26.7 | M48: =L48/$A$5 -> 0.046354167 | N48: 0.965 | O48: 1205 | P48: 24.3 | Q48: =P48/$A$5 -> 0.0421875 | R48: 0.97 | S48: 1005 | T48: 23.6 | U48: =T48/$A$5 -> 0.040972222
B49: 7 | C49: 925 | D49: 35.9 | E49: =D49/$A$5 -> 0.062326389 | F49: 0.933 | G49: 810 | H49: 26.3 | I49: =H49/$A$5 -> 0.045659722 | J49: 0.963 | K49: 695 | L49: 25.7 | M49: =L49/$A$5 -> 0.044618056 | N49: 0.964 | O49: 585 | P49: 23.6 | Q49: =P49/$A$5 -> 0.040972222 | R49: 0.971 | S49: 525 | T49: 21.8 | U49: =T49/$A$5 -> 0.037847222
B51: Average | D51: =SUMPRODUCT(C42:C49,D42:D49)/SUM(C42:C49) -> 29.370526 | E51: =SUMPRODUCT(C42:C49,E42:E49)/SUM(C42:C49) -> 0.050990496 | H51: =SUMPRODUCT(G42:G49,H42:H49)/SUM(G42:G49) -> 25.439674 | I51: =SUMPRODUCT(G42:G49,I42:I49)/SUM(G42:G49) -> 0.044166101 | L51: =SUMPRODUCT(K42:K49,L42:L49)/SUM(K42:K49) -> 23.251518 | M51: =SUMPRODUCT(K42:K49,M42:M49)/SUM(K42:K49) -> 0.040367219 | P51: =SUMPRODUCT(O42:O49,P42:P49)/SUM(O42:O49) -> 22.741005 | Q51: =SUMPRODUCT(O42:O49,Q42:Q49)/SUM(O42:O49) -> 0.039480912 | T51: =SUMPRODUCT(S42:S49,T42:T49)/SUM(S42:S49) -> 22.036669 | U51: =SUMPRODUCT(S42:S49,U42:U49)/SUM(S42:S49) -> 0.038258106
E52: 5.56 | I52: 4.35 | M52: 4.09 | Q52: 3.95 | U52: 3.75
C53: =SUM(C42:C49) -> 13130 | G53: =SUM(G42:G49) -> 11670 | K53: =SUM(K42:K49) -> 10210 | O53: =SUM(O42:O49) -> 8755 | S53: =SUM(S42:S49) -> 7295
A56: Seed - 84 | D56: 0.1 | H56: 0.2 | L56: 0.3 | P56: 0.4 | T56: 0.5
B57: Clusters | C57: Test Points | D57: MAE | E57: As Capacity | F57: R-Squared | G57: Test Points | H57: MAE | I57: As Capacity | J57: R-Squared | K57: Test Points | L57: MAE | M57: As Capacity | N57: R-Squared | O57: Test Points | P57: MAE | Q57: As Capacity | R57: R-Squared | S57: Test Points | T57: MAE | U57: As Capacity | V57: R-Squared
B58: 0 | C58: 1515 | D58: 28.9 | E58: =D58/$A$5 -> 0.050173611 | F58: 0.876 | G58: 1235 | H58: 26.9 | I58: =H58/$A$5 -> 0.046701389 | J58: 0.884 | K58: 1165 | L58: 27.2 | M58: =L58/$A$5 -> 0.047222222 | N58: 0.888 | O58: 1065 | P58: 26.4 | Q58: =P58/$A$5 -> 0.045833333 | R58: 0.91 | S58: 935 | T58: 25.4 | U58: =T58/$A$5 -> 0.044097222 | V58: 0.913
B59: 1 | C59: 2765 | D59: 21 | E59: =D59/$A$5 -> 0.036458333 | F59: 0.88 | G59: 2470 | H59: 16.4 | I59: =H59/$A$5 -> 0.028472222 | J59: 0.927 | K59: 2055 | L59: 15.4 | M59: =L59/$A$5 -> 0.026736111 | N59: 0.923 | O59: 1700 | P59: 14.9 | Q59: =P59/$A$5 -> 0.025868056 | R59: 0.924 | S59: 1400 | T59: 14.1 | U59: =T59/$A$5 -> 0.024479167 | V59: 0.928
B60: 2 | C60: 1660 | D60: 27.8 | E60: =D60/$A$5 -> 0.048263889 | F60: 0.953 | G60: 1520 | H60: 23.2 | I60: =H60/$A$5 -> 0.040277778 | J60: 0.966 | K60: 1300 | L60: 21.1 | M60: =L60/$A$5 -> 0.036631944 | N60: 0.971 | O60: 1085 | P60: 20.4 | Q60: =P60/$A$5 -> 0.035416667 | R60: 0.972 | S60: 880 | T60: 17.8 | U60: =T60/$A$5 -> 0.030902778 | V60: 0.978
B61: 3 | C61: 1790 | D61: 35.2 | E61: =D61/$A$5 -> 0.061111111 | F61: 0.917 | G61: 1430 | H61: 28.6 | I61: =H61/$A$5 -> 0.049652778 | J61: 0.938 | K61: 1290 | L61: 23.8 | M61: =L61/$A$5 -> 0.041319444 | N61: 0.954 | O61: 1065 | P61: 22.5 | Q61: =P61/$A$5 -> 0.0390625 | R61: 0.956 | S61: 925 | T61: 21.7 | U61: =T61/$A$5 -> 0.037673611 | V61: 0.956
B62: 4 | C62: 1595 | D62: 44.1 | E62: =D62/$A$5 -> 0.0765625 | F62: 0.896 | G62: 1455 | H62: 34.8 | I62: =H62/$A$5 -> 0.060416667 | J62: 0.932 | K62: 1265 | L62: 27.9 | M62: =L62/$A$5 -> 0.0484375 | N62: 0.955 | O62: 1065 | P62: 25.4 | Q62: =P62/$A$5 -> 0.044097222 | R62: 0.963 | S62: 880 | T62: 24.5 | U62: =T62/$A$5 -> 0.042534722 | V62: 0.964
B63: 5 | C63: 1125 | D63: 44.5 | E63: =D63/$A$5 -> 0.077256944 | F63: 0.828 | G63: 1120 | H63: 32.4 | I63: =H63/$A$5 -> 0.05625 | J63: 0.927 | K63: 1005 | L63: 29.7 | M63: =L63/$A$5 -> 0.0515625 | N63: 0.936 | O63: 920 | P63: 25.8 | Q63: =P63/$A$5 -> 0.044791667 | R63: 0.951 | S63: 745 | T63: 24.2 | U63: =T63/$A$5 -> 0.042013889 | V63: 0.951
B64: 6 | C64: 1755 | D64: 35 | E64: =D64/$A$5 -> 0.060763889 | F64: 0.938 | G64: 1615 | H64: 27.5 | I64: =H64/$A$5 -> 0.047743056 | J64: 0.96 | K64: 1410 | L64: 24.9 | M64: =L64/$A$5 -> 0.043229167 | N64: 0.966 | O64: 1240 | P64: 24.5 | Q64: =P64/$A$5 -> 0.042534722 | R64: 0.965 | S64: 1005 | T64: 22.4 | U64: =T64/$A$5 -> 0.038888889 | V64: 0.971
B65: 7 | C65: 925 | D65: 34.2 | E65: =D65/$A$5 -> 0.059375 | F65: 0.936 | G65: 825 | H65: 24.1 | I65: =H65/$A$5 -> 0.041840278 | J65: 0.968 | K65: 720 | L65: 22.4 | M65: =L65/$A$5 -> 0.038888889 | N65: 0.971 | O65: 615 | P65: 22.3 | Q65: =P65/$A$5 -> 0.038715278 | R65: 0.972 | S65: 525 | T65: 21.9 | U65: =T65/$A$5 -> 0.038020833 | V65: 0.973
B67: Average | D67: =SUMPRODUCT(C58:C65,D58:D65)/SUM(C58:C65) -> 32.327989 | E67: =SUMPRODUCT(C58:C65,E58:E65)/SUM(C58:C65) -> 0.056124981 | H67: =SUMPRODUCT(G58:G65,H58:H65)/SUM(G58:G65) -> 25.801928 | I67: =SUMPRODUCT(G58:G65,I58:I65)/SUM(G58:G65) -> 0.044795014 | L67: =SUMPRODUCT(K58:K65,L58:L65)/SUM(K58:K65) -> 23.295397 | M67: =SUMPRODUCT(K58:K65,M58:M65)/SUM(K58:K65) -> 0.040443397 | P67: =SUMPRODUCT(O58:O65,P58:P65)/SUM(O58:O65) -> 22.207196 | Q67: =SUMPRODUCT(O58:O65,Q58:Q65)/SUM(O58:O65) -> 0.03855416 | T67: =SUMPRODUCT(S58:S65,T58:T65)/SUM(S58:S65) -> 20.949143 | U67: =SUMPRODUCT(S58:S65,U58:U65)/SUM(S58:S65) -> 0.03637004
E68: 5.53 | I68: 4.36 | M68: 4.08 | Q68: 3.94 | U68: 3.73
C69: =SUM(C58:C65) -> 13130 | G69: =SUM(G58:G65) -> 11670 | K69: =SUM(K58:K65) -> 10210 | O69: =SUM(O58:O65) -> 8755 | S69: =SUM(S58:S65) -> 7295

Sheet East Anglia One
B3: 17515 | C3: hours | D3: 262 | E3: removed
A4: East Anglia One
A5: 714
D7: 0.1 | H7: 0.2 | L7: 0.3 | P7: 0.4 | T7: 0.5
B8: Clusters | C8: Test Points | D8: MAE | E8: As Capacity | F8: R-Squared | G8: Test Points | H8: MAE | I8: As Capacity | J8: R-Squared | K8: Test Points | L8: MAE | M8: As Capacity | N8: R-Squared | O8: Test Points | P8: MAE | Q8: As Capacity | R8: R-Squared | S8: Test Points | T8: MAE | U8: As Capacity | V8: R-Squared
B9: 0 | C9: =AVERAGE(C26,C41,C57) -> 1778.3333 | D9: =AVERAGE(D26,D41,D57) -> 26.3 | E9: =AVERAGE(E26,E41,E57) -> 0.036834734 | F9: =AVERAGE(F26,F41,F57) -> 0.85333333 | G9: =AVERAGE(G26,G41,G57) -> 1521.6667 | H9: =AVERAGE(H26,H41,H57) -> 22.733333 | I9: =AVERAGE(I26,I41,I57) -> 0.031839402 | J9: =AVERAGE(J26,J41,J57) -> 0.88166667 | ... V9: =AVERAGE(V26,V41,V57) -> 0.897
B10: 1 | C10: =AVERAGE(C27,C42,C58) -> 2673.3333 | D10: =AVERAGE(D27,D42,D58) -> 28.966667 | E10: =AVERAGE(E27,E42,E58) -> 0.040569561 | F10: =AVERAGE(F27,F42,F58) -> 0.92266667 | G10: =AVERAGE(G27,G42,G58) -> 2443.3333 | H10: =AVERAGE(H27,H42,H58) -> 25.9 | I10: =AVERAGE(I27,I42,I58) -> 0.03627451 | J10: =AVERAGE(J27,J42,J58) -> 0.93533333 | ... V10: =AVERAGE(V27,V42,V58) -> 0.932
B11: 2 | C11: =AVERAGE(C28,C43,C59) -> 1136.6667 | D11: =AVERAGE(D28,D43,D59) -> 39.333333 | E11: =AVERAGE(E28,E43,E59) -> 0.055088702 | F11: =AVERAGE(F28,F43,F59) -> 0.94866667 | G11: =AVERAGE(G28,G43,G59) -> 1023.3333 | H11: =AVERAGE(H28,H43,H59) -> 34.266667 | I11: =AVERAGE(I28,I43,I59) -> 0.04799253 | J11: =AVERAGE(J28,J43,J59) -> 0.96 | ... V11: =AVERAGE(V28,V43,V59) -> 0.9725
B12: 3 | C12: =AVERAGE(C29,C44,C60) -> 2030 | D12: =AVERAGE(D29,D44,D60) -> 36.766667 | E12: =AVERAGE(E29,E44,E60) -> 0.051493931 | F12: =AVERAGE(F29,F44,F60) -> 0.931 | G12: =AVERAGE(G29,G44,G60) -> 1701.6667 | H12: =AVERAGE(H29,H44,H60) -> 31.5 | I12: =AVERAGE(I29,I44,I60) -> 0.044117647 | J12: =AVERAGE(J29,J44,J60) -> 0.94566667 | ... V12: =AVERAGE(V29,V44,V60) -> 0.9535
B13: 4 | C13: =AVERAGE(C30,C45,C61) -> 1720 | D13: =AVERAGE(D30,D45,D61) -> 40.2 | E13: =AVERAGE(E30,E45,E61) -> 0.056302521 | F13: =AVERAGE(F30,F45,F61) -> 0.94 | G13: =AVERAGE(G30,G45,G61) -> 1843.3333 | H13: =AVERAGE(H30,H45,H61) -> 30.2 | I13: =AVERAGE(I30,I45,I61) -> 0.042296919 | J13: =AVERAGE(J30,J45,J61) -> 0.964 | ... V13: =AVERAGE(V30,V45,V61) -> 0.972
B14: 5 | C14: =AVERAGE(C31,C46,C62) -> 1056.6667 | D14: =AVERAGE(D31,D46,D62) -> 41.8 | E14: =AVERAGE(E31,E46,E62) -> 0.058543417 | F14: =AVERAGE(F31,F46,F62) -> 0.73466667 | G14: =AVERAGE(G31,G46,G62) -> 965 | H14: =AVERAGE(H31,H46,H62) -> 27.5 | I14: =AVERAGE(I31,I46,I62) -> 0.038515406 | J14: =AVERAGE(J31,J46,J62) -> 0.882 | ... V14: =AVERAGE(V31,V46,V62) -> 0.9115
B15: 6 | C15: =AVERAGE(C32,C47,C63) -> 983.33333 | D15: =AVERAGE(D32,D47,D63) -> 51 | E15: =AVERAGE(E32,E47,E63) -> 0.071428571 | F15: =AVERAGE(F32,F47,F63) -> 0.932 | G15: =AVERAGE(G32,G47,G63) -> 916.66667 | H15: =AVERAGE(H32,H47,H63) -> 39.233333 | I15: =AVERAGE(I32,I47,I63) -> 0.054948646 | J15: =AVERAGE(J32,J47,J63) -> 0.957 | ... V15: =AVERAGE(V32,V47,V63) -> 0.9735
B16: 7 | C16: =AVERAGE(C33,C48,C64) -> 1423.3333 | D16: =AVERAGE(D33,D48,D64) -> 43.266667 | E16: =AVERAGE(E33,E48,E64) -> 0.060597572 | F16: =AVERAGE(F33,F48,F64) -> 0.92066667 | G16: =AVERAGE(G33,G48,G64) -> 1260 | H16: =AVERAGE(H33,H48,H64) -> 32.733333 | I16: =AVERAGE(I33,I48,I64) -> 0.045845005 | J16: =AVERAGE(J33,J48,J64) -> 0.94633333 | ... V16: =AVERAGE(V33,V48,V64) -> 0.9685
B18: Average | D18: =AVERAGE(D35,D50,D66) -> 36.565763 | E18: =AVERAGE(E35,E50,E66) -> 0.051212554 | F18: =AVERAGE(F35,F50,F66) -> #DIV/0! | H18: =AVERAGE(H35,H50,H66) -> 29.631649 | I18: =AVERAGE(I35,I50,I66) -> 0.041500909 | J18: =AVERAGE(J35,J50,J66) -> #DIV/0! | L18: =AVERAGE(L35,L50,L66) -> 27.493229 | M18: =AVERAGE(M35,M50,M66) -> 0.038505923 | N18: =AVERAGE(N35,N50,N66) -> #DIV/0! | P18: =AVERAGE(P35,P50,P66) -> #DIV/0! | Q18: =AVERAGE(Q35,Q50,Q66) -> #DIV/0! | R18: =AVERAGE(R35,R50,R66) -> #DIV/0! | T18: =AVERAGE(T35,T50,T66) -> #DIV/0! | U18: =AVERAGE(U35,U50,U66) -> #DIV/0! | V18: =AVERAGE(V35,V50,V66) -> #DIV/0!
C20: =SUM(C9:C16) -> 12801.667 | G20: =SUM(G9:G16) -> 11675 | K20: =SUM(K9:K16) -> 10215 | O20: =SUM(O9:O16) -> 8755 | S20: =SUM(S9:S16) -> 7295
C21: =C20/($B$3-$D$3) -> 0.74199656 | G21: =G20/($B$3-$D$3) -> 0.67669391
A24: Seed - 42 | D24: 0.1 | H24: 0.2 | L24: 0.3 | P24: 0.4 | T24: 0.5
B25: Clusters | C25: Test Points | D25: MAE | E25: As Capacity | F25: R-Squared | G25: Test Points | H25: MAE | I25: As Capacity | J25: R-Squared | K25: Test Points | L25: MAE | M25: As Capacity | N25: R-Squared | O25: Test Points | P25: MAE | Q25: As Capacity | R25: R-Squared | S25: Test Points | T25: MAE | U25: As Capacity | V25: R-Squared
B26: 0 | C26: 1645 | D26: 26.8 | E26: =D26/$A$5 -> 0.037535014 | F26: 0.817 | G26: 1525 | H26: 22.4 | I26: =H26/$A$5 -> 0.031372549 | J26: 0.869 | K26: 1315 | L26: 22.1 | M26: =L26/$A$5 -> 0.030952381 | N26: 0.865 | O26: 1110 | P26: 21.2 | Q26: =P26/$A$5 -> 0.029691877 | R26: 0.865 | S26: 1005 | T26: 21 | U26: =T26/$A$5 -> 0.029411765 | V26: 0.901
B27: 1 | C27: 2720 | D27: 27.7 | E27: =D27/$A$5 -> 0.038795518 | F27: 0.933 | G27: 2510 | H27: 25.9 | I27: =H27/$A$5 -> 0.03627451 | J27: 0.938 | K27: 2180 | L27: 26.1 | M27: =L27/$A$5 -> 0.036554622 | N27: 0.935 | O27: 1870 | P27: 26.5 | Q27: =P27/$A$5 -> 0.037114846 | R27: 0.937 | S27: 1525 | T27: 25.3 | U27: =T27/$A$5 -> 0.035434174 | V27: 0.941
B28: 2 | C28: 1170 | D28: 47.3 | E28: =D28/$A$5 -> 0.066246499 | F28: 0.931 | G28: 1035 | H28: 35.5 | I28: =H28/$A$5 -> 0.049719888 | J28: 0.959 | K28: 870 | L28: 29.6 | M28: =L28/$A$5 -> 0.041456583 | N28: 0.968 | O28: 785 | P28: 27.5 | Q28: =P28/$A$5 -> 0.038515406 | R28: 0.971 | S28: 635 | T28: 27.1 | U28: =T28/$A$5 -> 0.037955182 | V28: 0.97
B29: 3 | C29: 2185 | D29: 38.7 | E29: =D29/$A$5 -> 0.054201681 | F29: 0.933 | G29: 1655 | H29: 29.8 | I29: =H29/$A$5 -> 0.041736695 | J29: 0.951 | K29: 1480 | L29: 31.8 | M29: =L29/$A$5 -> 0.044537815 | N29: 0.946 | O29: 1245 | P29: 30.3 | Q29: =P29/$A$5 -> 0.042436975 | R29: 0.952 | S29: 995 | T29: 27.2 | U29: =T29/$A$5 -> 0.038095238 | V29: 0.958
B30: 4 | C30: 2045 | D30: 36.1 | E30: =D30/$A$5 -> 0.050560224 | F30: 0.951 | G30: 1825 | H30: 30.3 | I30: =H30/$A$5 -> 0.042436975 | J30: 0.965 | K30: 1605 | L30: 26.6 | M30: =L30/$A$5 -> 0.037254902 | N30: 0.971 | O30: 1365 | P30: 26.6 | Q30: =P30/$A$5 -> 0.037254902 | R30: 0.969 | S30: 1140 | T30: 25.6 | U30: =T30/$A$5 -> 0.035854342 | V30: 0.969
B31: 5 | C31: 1025 | D31: 54.5 | E31: =D31/$A$5 -> 0.076330532 | F31: 0.63 | G31: 955 | H31: 29.1 | I31: =H31/$A$5 -> 0.040756303 | J31: 0.871 | K31: 870 | L31: 26.7 | M31: =L31/$A$5 -> 0.037394958 | N31: 0.891 | O31: 760 | P31: 26.2 | Q31: =P31/$A$5 -> 0.036694678 | R31: 0.904 | S31: 595 | T31: 23.9 | U31: =T31/$A$5 -> 0.033473389 | V31: 0.916
B32: 6 | C32: 955 | D32: 49.4 | E32: =D32/$A$5 -> 0.069187675 | F32: 0.942 | G32: 905 | H32: 37.3 | I32: =H32/$A$5 -> 0.052240896 | J32: 0.964 | K32: 775 | L32: 32.3 | M32: =L32/$A$5 -> 0.045238095 | N32: 0.973 | O32: 635 | P32: 30.4 | Q32: =P32/$A$5 -> 0.042577031 | R32: 0.974 | S32: 565 | T32: 26.9 | U32: =T32/$A$5 -> 0.03767507 | V32: 0.98
B33: 7 | C33: 1390 | D33: 36 | E33: =D33/$A$5 -> 0.050420168 | F33: 0.938 | G33: 1265 | H33: 30 | I33: =H33/$A$5 -> 0.042016807 | J33: 0.952 | K33: 1120 | L33: 26.9 | M33: =L33/$A$5 -> 0.03767507 | N33: 0.964 | O33: 985 | P33: 25.9 | Q33: =P33/$A$5 -> 0.03627451 | R33: 0.965 | S33: 835 | T33: 25.3 | U33: =T33/$A$5 -> 0.035434174 | V33: 0.967
B35: Average | D35: =SUMPRODUCT(C26:C33,D26:D33)/SUM(C26:C33) -> 37.018234 | E35: =SUMPRODUCT(C26:C33,E26:E33)/SUM(C26:C33) -> 0.051846266 | H35: =SUMPRODUCT(G26:G33,H26:H33)/SUM(G26:G33) -> 29.124197 | I35: =SUMPRODUCT(G26:G33,I26:I33)/SUM(G26:G33) -> 0.040790192 | L35: =SUMPRODUCT(K26:K33,L26:L33)/SUM(K26:K33) -> 27.396769 | M35: =SUMPRODUCT(K26:K33,M26:M33)/SUM(K26:K33) -> 0.038370826 | P35: =SUMPRODUCT(O26:O33,P26:P33)/SUM(O26:O33) -> 26.662993 | Q35: =SUMPRODUCT(O26:O33,Q26:Q33)/SUM(O26:O33) -> 0.037343127 | T35: =SUMPRODUCT(S26:S33,T26:T33)/SUM(S26:S33) -> 25.180055 | U35: =SUMPRODUCT(S26:S33,U26:U33)/SUM(S26:S33) -> 0.035266183
E36: 5.02 | I36: 4.15 | M36: 3.85 | Q36: 3.48 | U36: 3.44
C37: =SUM(C26:C33) -> 13135 | G37: =SUM(G26:G33) -> 11675 | K37: =SUM(K26:K33) -> 10215 | O37: =SUM(O26:O33) -> 8755 | S37: =SUM(S26:S33) -> 7295
A39: Seed - 63 | D39: 0.1 | H39: 0.2 | L39: 0.3 | P39: 0.4 | T39: 0.5
B40: Clusters | C40: Test Points | D40: MAE | E40: As Capacity | F40: R-Squared | G40: Test Points | H40: MAE | I40: As Capacity | J40: R-Squared | K40: Test Points | L40: MAE | M40: As Capacity | N40: R-Squared | O40: Test Points | P40: MAE | Q40: As Capacity | R40: R-Squared | S40: Test Points | T40: MAE | U40: As Capacity | V40: R-Squared
B41: 0 | C41: 1790 | D41: 24.7 | E41: =D41/$A$5 -> 0.034593838 | F41: 0.871 | G41: 1545 | H41: 23.4 | I41: =H41/$A$5 -> 0.032773109 | J41: 0.886 | K41: 1330 | L41: 22.9 | M41: =L41/$A$5 -> 0.032072829 | N41: 0.893 | O41: 1120 | P41: 21.3 | Q41: =P41/$A$5 -> 0.029831933 | R41: 0.897 | S41: 1105 | T41: 24.9 | U41: =T41/$A$5 -> 0.03487395 | V41: 0.893
B42: 1 | C42: 2775 | D42: 30.6 | E42: =D42/$A$5 -> 0.042857143 | F42: 0.914 | G42: 2480 | H42: 25.7 | I42: =H42/$A$5 -> 0.035994398 | J42: 0.931 | K42: 2140 | L42: 25 | M42: =L42/$A$5 -> 0.035014006 | N42: 0.933 | O42: 1805 | P42: 25.7 | Q42: =P42/$A$5 -> 0.035994398 | R42: 0.93 | S42: 1385 | T42: 24.1 | U42: =T42/$A$5 -> 0.033753501 | V42: 0.923
B43: 2 | C43: 1140 | D43: 37.9 | E43: =D43/$A$5 -> 0.053081232 | F43: 0.954 | G43: 1005 | H43: 35.2 | I43: =H43/$A$5 -> 0.04929972 | J43: 0.957 | K43: 905 | L43: 32.4 | M43: =L43/$A$5 -> 0.045378151 | N43: 0.965 | O43: 810 | P43: 29.3 | Q43: =P43/$A$5 -> 0.041036415 | R43: 0.97 | S43: 650 | T43: 26.9 | U43: =T43/$A$5 -> 0.03767507 | V43: 0.975
B44: 3 | C44: 1890 | D44: 33.5 | E44: =D44/$A$5 -> 0.046918768 | F44: 0.939 | G44: 1675 | H44: 34.2 | I44: =H44/$A$5 -> 0.04789916 | J44: 0.938 | K44: 1470 | L44: 31.4 | M44: =L44/$A$5 -> 0.043977591 | N44: 0.941 | O44: 1235 | P44: 29.6 | Q44: =P44/$A$5 -> 0.041456583 | R44: 0.946 | S44: 950 | T44: 28.7 | U44: =T44/$A$5 -> 0.040196078 | V44: 0.949
B45: 4 | C45: 2050 | D45: 42 | E45: =D45/$A$5 -> 0.058823529 | F45: 0.94 | G45: 1810 | H45: 29.5 | I45: =H45/$A$5 -> 0.041316527 | J45: 0.966 | K45: 1555 | L45: 28.2 | M45: =L45/$A$5 -> 0.039495798 | N45: 0.968 | O45: 1360 | P45: 24.8 | Q45: =P45/$A$5 -> 0.034733894 | R45: 0.973 | S45: 1150 | T45: 23.9 | U45: =T45/$A$5 -> 0.033473389 | V45: 0.975
B46: 5 | C46: 1070 | D46: 40.4 | E46: =D46/$A$5 -> 0.056582633 | F46: 0.696 | G46: 975 | H46: 27.3 | I46: =H46/$A$5 -> 0.038235294 | J46: 0.883 | K46: 910 | L46: 26.5 | M46: =L46/$A$5 -> 0.037114846 | N46: 0.893 | O46: 810 | P46: 23.1 | Q46: =P46/$A$5 -> 0.032352941 | R46: 0.905 | S46: 725 | T46: 24.5 | U46: =T46/$A$5 -> 0.034313725 | V46: 0.907
B47: 6 | C47: 995 | D47: 45.3 | E47: =D47/$A$5 -> 0.063445378 | F47: 0.941 | G47: 910 | H47: 37.9 | I47: =H47/$A$5 -> 0.053081232 | J47: 0.956 | K47: 785 | L47: 33.2 | M47: =L47/$A$5 -> 0.046498599 | N47: 0.969 | O47: 630 | P47: 31.3 | Q47: =P47/$A$5 -> 0.043837535 | R47: 0.97 | S47: 515 | T47: 30.9 | U47: =T47/$A$5 -> 0.043277311 | V47: 0.967
B48: 7 | C48: 1425 | D48: 49.3 | E48: =D48/$A$5 -> 0.069047619 | F48: 0.902 | G48: 1275 | H48: 32.9 | I48: =H48/$A$5 -> 0.046078431 | J48: 0.951 | K48: 1120 | L48: 27.6 | M48: =L48/$A$5 -> 0.038655462 | N48: 0.965 | O48: 985 | P48: 26.7 | Q48: =P48/$A$5 -> 0.037394958 | R48: 0.968 | S48: 815 | T48: 26 | U48: =T48/$A$5 -> 0.036414566 | V48: 0.97
B50: Average | D50: =SUMPRODUCT(C41:C48,D41:D48)/SUM(C41:C48) -> 36.566654 | E50: =SUMPRODUCT(C41:C48,E41:E48)/SUM(C41:C48) -> 0.051213801 | H50: =SUMPRODUCT(G41:G48,H41:H48)/SUM(G41:G48) -> 29.892848 | I50: =SUMPRODUCT(G41:G48,I41:I48)/SUM(G41:G48) -> 0.041866734 | L50: =SUMPRODUCT(K41:K48,L41:L48)/SUM(K41:K48) -> 27.839158 | M50: =SUMPRODUCT(K41:K48,M41:M48)/SUM(K41:K48) -> 0.038990418 | P50: =SUMPRODUCT(O41:O48,P41:P48)/SUM(O41:O48) -> 26.155454 | Q50: =SUMPRODUCT(O41:O48,Q41:Q48)/SUM(O41:O48) -> 0.036632289 | T50: =SUMPRODUCT(S41:S48,T41:T48)/SUM(S41:S48) -> 25.770254 | U50: =SUMPRODUCT(S41:S48,U41:U48)/SUM(S41:S48) -> 0.036092792
E51: 5.01 | I51: 4.16 | M51: 3.88 | Q51: 3.48 | U51: 3.44
C52: =SUM(C41:C48) -> 13135 | G52: =SUM(G41:G48) -> 11675 | K52: =SUM(K41:K48) -> 10215 | O52: =SUM(O41:O48) -> 8755 | S52: =SUM(S41:S48) -> 7295
A55: Seed - 84 | D55: 0.1 | H55: 0.2 | L55: 0.3 | P55: 0.4 | T55: 0.5
B56: Clusters | C56: Test Points | D56: MAE | E56: As Capacity | F56: R-Squared | G56: Test Points | H56: MAE | I56: As Capacity | J56: R-Squared | K56: Test Points | L56: MAE | M56: As Capacity | N56: R-Squared | O56: Test Points | P56: MAE | Q56: As Capacity | R56: R-Squared | S56: Test Points | T56: MAE | U56: As Capacity | V56: R-Squared
B57: 0 | C57: 1900 | D57: 27.4 | E57: =D57/$A$5 -> 0.03837535 | F57: 0.872 | G57: 1495 | H57: 22.4 | I57: =H57/$A$5 -> 0.031372549 | J57: 0.89 | K57: 1215 | L57: 19.4 | M57: =L57/$A$5 -> 0.027170868 | Q57: =P57/$A$5 -> 0 | U57: =T57/$A$5 -> 0
B58: 1 | C58: 2525 | D58: 28.6 | E58: =D58/$A$5 -> 0.040056022 | F58: 0.921 | G58: 2340 | H58: 26.1 | I58: =H58/$A$5 -> 0.036554622 | J58: 0.937 | K58: 2120 | L58: 26.3 | M58: =L58/$A$5 -> 0.036834734 | Q58: =P58/$A$5 -> 0 | U58: =T58/$A$5 -> 0
B59: 2 | C59: 1100 | D59: 32.8 | E59: =D59/$A$5 -> 0.045938375 | F59: 0.961 | G59: 1030 | H59: 32.1 | I59: =H59/$A$5 -> 0.044957983 | J59: 0.964 | K59: 940 | L59: 28.7 | M59: =L59/$A$5 -> 0.040196078 | Q59: =P59/$A$5 -> 0 | U59: =T59/$A$5 -> 0
B60: 3 | C60: 2015 | D60: 38.1 | E60: =D60/$A$5 -> 0.053361345 | F60: 0.921 | G60: 1775 | H60: 30.5 | I60: =H60/$A$5 -> 0.042717087 | J60: 0.948 | K60: 1620 | L60: 28.5 | M60: =L60/$A$5 -> 0.039915966 | Q60: =P60/$A$5 -> 0 | U60: =T60/$A$5 -> 0
B61: 4 | C61: 1065 | D61: 42.5 | E61: =D61/$A$5 -> 0.05952381 | F61: 0.929 | G61: 1895 | H61: 30.8 | I61: =H61/$A$5 -> 0.043137255 | J61: 0.961 | K61: 1595 | L61: 28.7 | M61: =L61/$A$5 -> 0.040196078 | Q61: =P61/$A$5 -> 0 | U61: =T61/$A$5 -> 0
B62: 5 | C62: 1075 | D62: 30.5 | E62: =D62/$A$5 -> 0.042717087 | F62: 0.878 | G62: 965 | H62: 26.1 | I62: =H62/$A$5 -> 0.036554622 | J62: 0.892 | K62: 810 | L62: 25 | M62: =L62/$A$5 -> 0.035014006 | Q62: =P62/$A$5 -> 0 | U62: =T62/$A$5 -> 0
B63: 6 | C63: 1000 | D63: 58.3 | E63: =D63/$A$5 -> 0.081652661 | F63: 0.913 | G63: 935 | H63: 42.5 | I63: =H63/$A$5 -> 0.05952381 | J63: 0.951 | K63: 835 | L63: 34.1 | M63: =L63/$A$5 -> 0.047759104 | Q63: =P63/$A$5 -> 0 | U63: =T63/$A$5 -> 0
B64: 7 | C64: 1455 | D64: 44.5 | E64: =D64/$A$5 -> 0.06232493 | F64: 0.922 | G64: 1240 | H64: 35.3 | I64: =H64/$A$5 -> 0.049439776 | J64: 0.936 | K64: 1080 | L64: 29 | M64: =L64/$A$5 -> 0.040616246 | Q64: =P64/$A$5 -> 0 | U64: =T64/$A$5 -> 0
B66: Average | D66: =SUMPRODUCT(C57:C64,D57:D64)/SUM(C57:C64) -> 36.112402 | E66: =SUMPRODUCT(C57:C64,E57:E64)/SUM(C57:C64) -> 0.050577594 | H66: =SUMPRODUCT(G57:G64,H57:H64)/SUM(G57:G64) -> 29.877901 | I66: =SUMPRODUCT(G57:G64,I57:I64)/SUM(G57:G64) -> 0.0418458 | L66: =SUMPRODUCT(K57:K64,L57:L64)/SUM(K57:K64) -> 27.243759 | M66: =SUMPRODUCT(K57:K64,M57:M64)/SUM(K57:K64) -> 0.038156525 | P66: =SUMPRODUCT(O57:O64,P57:P64)/SUM(O57:O64) -> #DIV/0! | Q66: =SUMPRODUCT(O57:O64,Q57:Q64)/SUM(O57:O64) -> #DIV/0! | T66: =SUMPRODUCT(S57:S64,T57:T64)/SUM(S57:S64) -> #DIV/0! | U66: =SUMPRODUCT(S57:S64,U57:U64)/SUM(S57:S64) -> #DIV/0!
E67: 4.96 | I67: 4.15 | M67: 3.87 | Q67: 3.48 | U67: 3.43
C68: =SUM(C57:C64) -> 12135 | G68: =SUM(G57:G64) -> 11675 | K68: =SUM(K57:K64) -> 10215 | O68: =SUM(O57:O64) -> 0 | S68: =SUM(S57:S64) -> 0
