Workbook

Sheet Source Results
F5: Seed 42 | J5: Seed 63 | N5: Seed 84
B7: Cluster | C7: Test Samples | D7: GP | E7: RF | F7: Test Samples | G7: MAE | H7: GP | I7: RF | J7: Test Samples | K7: MAE | L7: GP | M7: RF | N7: Test Samples | O7: MAE | P7: GP | Q7: RF
B8: 0 | C8: =AVERAGE(F8,J8,N8) -> 2681.6667 | D8: =AVERAGE(H8,L8,P8) -> 3.93 | E8: =AVERAGE(I8,M8,Q8) -> 4.2566667 | F8: 2680 | G8: 24.8 | H8: 3.83 | I8: 3.78 | J8: 3305 | K8: 28.1 | L8: 4.15 | M8: 4.65 | N8: 2060 | O8: 25.9 | P8: 3.81 | Q8: 4.34
B9: 1 | C9: =AVERAGE(F9,J9,N9) -> 2845 | D9: =AVERAGE(H9,L9,P9) -> 3.3833333 | E9: =AVERAGE(I9,M9,Q9) -> 3.73 | F9: 3155 | G9: 24.7 | H9: 3.68 | I9: 3.89 | J9: 2985 | K9: 22.1 | L9: 3.47 | M9: 3.79 | N9: 2395 | O9: 19.8 | P9: 3 | Q9: 3.51
B10: 2 | C10: =AVERAGE(F10,J10,N10) -> 2110 | D10: =AVERAGE(H10,L10,P10) -> 3.32 | E10: =AVERAGE(I10,M10,Q10) -> 3.4666667 | F10: 2140 | G10: 26.7 | H10: 3.85 | I10: 4.24 | J10: 1895 | K10: 20.5 | L10: 3.03 | M10: 3.12 | N10: 2295 | O10: 18.9 | P10: 3.08 | Q10: 3.04
B11: 3 | C11: =AVERAGE(F11,J11,N11) -> 2228.3333 | D11: =AVERAGE(H11,L11,P11) -> 3.7633333 | E11: =AVERAGE(I11,M11,Q11) -> 4.1366667 | F11: 1420 | G11: 26.3 | H11: 3.86 | I11: 4.6 | J11: 2430 | K11: 24.8 | L11: 3.68 | M11: 3.8 | N11: 2835 | O11: 25.1 | P11: 3.75 | Q11: 4.01
B12: 4 | C12: =AVERAGE(F12,J12,N12) -> 2186.6667 | D12: =AVERAGE(H12,L12,P12) -> 3.97 | E12: =AVERAGE(I12,M12,Q12) -> 4.2566667 | F12: 2805 | G12: 24.4 | H12: 3.74 | I12: 4.27 | J12: 1405 | K12: 25.7 | L12: 3.99 | M12: 3.97 | N12: 2350 | O12: 27.8 | P12: 4.18 | Q12: 4.53
B13: 5 | C13: =AVERAGE(F13,J13,N13) -> 2170 | D13: =AVERAGE(H13,L13,P13) -> 3.4433333 | E13: =AVERAGE(I13,M13,Q13) -> 3.7833333 | F13: 2015 | G13: 18.3 | H13: 2.77 | I13: 3.05 | J13: 2775 | K13: 24.2 | L13: 3.72 | M13: 4.16 | N13: 1720 | O13: 25 | P13: 3.84 | Q13: 4.14
B14: 6 | C14: =AVERAGE(F14,J14,N14) -> 1956.6667 | D14: =AVERAGE(H14,L14,P14) -> 3.8966667 | E14: =AVERAGE(I14,M14,Q14) -> 4.3133333 | F14: 2220 | G14: 25.5 | H14: 3.68 | I14: 4.39 | J14: 1170 | K14: 26.2 | L14: 4.12 | M14: 4.42 | N14: 2480 | O14: 26.9 | P14: 3.89 | Q14: 4.13
B15: 7 | C15: =AVERAGE(F15,J15,N15) -> 1311.6667 | D15: =AVERAGE(H15,L15,P15) -> 3.7766667 | E15: =AVERAGE(I15,M15,Q15) -> 4.07 | F15: 1055 | G15: 25.5 | H15: 3.64 | I15: 3.86 | J15: 1525 | K15: 23.4 | L15: 3.61 | M15: 4.12 | N15: 1355 | O15: 27.5 | P15: 4.08 | Q15: 4.23
D17: =AVERAGE(H17,L17,P17) -> 3.6787965 | E17: =AVERAGE(I17,M17,Q17) -> 3.998219 | G17: =SUMPRODUCT(F8:F15,G8:G15)/SUM(F8:F15) -> 24.454288 | H17: =SUMPRODUCT(F8:F15,H8:H15)/SUM(F8:F15) -> 3.640769 | I17: =SUMPRODUCT(F8:F15,I8:I15)/SUM(F8:F15) -> 3.9994368 | K17: =SUMPRODUCT(J8:J15,K8:K15)/SUM(J8:J15) -> 24.445569 | L17: =SUMPRODUCT(J8:J15,L8:L15)/SUM(J8:J15) -> 3.7171269 | M17: =SUMPRODUCT(J8:J15,M8:M15)/SUM(J8:J15) -> 4.0253888 | O17: =SUMPRODUCT(N8:N15,O8:O15)/SUM(N8:N15) -> 24.449028 | P17: =SUMPRODUCT(N8:N15,P8:P15)/SUM(N8:N15) -> 3.6784934 | Q17: =SUMPRODUCT(N8:N15,Q8:Q15)/SUM(N8:N15) -> 3.9698313

Sheet TL-Baseline Comparison
C7: 0.1 | F7: 0.2 | I7: 0.3 | L7: 0.4 | O7: 0.5 | U7: 0.1 | X7: 0.2 | AA7: 0.3 | AD7: 0.4 | AG7: 0.5
B8: Clusters | C8: MAE | D8: As Capacity | E8: R-Squared | F8: MAE | G8: As Capacity | H8: R-Squared | I8: MAE | J8: As Capacity | K8: R-Squared | L8: MAE | M8: As Capacity | N8: R-Squared | O8: MAE | P8: As Capacity | Q8: R-Squared | T8: Clusters | U8: MAE | V8: As Capacity | W8: R-Squared | X8: MAE | Y8: As Capacity | Z8: R-Squared | AA8: MAE | AB8: As Capacity | AC8: R-Squared | AD8: MAE | AE8: As Capacity | AF8: R-Squared | AG8: MAE | AH8: As Capacity | AI8: R-Squared
B9: 0 | C9: =AVERAGE('Horns Rev'!D9,Seagreen!D9,Gemini!D9,Hollandse_Noord!D9,Dieppe!D9,'Moray Firth'!D9,Kriegers!D9,'East Anglia One'!D9) -> 33.6875 | D9: =AVERAGE('Horns Rev'!E9,Seagreen!E9,Gemini!E9,Hollandse_Noord!E9,Dieppe!E9,'Moray Firth'!E9,Kriegers!E9,'East Anglia One'!E9) -> 0.043872995 | E9: =AVERAGE('Horns Rev'!F9,Seagreen!F9,Gemini!F9,Hollandse_Noord!F9,Dieppe!F9,'Moray Firth'!F9,Kriegers!F9,'East Anglia One'!F9) -> 0.959125 | F9: =AVERAGE('Horns Rev'!H9,Seagreen!H9,Gemini!H9,Hollandse_Noord!H9,Dieppe!H9,'Moray Firth'!H9,Kriegers!H9,'East Anglia One'!H9) -> 28.854167 | G9: =AVERAGE('Horns Rev'!I9,Seagreen!I9,Gemini!I9,Hollandse_Noord!I9,Dieppe!I9,'Moray Firth'!I9,Kriegers!I9,'East Anglia One'!I9) -> 0.037477947 | H9: =AVERAGE('Horns Rev'!J9,Seagreen!J9,Gemini!J9,Hollandse_Noord!J9,Dieppe!J9,'Moray Firth'!J9,Kriegers!J9,'East Anglia One'!J9) -> 0.96970833 | I9: =AVERAGE('Horns Rev'!L9,Seagreen!L9,Gemini!L9,Hollandse_Noord!L9,Dieppe!L9,'Moray Firth'!L9,Kriegers!L9,'East Anglia One'!L9) -> 26.925 | J9: =AVERAGE('Horns Rev'!M9,Seagreen!M9,Gemini!M9,Hollandse_Noord!M9,Dieppe!M9,'Moray Firth'!M9,Kriegers!M9,'East Anglia One'!M9) -> 0.035064995 | K9: =AVERAGE('Horns Rev'!N9,Seagreen!N9,Gemini!N9,Hollandse_Noord!N9,Dieppe!N9,'Moray Firth'!N9,Kriegers!N9,'East Anglia One'!N9) -> 0.972375 | L9: =AVERAGE('Horns Rev'!P9,Seagreen!P9,Gemini!P9,Hollandse_Noord!P9,Dieppe!P9,'Moray Firth'!P9,Kriegers!P9,'East Anglia One'!P9) -> 27 | M9: =AVERAGE('Horns Rev'!Q9,Seagreen!Q9,Gemini!Q9,Hollandse_Noord!Q9,Dieppe!Q9,'Moray Firth'!Q9,Kriegers!Q9,'East Anglia One'!Q9) -> 0.035155277 | N9: =AVERAGE('Horns Rev'!R9,Seagreen!R9,Gemini!R9,Hollandse_Noord!R9,Dieppe!R9,'Moray Firth'!R9,Kriegers!R9,'East Anglia One'!R9) -> 0.971875 | O9: =AVERAGE('Horns Rev'!T9,Seagreen!T9,Gemini!T9,Hollandse_Noord!T9,Dieppe!T9,'Moray Firth'!T9,Kriegers!T9,'East Anglia One'!T9) -> 26.945833 | P9: =AVERAGE('Horns Rev'!U9,Seagreen!U9,Gemini!U9,Hollandse_Noord!U9,Dieppe!U9,'Moray Firth'!U9,Kriegers!U9,'East Anglia One'!U9) -> 0.035236503 | Q9: =AVERAGE('Horns Rev'!V9,Seagreen!V9,Gemini!V9,Hollandse_Noord!V9,Dieppe!V9,'Moray Firth'!V9,Kriegers!V9,'East Anglia One'!V9) -> 0.97133333 | T9: 0 | U9: =AVERAGE('Horns Rev'!AB9,Seagreen!AB9,Gemini!AB9,Hollandse_Noord!AB9,Dieppe!AA9,'Moray Firth'!AB9,Kriegers!AB9,'East Anglia One'!AB9) -> 40.5 | V9: =AVERAGE('Horns Rev'!AC9,Seagreen!AC9,Gemini!AC9,Hollandse_Noord!AC9,Dieppe!AB9,'Moray Firth'!AC9,Kriegers!AC9,'East Anglia One'!AC9) -> 0.052536291 | W9: =AVERAGE('Horns Rev'!AD9,Seagreen!AD9,Gemini!AD9,Hollandse_Noord!AD9,Dieppe!AC9,'Moray Firth'!AD9,Kriegers!AD9,'East Anglia One'!AD9) -> 0.94454167 | X9: =AVERAGE('Horns Rev'!AF9,Seagreen!AF9,Gemini!AF9,Hollandse_Noord!AF9,Dieppe!AE9,'Moray Firth'!AF9,Kriegers!AF9,'East Anglia One'!AF9) -> 33.716667 | Y9: =AVERAGE('Horns Rev'!AG9,Seagreen!AG9,Gemini!AG9,Hollandse_Noord!AG9,Dieppe!AF9,'Moray Firth'!AG9,Kriegers!AG9,'East Anglia One'!AG9) -> 0.043818205 | Z9: =AVERAGE('Horns Rev'!AH9,Seagreen!AH9,Gemini!AH9,Hollandse_Noord!AH9,Dieppe!AG9,'Moray Firth'!AH9,Kriegers!AH9,'East Anglia One'!AH9) -> 0.96158333 | AA9: =AVERAGE('Horns Rev'!AJ9,Seagreen!AJ9,Gemini!AJ9,Hollandse_Noord!AJ9,Dieppe!AI9,'Moray Firth'!AJ9,Kriegers!AJ9,'East Anglia One'!AJ9) -> 30.795833 | AB9: =AVERAGE('Horns Rev'!AK9,Seagreen!AK9,Gemini!AK9,Hollandse_Noord!AK9,Dieppe!AJ9,'Moray Firth'!AK9,Kriegers!AK9,'East Anglia One'!AK9) -> 0.040092775 | AC9: =AVERAGE('Horns Rev'!AL9,Seagreen!AL9,Gemini!AL9,Hollandse_Noord!AL9,Dieppe!AK9,'Moray Firth'!AL9,Kriegers!AL9,'East Anglia One'!AL9) -> 0.966375 | AD9: =AVERAGE('Horns Rev'!AN9,Seagreen!AN9,Gemini!AN9,Hollandse_Noord!AN9,Dieppe!AM9,'Moray Firth'!AN9,Kriegers!AN9,'East Anglia One'!AN9) -> 30.116667 | AE9: =AVERAGE('Horns Rev'!AO9,Seagreen!AO9,Gemini!AO9,Hollandse_Noord!AO9,Dieppe!AN9,'Moray Firth'!AO9,Kriegers!AO9,'East Anglia One'!AO9) -> 0.039181265 | AF9: =AVERAGE('Horns Rev'!AP9,Seagreen!AP9,Gemini!AP9,Hollandse_Noord!AP9,Dieppe!AO9,'Moray Firth'!AP9,Kriegers!AP9,'East Anglia One'!AP9) -> 0.96754167 | AG9: =AVERAGE('Horns Rev'!AR9,Seagreen!AR9,Gemini!AR9,Hollandse_Noord!AR9,Dieppe!AQ9,'Moray Firth'!AR9,Kriegers!AR9,'East Anglia One'!AR9) -> 29.620833 | AH9: =AVERAGE('Horns Rev'!AS9,Seagreen!AS9,Gemini!AS9,Hollandse_Noord!AS9,Dieppe!AR9,'Moray Firth'!AS9,Kriegers!AS9,'East Anglia One'!AS9) -> 0.038725107 | AI9: =AVERAGE('Horns Rev'!AT9,Seagreen!AT9,Gemini!AT9,Hollandse_Noord!AT9,Dieppe!AS9,'Moray Firth'!AT9,Kriegers!AT9,'East Anglia One'!AT9) -> 0.96754167
B10: 1 | C10: =AVERAGE('Horns Rev'!D10,Seagreen!D10,Gemini!D10,Hollandse_Noord!D10,Dieppe!D10,'Moray Firth'!D10,Kriegers!D10,'East Anglia One'!D10) -> 28.125 | D10: =AVERAGE('Horns Rev'!E10,Seagreen!E10,Gemini!E10,Hollandse_Noord!E10,Dieppe!E10,'Moray Firth'!E10,Kriegers!E10,'East Anglia One'!E10) -> 0.037419011 | E10: =AVERAGE('Horns Rev'!F10,Seagreen!F10,Gemini!F10,Hollandse_Noord!F10,Dieppe!F10,'Moray Firth'!F10,Kriegers!F10,'East Anglia One'!F10) -> 0.95291667 | F10: =AVERAGE('Horns Rev'!H10,Seagreen!H10,Gemini!H10,Hollandse_Noord!H10,Dieppe!H10,'Moray Firth'!H10,Kriegers!H10,'East Anglia One'!H10) -> 24.9 | G10: =AVERAGE('Horns Rev'!I10,Seagreen!I10,Gemini!I10,Hollandse_Noord!I10,Dieppe!I10,'Moray Firth'!I10,Kriegers!I10,'East Anglia One'!I10) -> 0.03301889 | H10: =AVERAGE('Horns Rev'!J10,Seagreen!J10,Gemini!J10,Hollandse_Noord!J10,Dieppe!J10,'Moray Firth'!J10,Kriegers!J10,'East Anglia One'!J10) -> 0.96008333 | I10: =AVERAGE('Horns Rev'!L10,Seagreen!L10,Gemini!L10,Hollandse_Noord!L10,Dieppe!L10,'Moray Firth'!L10,Kriegers!L10,'East Anglia One'!L10) -> 23.916667 | J10: =AVERAGE('Horns Rev'!M10,Seagreen!M10,Gemini!M10,Hollandse_Noord!M10,Dieppe!M10,'Moray Firth'!M10,Kriegers!M10,'East Anglia One'!M10) -> 0.031866803 | K10: =AVERAGE('Horns Rev'!N10,Seagreen!N10,Gemini!N10,Hollandse_Noord!N10,Dieppe!N10,'Moray Firth'!N10,Kriegers!N10,'East Anglia One'!N10) -> 0.96204167 | L10: =AVERAGE('Horns Rev'!P10,Seagreen!P10,Gemini!P10,Hollandse_Noord!P10,Dieppe!P10,'Moray Firth'!P10,Kriegers!P10,'East Anglia One'!P10) -> 23.879167 | M10: =AVERAGE('Horns Rev'!Q10,Seagreen!Q10,Gemini!Q10,Hollandse_Noord!Q10,Dieppe!Q10,'Moray Firth'!Q10,Kriegers!Q10,'East Anglia One'!Q10) -> 0.03170033 | N10: =AVERAGE('Horns Rev'!R10,Seagreen!R10,Gemini!R10,Hollandse_Noord!R10,Dieppe!R10,'Moray Firth'!R10,Kriegers!R10,'East Anglia One'!R10) -> 0.963 | O10: =AVERAGE('Horns Rev'!T10,Seagreen!T10,Gemini!T10,Hollandse_Noord!T10,Dieppe!T10,'Moray Firth'!T10,Kriegers!T10,'East Anglia One'!T10) -> 23.570833 | P10: =AVERAGE('Horns Rev'!U10,Seagreen!U10,Gemini!U10,Hollandse_Noord!U10,Dieppe!U10,'Moray Firth'!U10,Kriegers!U10,'East Anglia One'!U10) -> 0.031376434 | Q10: =AVERAGE('Horns Rev'!V10,Seagreen!V10,Gemini!V10,Hollandse_Noord!V10,Dieppe!V10,'Moray Firth'!V10,Kriegers!V10,'East Anglia One'!V10) -> 0.96441667 | T10: 1 | U10: =AVERAGE('Horns Rev'!AB10,Seagreen!AB10,Gemini!AB10,Hollandse_Noord!AB10,Dieppe!AA10,'Moray Firth'!AB10,Kriegers!AB10,'East Anglia One'!AB10) -> 33.833333 | V10: =AVERAGE('Horns Rev'!AC10,Seagreen!AC10,Gemini!AC10,Hollandse_Noord!AC10,Dieppe!AB10,'Moray Firth'!AC10,Kriegers!AC10,'East Anglia One'!AC10) -> 0.044931154 | W10: =AVERAGE('Horns Rev'!AD10,Seagreen!AD10,Gemini!AD10,Hollandse_Noord!AD10,Dieppe!AC10,'Moray Firth'!AD10,Kriegers!AD10,'East Anglia One'!AD10) -> 0.93441667 | X10: =AVERAGE('Horns Rev'!AF10,Seagreen!AF10,Gemini!AF10,Hollandse_Noord!AF10,Dieppe!AE10,'Moray Firth'!AF10,Kriegers!AF10,'East Anglia One'!AF10) -> 28.683333 | Y10: =AVERAGE('Horns Rev'!AG10,Seagreen!AG10,Gemini!AG10,Hollandse_Noord!AG10,Dieppe!AF10,'Moray Firth'!AG10,Kriegers!AG10,'East Anglia One'!AG10) -> 0.03794249 | Z10: =AVERAGE('Horns Rev'!AH10,Seagreen!AH10,Gemini!AH10,Hollandse_Noord!AH10,Dieppe!AG10,'Moray Firth'!AH10,Kriegers!AH10,'East Anglia One'!AH10) -> 0.95125 | AA10: =AVERAGE('Horns Rev'!AJ10,Seagreen!AJ10,Gemini!AJ10,Hollandse_Noord!AJ10,Dieppe!AI10,'Moray Firth'!AJ10,Kriegers!AJ10,'East Anglia One'!AJ10) -> 26.541667 | AB10: =AVERAGE('Horns Rev'!AK10,Seagreen!AK10,Gemini!AK10,Hollandse_Noord!AK10,Dieppe!AJ10,'Moray Firth'!AK10,Kriegers!AK10,'East Anglia One'!AK10) -> 0.035249958 | AC10: =AVERAGE('Horns Rev'!AL10,Seagreen!AL10,Gemini!AL10,Hollandse_Noord!AL10,Dieppe!AK10,'Moray Firth'!AL10,Kriegers!AL10,'East Anglia One'!AL10) -> 0.95625 | AD10: =AVERAGE('Horns Rev'!AN10,Seagreen!AN10,Gemini!AN10,Hollandse_Noord!AN10,Dieppe!AM10,'Moray Firth'!AN10,Kriegers!AN10,'East Anglia One'!AN10) -> 26.166667 | AE10: =AVERAGE('Horns Rev'!AO10,Seagreen!AO10,Gemini!AO10,Hollandse_Noord!AO10,Dieppe!AN10,'Moray Firth'!AO10,Kriegers!AO10,'East Anglia One'!AO10) -> 0.034637741 | AF10: =AVERAGE('Horns Rev'!AP10,Seagreen!AP10,Gemini!AP10,Hollandse_Noord!AP10,Dieppe!AO10,'Moray Firth'!AP10,Kriegers!AP10,'East Anglia One'!AP10) -> 0.95895833 | AG10: =AVERAGE('Horns Rev'!AR10,Seagreen!AR10,Gemini!AR10,Hollandse_Noord!AR10,Dieppe!AQ10,'Moray Firth'!AR10,Kriegers!AR10,'East Anglia One'!AR10) -> 25.470833 | AH10: =AVERAGE('Horns Rev'!AS10,Seagreen!AS10,Gemini!AS10,Hollandse_Noord!AS10,Dieppe!AR10,'Moray Firth'!AS10,Kriegers!AS10,'East Anglia One'!AS10) -> 0.033813524 | AI10: =AVERAGE('Horns Rev'!AT10,Seagreen!AT10,Gemini!AT10,Hollandse_Noord!AT10,Dieppe!AS10,'Moray Firth'!AT10,Kriegers!AT10,'East Anglia One'!AT10) -> 0.96125
B11: 2 | C11: =AVERAGE('Horns Rev'!D11,Seagreen!D11,Gemini!D11,Hollandse_Noord!D11,Dieppe!D11,'Moray Firth'!D11,Kriegers!D11,'East Anglia One'!D11) -> 29.85 | D11: =AVERAGE('Horns Rev'!E11,Seagreen!E11,Gemini!E11,Hollandse_Noord!E11,Dieppe!E11,'Moray Firth'!E11,Kriegers!E11,'East Anglia One'!E11) -> 0.039216647 | E11: =AVERAGE('Horns Rev'!F11,Seagreen!F11,Gemini!F11,Hollandse_Noord!F11,Dieppe!F11,'Moray Firth'!F11,Kriegers!F11,'East Anglia One'!F11) -> 0.84604167 | F11: =AVERAGE('Horns Rev'!H11,Seagreen!H11,Gemini!H11,Hollandse_Noord!H11,Dieppe!H11,'Moray Firth'!H11,Kriegers!H11,'East Anglia One'!H11) -> 24.983333 | G11: =AVERAGE('Horns Rev'!I11,Seagreen!I11,Gemini!I11,Hollandse_Noord!I11,Dieppe!I11,'Moray Firth'!I11,Kriegers!I11,'East Anglia One'!I11) -> 0.032458326 | H11: =AVERAGE('Horns Rev'!J11,Seagreen!J11,Gemini!J11,Hollandse_Noord!J11,Dieppe!J11,'Moray Firth'!J11,Kriegers!J11,'East Anglia One'!J11) -> 0.89395833 | I11: =AVERAGE('Horns Rev'!L11,Seagreen!L11,Gemini!L11,Hollandse_Noord!L11,Dieppe!L11,'Moray Firth'!L11,Kriegers!L11,'East Anglia One'!L11) -> 23.2 | J11: =AVERAGE('Horns Rev'!M11,Seagreen!M11,Gemini!M11,Hollandse_Noord!M11,Dieppe!M11,'Moray Firth'!M11,Kriegers!M11,'East Anglia One'!M11) -> 0.030087304 | K11: =AVERAGE('Horns Rev'!N11,Seagreen!N11,Gemini!N11,Hollandse_Noord!N11,Dieppe!N11,'Moray Firth'!N11,Kriegers!N11,'East Anglia One'!N11) -> 0.90508333 | L11: =AVERAGE('Horns Rev'!P11,Seagreen!P11,Gemini!P11,Hollandse_Noord!P11,Dieppe!P11,'Moray Firth'!P11,Kriegers!P11,'East Anglia One'!P11) -> 22.679167 | M11: =AVERAGE('Horns Rev'!Q11,Seagreen!Q11,Gemini!Q11,Hollandse_Noord!Q11,Dieppe!Q11,'Moray Firth'!Q11,Kriegers!Q11,'East Anglia One'!Q11) -> 0.029163041 | N11: =AVERAGE('Horns Rev'!R11,Seagreen!R11,Gemini!R11,Hollandse_Noord!R11,Dieppe!R11,'Moray Firth'!R11,Kriegers!R11,'East Anglia One'!R11) -> 0.91366667 | O11: =AVERAGE('Horns Rev'!T11,Seagreen!T11,Gemini!T11,Hollandse_Noord!T11,Dieppe!T11,'Moray Firth'!T11,Kriegers!T11,'East Anglia One'!T11) -> 22.895833 | P11: =AVERAGE('Horns Rev'!U11,Seagreen!U11,Gemini!U11,Hollandse_Noord!U11,Dieppe!U11,'Moray Firth'!U11,Kriegers!U11,'East Anglia One'!U11) -> 0.029343994 | Q11: =AVERAGE('Horns Rev'!V11,Seagreen!V11,Gemini!V11,Hollandse_Noord!V11,Dieppe!V11,'Moray Firth'!V11,Kriegers!V11,'East Anglia One'!V11) -> 0.91329167 | T11: 2 | U11: =AVERAGE('Horns Rev'!AB11,Seagreen!AB11,Gemini!AB11,Hollandse_Noord!AB11,Dieppe!AA11,'Moray Firth'!AB11,Kriegers!AB11,'East Anglia One'!AB11) -> 35.716667 | V11: =AVERAGE('Horns Rev'!AC11,Seagreen!AC11,Gemini!AC11,Hollandse_Noord!AC11,Dieppe!AB11,'Moray Firth'!AC11,Kriegers!AC11,'East Anglia One'!AC11) -> 0.046450283 | W11: =AVERAGE('Horns Rev'!AD11,Seagreen!AD11,Gemini!AD11,Hollandse_Noord!AD11,Dieppe!AC11,'Moray Firth'!AD11,Kriegers!AD11,'East Anglia One'!AD11) -> 0.806875 | X11: =AVERAGE('Horns Rev'!AF11,Seagreen!AF11,Gemini!AF11,Hollandse_Noord!AF11,Dieppe!AE11,'Moray Firth'!AF11,Kriegers!AF11,'East Anglia One'!AF11) -> 28.4875 | Y11: =AVERAGE('Horns Rev'!AG11,Seagreen!AG11,Gemini!AG11,Hollandse_Noord!AG11,Dieppe!AF11,'Moray Firth'!AG11,Kriegers!AG11,'East Anglia One'!AG11) -> 0.036973593 | Z11: =AVERAGE('Horns Rev'!AH11,Seagreen!AH11,Gemini!AH11,Hollandse_Noord!AH11,Dieppe!AG11,'Moray Firth'!AH11,Kriegers!AH11,'East Anglia One'!AH11) -> 0.87945833 | AA11: =AVERAGE('Horns Rev'!AJ11,Seagreen!AJ11,Gemini!AJ11,Hollandse_Noord!AJ11,Dieppe!AI11,'Moray Firth'!AJ11,Kriegers!AJ11,'East Anglia One'!AJ11) -> 26.195833 | AB11: =AVERAGE('Horns Rev'!AK11,Seagreen!AK11,Gemini!AK11,Hollandse_Noord!AK11,Dieppe!AJ11,'Moray Firth'!AK11,Kriegers!AK11,'East Anglia One'!AK11) -> 0.033987945 | AC11: =AVERAGE('Horns Rev'!AL11,Seagreen!AL11,Gemini!AL11,Hollandse_Noord!AL11,Dieppe!AK11,'Moray Firth'!AL11,Kriegers!AL11,'East Anglia One'!AL11) -> 0.88945833 | AD11: =AVERAGE('Horns Rev'!AN11,Seagreen!AN11,Gemini!AN11,Hollandse_Noord!AN11,Dieppe!AM11,'Moray Firth'!AN11,Kriegers!AN11,'East Anglia One'!AN11) -> 24.904167 | AE11: =AVERAGE('Horns Rev'!AO11,Seagreen!AO11,Gemini!AO11,Hollandse_Noord!AO11,Dieppe!AN11,'Moray Firth'!AO11,Kriegers!AO11,'East Anglia One'!AO11) -> 0.031994586 | AF11: =AVERAGE('Horns Rev'!AP11,Seagreen!AP11,Gemini!AP11,Hollandse_Noord!AP11,Dieppe!AO11,'Moray Firth'!AP11,Kriegers!AP11,'East Anglia One'!AP11) -> 0.90379167 | AG11: =AVERAGE('Horns Rev'!AR11,Seagreen!AR11,Gemini!AR11,Hollandse_Noord!AR11,Dieppe!AQ11,'Moray Firth'!AR11,Kriegers!AR11,'East Anglia One'!AR11) -> 24.483333 | AH11: =AVERAGE('Horns Rev'!AS11,Seagreen!AS11,Gemini!AS11,Hollandse_Noord!AS11,Dieppe!AR11,'Moray Firth'!AS11,Kriegers!AS11,'East Anglia One'!AS11) -> 0.031531179 | AI11: =AVERAGE('Horns Rev'!AT11,Seagreen!AT11,Gemini!AT11,Hollandse_Noord!AT11,Dieppe!AS11,'Moray Firth'!AT11,Kriegers!AT11,'East Anglia One'!AT11) -> 0.906875
B12: 3 | C12: =AVERAGE('Horns Rev'!D12,Seagreen!D12,Gemini!D12,Hollandse_Noord!D12,Dieppe!D12,'Moray Firth'!D12,Kriegers!D12,'East Anglia One'!D12) -> 34.008333 | D12: =AVERAGE('Horns Rev'!E12,Seagreen!E12,Gemini!E12,Hollandse_Noord!E12,Dieppe!E12,'Moray Firth'!E12,Kriegers!E12,'East Anglia One'!E12) -> 0.045351031 | E12: =AVERAGE('Horns Rev'!F12,Seagreen!F12,Gemini!F12,Hollandse_Noord!F12,Dieppe!F12,'Moray Firth'!F12,Kriegers!F12,'East Anglia One'!F12) -> 0.96325 | F12: =AVERAGE('Horns Rev'!H12,Seagreen!H12,Gemini!H12,Hollandse_Noord!H12,Dieppe!H12,'Moray Firth'!H12,Kriegers!H12,'East Anglia One'!H12) -> 27.091667 | G12: =AVERAGE('Horns Rev'!I12,Seagreen!I12,Gemini!I12,Hollandse_Noord!I12,Dieppe!I12,'Moray Firth'!I12,Kriegers!I12,'East Anglia One'!I12) -> 0.036529608 | H12: =AVERAGE('Horns Rev'!J12,Seagreen!J12,Gemini!J12,Hollandse_Noord!J12,Dieppe!J12,'Moray Firth'!J12,Kriegers!J12,'East Anglia One'!J12) -> 0.9735 | I12: =AVERAGE('Horns Rev'!L12,Seagreen!L12,Gemini!L12,Hollandse_Noord!L12,Dieppe!L12,'Moray Firth'!L12,Kriegers!L12,'East Anglia One'!L12) -> 24.716667 | J12: =AVERAGE('Horns Rev'!M12,Seagreen!M12,Gemini!M12,Hollandse_Noord!M12,Dieppe!M12,'Moray Firth'!M12,Kriegers!M12,'East Anglia One'!M12) -> 0.032899687 | K12: =AVERAGE('Horns Rev'!N12,Seagreen!N12,Gemini!N12,Hollandse_Noord!N12,Dieppe!N12,'Moray Firth'!N12,Kriegers!N12,'East Anglia One'!N12) -> 0.97729167 | L12: =AVERAGE('Horns Rev'!P12,Seagreen!P12,Gemini!P12,Hollandse_Noord!P12,Dieppe!P12,'Moray Firth'!P12,Kriegers!P12,'East Anglia One'!P12) -> 24.208333 | M12: =AVERAGE('Horns Rev'!Q12,Seagreen!Q12,Gemini!Q12,Hollandse_Noord!Q12,Dieppe!Q12,'Moray Firth'!Q12,Kriegers!Q12,'East Anglia One'!Q12) -> 0.032325947 | N12: =AVERAGE('Horns Rev'!R12,Seagreen!R12,Gemini!R12,Hollandse_Noord!R12,Dieppe!R12,'Moray Firth'!R12,Kriegers!R12,'East Anglia One'!R12) -> 0.97791667 | O12: =AVERAGE('Horns Rev'!T12,Seagreen!T12,Gemini!T12,Hollandse_Noord!T12,Dieppe!T12,'Moray Firth'!T12,Kriegers!T12,'East Anglia One'!T12) -> 24.383333 | P12: =AVERAGE('Horns Rev'!U12,Seagreen!U12,Gemini!U12,Hollandse_Noord!U12,Dieppe!U12,'Moray Firth'!U12,Kriegers!U12,'East Anglia One'!U12) -> 0.032291746 | Q12: =AVERAGE('Horns Rev'!V12,Seagreen!V12,Gemini!V12,Hollandse_Noord!V12,Dieppe!V12,'Moray Firth'!V12,Kriegers!V12,'East Anglia One'!V12) -> 0.97745833 | T12: 3 | U12: =AVERAGE('Horns Rev'!AB12,Seagreen!AB12,Gemini!AB12,Hollandse_Noord!AB12,Dieppe!AA12,'Moray Firth'!AB12,Kriegers!AB12,'East Anglia One'!AB12) -> 41.095833 | V12: =AVERAGE('Horns Rev'!AC12,Seagreen!AC12,Gemini!AC12,Hollandse_Noord!AC12,Dieppe!AB12,'Moray Firth'!AC12,Kriegers!AC12,'East Anglia One'!AC12) -> 0.055360524 | W12: =AVERAGE('Horns Rev'!AD12,Seagreen!AD12,Gemini!AD12,Hollandse_Noord!AD12,Dieppe!AC12,'Moray Firth'!AD12,Kriegers!AD12,'East Anglia One'!AD12) -> 0.94841667 | X12: =AVERAGE('Horns Rev'!AF12,Seagreen!AF12,Gemini!AF12,Hollandse_Noord!AF12,Dieppe!AE12,'Moray Firth'!AF12,Kriegers!AF12,'East Anglia One'!AF12) -> 32.516667 | Y12: =AVERAGE('Horns Rev'!AG12,Seagreen!AG12,Gemini!AG12,Hollandse_Noord!AG12,Dieppe!AF12,'Moray Firth'!AG12,Kriegers!AG12,'East Anglia One'!AG12) -> 0.044001333 | Z12: =AVERAGE('Horns Rev'!AH12,Seagreen!AH12,Gemini!AH12,Hollandse_Noord!AH12,Dieppe!AG12,'Moray Firth'!AH12,Kriegers!AH12,'East Anglia One'!AH12) -> 0.96491667 | AA12: =AVERAGE('Horns Rev'!AJ12,Seagreen!AJ12,Gemini!AJ12,Hollandse_Noord!AJ12,Dieppe!AI12,'Moray Firth'!AJ12,Kriegers!AJ12,'East Anglia One'!AJ12) -> 28.175 | AB12: =AVERAGE('Horns Rev'!AK12,Seagreen!AK12,Gemini!AK12,Hollandse_Noord!AK12,Dieppe!AJ12,'Moray Firth'!AK12,Kriegers!AK12,'East Anglia One'!AK12) -> 0.037634558 | AC12: =AVERAGE('Horns Rev'!AL12,Seagreen!AL12,Gemini!AL12,Hollandse_Noord!AL12,Dieppe!AK12,'Moray Firth'!AL12,Kriegers!AL12,'East Anglia One'!AL12) -> 0.973 | AD12: =AVERAGE('Horns Rev'!AN12,Seagreen!AN12,Gemini!AN12,Hollandse_Noord!AN12,Dieppe!AM12,'Moray Firth'!AN12,Kriegers!AN12,'East Anglia One'!AN12) -> 27.25 | AE12: =AVERAGE('Horns Rev'!AO12,Seagreen!AO12,Gemini!AO12,Hollandse_Noord!AO12,Dieppe!AN12,'Moray Firth'!AO12,Kriegers!AO12,'East Anglia One'!AO12) -> 0.03635087 | AF12: =AVERAGE('Horns Rev'!AP12,Seagreen!AP12,Gemini!AP12,Hollandse_Noord!AP12,Dieppe!AO12,'Moray Firth'!AP12,Kriegers!AP12,'East Anglia One'!AP12) -> 0.9745 | AG12: =AVERAGE('Horns Rev'!AR12,Seagreen!AR12,Gemini!AR12,Hollandse_Noord!AR12,Dieppe!AQ12,'Moray Firth'!AR12,Kriegers!AR12,'East Anglia One'!AR12) -> 27.891667 | AH12: =AVERAGE('Horns Rev'!AS12,Seagreen!AS12,Gemini!AS12,Hollandse_Noord!AS12,Dieppe!AR12,'Moray Firth'!AS12,Kriegers!AS12,'East Anglia One'!AS12) -> 0.037208841 | AI12: =AVERAGE('Horns Rev'!AT12,Seagreen!AT12,Gemini!AT12,Hollandse_Noord!AT12,Dieppe!AS12,'Moray Firth'!AT12,Kriegers!AT12,'East Anglia One'!AT12) -> 0.974
B13: 4 | C13: =AVERAGE('Horns Rev'!D13,Seagreen!D13,Gemini!D13,Hollandse_Noord!D13,Dieppe!D13,'Moray Firth'!D13,Kriegers!D13,'East Anglia One'!D13) -> 37.058333 | D13: =AVERAGE('Horns Rev'!E13,Seagreen!E13,Gemini!E13,Hollandse_Noord!E13,Dieppe!E13,'Moray Firth'!E13,Kriegers!E13,'East Anglia One'!E13) -> 0.050667609 | E13: =AVERAGE('Horns Rev'!F13,Seagreen!F13,Gemini!F13,Hollandse_Noord!F13,Dieppe!F13,'Moray Firth'!F13,Kriegers!F13,'East Anglia One'!F13) -> 0.94441667 | F13: =AVERAGE('Horns Rev'!H13,Seagreen!H13,Gemini!H13,Hollandse_Noord!H13,Dieppe!H13,'Moray Firth'!H13,Kriegers!H13,'East Anglia One'!H13) -> 28.85 | G13: =AVERAGE('Horns Rev'!I13,Seagreen!I13,Gemini!I13,Hollandse_Noord!I13,Dieppe!I13,'Moray Firth'!I13,Kriegers!I13,'East Anglia One'!I13) -> 0.038682259 | H13: =AVERAGE('Horns Rev'!J13,Seagreen!J13,Gemini!J13,Hollandse_Noord!J13,Dieppe!J13,'Moray Firth'!J13,Kriegers!J13,'East Anglia One'!J13) -> 0.96758333 | I13: =AVERAGE('Horns Rev'!L13,Seagreen!L13,Gemini!L13,Hollandse_Noord!L13,Dieppe!L13,'Moray Firth'!L13,Kriegers!L13,'East Anglia One'!L13) -> 26.245833 | J13: =AVERAGE('Horns Rev'!M13,Seagreen!M13,Gemini!M13,Hollandse_Noord!M13,Dieppe!M13,'Moray Firth'!M13,Kriegers!M13,'East Anglia One'!M13) -> 0.035165692 | K13: =AVERAGE('Horns Rev'!N13,Seagreen!N13,Gemini!N13,Hollandse_Noord!N13,Dieppe!N13,'Moray Firth'!N13,Kriegers!N13,'East Anglia One'!N13) -> 0.97279167 | L13: =AVERAGE('Horns Rev'!P13,Seagreen!P13,Gemini!P13,Hollandse_Noord!P13,Dieppe!P13,'Moray Firth'!P13,Kriegers!P13,'East Anglia One'!P13) -> 25.525 | M13: =AVERAGE('Horns Rev'!Q13,Seagreen!Q13,Gemini!Q13,Hollandse_Noord!Q13,Dieppe!Q13,'Moray Firth'!Q13,Kriegers!Q13,'East Anglia One'!Q13) -> 0.034109615 | N13: =AVERAGE('Horns Rev'!R13,Seagreen!R13,Gemini!R13,Hollandse_Noord!R13,Dieppe!R13,'Moray Firth'!R13,Kriegers!R13,'East Anglia One'!R13) -> 0.97408333 | O13: =AVERAGE('Horns Rev'!T13,Seagreen!T13,Gemini!T13,Hollandse_Noord!T13,Dieppe!T13,'Moray Firth'!T13,Kriegers!T13,'East Anglia One'!T13) -> 25.658333 | P13: =AVERAGE('Horns Rev'!U13,Seagreen!U13,Gemini!U13,Hollandse_Noord!U13,Dieppe!U13,'Moray Firth'!U13,Kriegers!U13,'East Anglia One'!U13) -> 0.03423643 | Q13: =AVERAGE('Horns Rev'!V13,Seagreen!V13,Gemini!V13,Hollandse_Noord!V13,Dieppe!V13,'Moray Firth'!V13,Kriegers!V13,'East Anglia One'!V13) -> 0.97358333 | T13: 4 | U13: =AVERAGE('Horns Rev'!AB13,Seagreen!AB13,Gemini!AB13,Hollandse_Noord!AB13,Dieppe!AA13,'Moray Firth'!AB13,Kriegers!AB13,'East Anglia One'!AB13) -> 44.425 | V13: =AVERAGE('Horns Rev'!AC13,Seagreen!AC13,Gemini!AC13,Hollandse_Noord!AC13,Dieppe!AB13,'Moray Firth'!AC13,Kriegers!AC13,'East Anglia One'!AC13) -> 0.060349408 | W13: =AVERAGE('Horns Rev'!AD13,Seagreen!AD13,Gemini!AD13,Hollandse_Noord!AD13,Dieppe!AC13,'Moray Firth'!AD13,Kriegers!AD13,'East Anglia One'!AD13) -> 0.9305 | X13: =AVERAGE('Horns Rev'!AF13,Seagreen!AF13,Gemini!AF13,Hollandse_Noord!AF13,Dieppe!AE13,'Moray Firth'!AF13,Kriegers!AF13,'East Anglia One'!AF13) -> 34.4625 | Y13: =AVERAGE('Horns Rev'!AG13,Seagreen!AG13,Gemini!AG13,Hollandse_Noord!AG13,Dieppe!AF13,'Moray Firth'!AG13,Kriegers!AG13,'East Anglia One'!AG13) -> 0.046260123 | Z13: =AVERAGE('Horns Rev'!AH13,Seagreen!AH13,Gemini!AH13,Hollandse_Noord!AH13,Dieppe!AG13,'Moray Firth'!AH13,Kriegers!AH13,'East Anglia One'!AH13) -> 0.95608333 | AA13: =AVERAGE('Horns Rev'!AJ13,Seagreen!AJ13,Gemini!AJ13,Hollandse_Noord!AJ13,Dieppe!AI13,'Moray Firth'!AJ13,Kriegers!AJ13,'East Anglia One'!AJ13) -> 30.258333 | AB13: =AVERAGE('Horns Rev'!AK13,Seagreen!AK13,Gemini!AK13,Hollandse_Noord!AK13,Dieppe!AJ13,'Moray Firth'!AK13,Kriegers!AK13,'East Anglia One'!AK13) -> 0.040603796 | AC13: =AVERAGE('Horns Rev'!AL13,Seagreen!AL13,Gemini!AL13,Hollandse_Noord!AL13,Dieppe!AK13,'Moray Firth'!AL13,Kriegers!AL13,'East Anglia One'!AL13) -> 0.965875 | AD13: =AVERAGE('Horns Rev'!AN13,Seagreen!AN13,Gemini!AN13,Hollandse_Noord!AN13,Dieppe!AM13,'Moray Firth'!AN13,Kriegers!AN13,'East Anglia One'!AN13) -> 28.816667 | AE13: =AVERAGE('Horns Rev'!AO13,Seagreen!AO13,Gemini!AO13,Hollandse_Noord!AO13,Dieppe!AN13,'Moray Firth'!AO13,Kriegers!AO13,'East Anglia One'!AO13) -> 0.038508927 | AF13: =AVERAGE('Horns Rev'!AP13,Seagreen!AP13,Gemini!AP13,Hollandse_Noord!AP13,Dieppe!AO13,'Moray Firth'!AP13,Kriegers!AP13,'East Anglia One'!AP13) -> 0.96870833 | AG13: =AVERAGE('Horns Rev'!AR13,Seagreen!AR13,Gemini!AR13,Hollandse_Noord!AR13,Dieppe!AQ13,'Moray Firth'!AR13,Kriegers!AR13,'East Anglia One'!AR13) -> 29.075 | AH13: =AVERAGE('Horns Rev'!AS13,Seagreen!AS13,Gemini!AS13,Hollandse_Noord!AS13,Dieppe!AR13,'Moray Firth'!AS13,Kriegers!AS13,'East Anglia One'!AS13) -> 0.038827358 | AI13: =AVERAGE('Horns Rev'!AT13,Seagreen!AT13,Gemini!AT13,Hollandse_Noord!AT13,Dieppe!AS13,'Moray Firth'!AT13,Kriegers!AT13,'East Anglia One'!AT13) -> 0.967875
B14: 5 | C14: =AVERAGE('Horns Rev'!D14,Seagreen!D14,Gemini!D14,Hollandse_Noord!D14,Dieppe!D14,'Moray Firth'!D14,Kriegers!D14,'East Anglia One'!D14) -> 33.154167 | D14: =AVERAGE('Horns Rev'!E14,Seagreen!E14,Gemini!E14,Hollandse_Noord!E14,Dieppe!E14,'Moray Firth'!E14,Kriegers!E14,'East Anglia One'!E14) -> 0.044557996 | E14: =AVERAGE('Horns Rev'!F14,Seagreen!F14,Gemini!F14,Hollandse_Noord!F14,Dieppe!F14,'Moray Firth'!F14,Kriegers!F14,'East Anglia One'!F14) -> 0.93558333 | F14: =AVERAGE('Horns Rev'!H14,Seagreen!H14,Gemini!H14,Hollandse_Noord!H14,Dieppe!H14,'Moray Firth'!H14,Kriegers!H14,'East Anglia One'!H14) -> 26.525 | G14: =AVERAGE('Horns Rev'!I14,Seagreen!I14,Gemini!I14,Hollandse_Noord!I14,Dieppe!I14,'Moray Firth'!I14,Kriegers!I14,'East Anglia One'!I14) -> 0.035608217 | H14: =AVERAGE('Horns Rev'!J14,Seagreen!J14,Gemini!J14,Hollandse_Noord!J14,Dieppe!J14,'Moray Firth'!J14,Kriegers!J14,'East Anglia One'!J14) -> 0.95466667 | I14: =AVERAGE('Horns Rev'!L14,Seagreen!L14,Gemini!L14,Hollandse_Noord!L14,Dieppe!L14,'Moray Firth'!L14,Kriegers!L14,'East Anglia One'!L14) -> 24.15 | J14: =AVERAGE('Horns Rev'!M14,Seagreen!M14,Gemini!M14,Hollandse_Noord!M14,Dieppe!M14,'Moray Firth'!M14,Kriegers!M14,'East Anglia One'!M14) -> 0.032495905 | K14: =AVERAGE('Horns Rev'!N14,Seagreen!N14,Gemini!N14,Hollandse_Noord!N14,Dieppe!N14,'Moray Firth'!N14,Kriegers!N14,'East Anglia One'!N14) -> 0.96133333 | L14: =AVERAGE('Horns Rev'!P14,Seagreen!P14,Gemini!P14,Hollandse_Noord!P14,Dieppe!P14,'Moray Firth'!P14,Kriegers!P14,'East Anglia One'!P14) -> 22.983333 | M14: =AVERAGE('Horns Rev'!Q14,Seagreen!Q14,Gemini!Q14,Hollandse_Noord!Q14,Dieppe!Q14,'Moray Firth'!Q14,Kriegers!Q14,'East Anglia One'!Q14) -> 0.031066452 | N14: =AVERAGE('Horns Rev'!R14,Seagreen!R14,Gemini!R14,Hollandse_Noord!R14,Dieppe!R14,'Moray Firth'!R14,Kriegers!R14,'East Anglia One'!R14) -> 0.96504167 | O14: =AVERAGE('Horns Rev'!T14,Seagreen!T14,Gemini!T14,Hollandse_Noord!T14,Dieppe!T14,'Moray Firth'!T14,Kriegers!T14,'East Anglia One'!T14) -> 22.9125 | P14: =AVERAGE('Horns Rev'!U14,Seagreen!U14,Gemini!U14,Hollandse_Noord!U14,Dieppe!U14,'Moray Firth'!U14,Kriegers!U14,'East Anglia One'!U14) -> 0.030844717 | Q14: =AVERAGE('Horns Rev'!V14,Seagreen!V14,Gemini!V14,Hollandse_Noord!V14,Dieppe!V14,'Moray Firth'!V14,Kriegers!V14,'East Anglia One'!V14) -> 0.96516667 | T14: 5 | U14: =AVERAGE('Horns Rev'!AB14,Seagreen!AB14,Gemini!AB14,Hollandse_Noord!AB14,Dieppe!AA14,'Moray Firth'!AB14,Kriegers!AB14,'East Anglia One'!AB14) -> 42.454167 | V14: =AVERAGE('Horns Rev'!AC14,Seagreen!AC14,Gemini!AC14,Hollandse_Noord!AC14,Dieppe!AB14,'Moray Firth'!AC14,Kriegers!AC14,'East Anglia One'!AC14) -> 0.0561686 | W14: =AVERAGE('Horns Rev'!AD14,Seagreen!AD14,Gemini!AD14,Hollandse_Noord!AD14,Dieppe!AC14,'Moray Firth'!AD14,Kriegers!AD14,'East Anglia One'!AD14) -> 0.90295833 | X14: =AVERAGE('Horns Rev'!AF14,Seagreen!AF14,Gemini!AF14,Hollandse_Noord!AF14,Dieppe!AE14,'Moray Firth'!AF14,Kriegers!AF14,'East Anglia One'!AF14) -> 31.970833 | Y14: =AVERAGE('Horns Rev'!AG14,Seagreen!AG14,Gemini!AG14,Hollandse_Noord!AG14,Dieppe!AF14,'Moray Firth'!AG14,Kriegers!AG14,'East Anglia One'!AG14) -> 0.042335661 | Z14: =AVERAGE('Horns Rev'!AH14,Seagreen!AH14,Gemini!AH14,Hollandse_Noord!AH14,Dieppe!AG14,'Moray Firth'!AH14,Kriegers!AH14,'East Anglia One'!AH14) -> 0.943125 | AA14: =AVERAGE('Horns Rev'!AJ14,Seagreen!AJ14,Gemini!AJ14,Hollandse_Noord!AJ14,Dieppe!AI14,'Moray Firth'!AJ14,Kriegers!AJ14,'East Anglia One'!AJ14) -> 27.791667 | AB14: =AVERAGE('Horns Rev'!AK14,Seagreen!AK14,Gemini!AK14,Hollandse_Noord!AK14,Dieppe!AJ14,'Moray Firth'!AK14,Kriegers!AK14,'East Anglia One'!AK14) -> 0.037079623 | AC14: =AVERAGE('Horns Rev'!AL14,Seagreen!AL14,Gemini!AL14,Hollandse_Noord!AL14,Dieppe!AK14,'Moray Firth'!AL14,Kriegers!AL14,'East Anglia One'!AL14) -> 0.954625 | AD14: =AVERAGE('Horns Rev'!AN14,Seagreen!AN14,Gemini!AN14,Hollandse_Noord!AN14,Dieppe!AM14,'Moray Firth'!AN14,Kriegers!AN14,'East Anglia One'!AN14) -> 26.1875 | AE14: =AVERAGE('Horns Rev'!AO14,Seagreen!AO14,Gemini!AO14,Hollandse_Noord!AO14,Dieppe!AN14,'Moray Firth'!AO14,Kriegers!AO14,'East Anglia One'!AO14) -> 0.035280423 | AF14: =AVERAGE('Horns Rev'!AP14,Seagreen!AP14,Gemini!AP14,Hollandse_Noord!AP14,Dieppe!AO14,'Moray Firth'!AP14,Kriegers!AP14,'East Anglia One'!AP14) -> 0.95804167 | AG14: =AVERAGE('Horns Rev'!AR14,Seagreen!AR14,Gemini!AR14,Hollandse_Noord!AR14,Dieppe!AQ14,'Moray Firth'!AR14,Kriegers!AR14,'East Anglia One'!AR14) -> 25.725 | AH14: =AVERAGE('Horns Rev'!AS14,Seagreen!AS14,Gemini!AS14,Hollandse_Noord!AS14,Dieppe!AR14,'Moray Firth'!AS14,Kriegers!AS14,'East Anglia One'!AS14) -> 0.034514968 | AI14: =AVERAGE('Horns Rev'!AT14,Seagreen!AT14,Gemini!AT14,Hollandse_Noord!AT14,Dieppe!AS14,'Moray Firth'!AT14,Kriegers!AT14,'East Anglia One'!AT14) -> 0.95933333
B15: 6 | C15: =AVERAGE('Horns Rev'!D15,Seagreen!D15,Gemini!D15,Hollandse_Noord!D15,Dieppe!D15,'Moray Firth'!D15,Kriegers!D15,'East Anglia One'!D15) -> 35.575 | D15: =AVERAGE('Horns Rev'!E15,Seagreen!E15,Gemini!E15,Hollandse_Noord!E15,Dieppe!E15,'Moray Firth'!E15,Kriegers!E15,'East Anglia One'!E15) -> 0.047987218 | E15: =AVERAGE('Horns Rev'!F15,Seagreen!F15,Gemini!F15,Hollandse_Noord!F15,Dieppe!F15,'Moray Firth'!F15,Kriegers!F15,'East Anglia One'!F15) -> 0.922875 | F15: =AVERAGE('Horns Rev'!H15,Seagreen!H15,Gemini!H15,Hollandse_Noord!H15,Dieppe!H15,'Moray Firth'!H15,Kriegers!H15,'East Anglia One'!H15) -> 27.583333 | G15: =AVERAGE('Horns Rev'!I15,Seagreen!I15,Gemini!I15,Hollandse_Noord!I15,Dieppe!I15,'Moray Firth'!I15,Kriegers!I15,'East Anglia One'!I15) -> 0.036765249 | H15: =AVERAGE('Horns Rev'!J15,Seagreen!J15,Gemini!J15,Hollandse_Noord!J15,Dieppe!J15,'Moray Firth'!J15,Kriegers!J15,'East Anglia One'!J15) -> 0.9565 | I15: =AVERAGE('Horns Rev'!L15,Seagreen!L15,Gemini!L15,Hollandse_Noord!L15,Dieppe!L15,'Moray Firth'!L15,Kriegers!L15,'East Anglia One'!L15) -> 25.8625 | J15: =AVERAGE('Horns Rev'!M15,Seagreen!M15,Gemini!M15,Hollandse_Noord!M15,Dieppe!M15,'Moray Firth'!M15,Kriegers!M15,'East Anglia One'!M15) -> 0.034334925 | K15: =AVERAGE('Horns Rev'!N15,Seagreen!N15,Gemini!N15,Hollandse_Noord!N15,Dieppe!N15,'Moray Firth'!N15,Kriegers!N15,'East Anglia One'!N15) -> 0.96225 | L15: =AVERAGE('Horns Rev'!P15,Seagreen!P15,Gemini!P15,Hollandse_Noord!P15,Dieppe!P15,'Moray Firth'!P15,Kriegers!P15,'East Anglia One'!P15) -> 24.925 | M15: =AVERAGE('Horns Rev'!Q15,Seagreen!Q15,Gemini!Q15,Hollandse_Noord!Q15,Dieppe!Q15,'Moray Firth'!Q15,Kriegers!Q15,'East Anglia One'!Q15) -> 0.033059271 | N15: =AVERAGE('Horns Rev'!R15,Seagreen!R15,Gemini!R15,Hollandse_Noord!R15,Dieppe!R15,'Moray Firth'!R15,Kriegers!R15,'East Anglia One'!R15) -> 0.96358333 | O15: =AVERAGE('Horns Rev'!T15,Seagreen!T15,Gemini!T15,Hollandse_Noord!T15,Dieppe!T15,'Moray Firth'!T15,Kriegers!T15,'East Anglia One'!T15) -> 24.629167 | P15: =AVERAGE('Horns Rev'!U15,Seagreen!U15,Gemini!U15,Hollandse_Noord!U15,Dieppe!U15,'Moray Firth'!U15,Kriegers!U15,'East Anglia One'!U15) -> 0.032776811 | Q15: =AVERAGE('Horns Rev'!V15,Seagreen!V15,Gemini!V15,Hollandse_Noord!V15,Dieppe!V15,'Moray Firth'!V15,Kriegers!V15,'East Anglia One'!V15) -> 0.96466667 | T15: 6 | U15: =AVERAGE('Horns Rev'!AB15,Seagreen!AB15,Gemini!AB15,Hollandse_Noord!AB15,Dieppe!AA15,'Moray Firth'!AB15,Kriegers!AB15,'East Anglia One'!AB15) -> 43.1375 | V15: =AVERAGE('Horns Rev'!AC15,Seagreen!AC15,Gemini!AC15,Hollandse_Noord!AC15,Dieppe!AB15,'Moray Firth'!AC15,Kriegers!AC15,'East Anglia One'!AC15) -> 0.057430217 | W15: =AVERAGE('Horns Rev'!AD15,Seagreen!AD15,Gemini!AD15,Hollandse_Noord!AD15,Dieppe!AC15,'Moray Firth'!AD15,Kriegers!AD15,'East Anglia One'!AD15) -> 0.89716667 | X15: =AVERAGE('Horns Rev'!AF15,Seagreen!AF15,Gemini!AF15,Hollandse_Noord!AF15,Dieppe!AE15,'Moray Firth'!AF15,Kriegers!AF15,'East Anglia One'!AF15) -> 32.308333 | Y15: =AVERAGE('Horns Rev'!AG15,Seagreen!AG15,Gemini!AG15,Hollandse_Noord!AG15,Dieppe!AF15,'Moray Firth'!AG15,Kriegers!AG15,'East Anglia One'!AG15) -> 0.043068193 | Z15: =AVERAGE('Horns Rev'!AH15,Seagreen!AH15,Gemini!AH15,Hollandse_Noord!AH15,Dieppe!AG15,'Moray Firth'!AH15,Kriegers!AH15,'East Anglia One'!AH15) -> 0.94291667 | AA15: =AVERAGE('Horns Rev'!AJ15,Seagreen!AJ15,Gemini!AJ15,Hollandse_Noord!AJ15,Dieppe!AI15,'Moray Firth'!AJ15,Kriegers!AJ15,'East Anglia One'!AJ15) -> 29.395833 | AB15: =AVERAGE('Horns Rev'!AK15,Seagreen!AK15,Gemini!AK15,Hollandse_Noord!AK15,Dieppe!AJ15,'Moray Firth'!AK15,Kriegers!AK15,'East Anglia One'!AK15) -> 0.038973906 | AC15: =AVERAGE('Horns Rev'!AL15,Seagreen!AL15,Gemini!AL15,Hollandse_Noord!AL15,Dieppe!AK15,'Moray Firth'!AL15,Kriegers!AL15,'East Anglia One'!AL15) -> 0.952875 | AD15: =AVERAGE('Horns Rev'!AN15,Seagreen!AN15,Gemini!AN15,Hollandse_Noord!AN15,Dieppe!AM15,'Moray Firth'!AN15,Kriegers!AN15,'East Anglia One'!AN15) -> 27.591667 | AE15: =AVERAGE('Horns Rev'!AO15,Seagreen!AO15,Gemini!AO15,Hollandse_Noord!AO15,Dieppe!AN15,'Moray Firth'!AO15,Kriegers!AO15,'East Anglia One'!AO15) -> 0.036491494 | AF15: =AVERAGE('Horns Rev'!AP15,Seagreen!AP15,Gemini!AP15,Hollandse_Noord!AP15,Dieppe!AO15,'Moray Firth'!AP15,Kriegers!AP15,'East Anglia One'!AP15) -> 0.95845833 | AG15: =AVERAGE('Horns Rev'!AR15,Seagreen!AR15,Gemini!AR15,Hollandse_Noord!AR15,Dieppe!AQ15,'Moray Firth'!AR15,Kriegers!AR15,'East Anglia One'!AR15) -> 27.033333 | AH15: =AVERAGE('Horns Rev'!AS15,Seagreen!AS15,Gemini!AS15,Hollandse_Noord!AS15,Dieppe!AR15,'Moray Firth'!AS15,Kriegers!AS15,'East Anglia One'!AS15) -> 0.035875439 | AI15: =AVERAGE('Horns Rev'!AT15,Seagreen!AT15,Gemini!AT15,Hollandse_Noord!AT15,Dieppe!AS15,'Moray Firth'!AT15,Kriegers!AT15,'East Anglia One'!AT15) -> 0.96041667
B16: 7 | C16: =AVERAGE('Horns Rev'!D16,Seagreen!D16,Gemini!D16,Hollandse_Noord!D16,Dieppe!D16,'Moray Firth'!D16,Kriegers!D16,'East Anglia One'!D16) -> 47.741667 | D16: =AVERAGE('Horns Rev'!E16,Seagreen!E16,Gemini!E16,Hollandse_Noord!E16,Dieppe!E16,'Moray Firth'!E16,Kriegers!E16,'East Anglia One'!E16) -> 0.057792965 | E16: =AVERAGE('Horns Rev'!F16,Seagreen!F16,Gemini!F16,Hollandse_Noord!F16,Dieppe!F16,'Moray Firth'!F16,Kriegers!F16,'East Anglia One'!F16) -> 0.83433333 | F16: =AVERAGE('Horns Rev'!H16,Seagreen!H16,Gemini!H16,Hollandse_Noord!H16,Dieppe!H16,'Moray Firth'!H16,Kriegers!H16,'East Anglia One'!H16) -> 29.416667 | G16: =AVERAGE('Horns Rev'!I16,Seagreen!I16,Gemini!I16,Hollandse_Noord!I16,Dieppe!I16,'Moray Firth'!I16,Kriegers!I16,'East Anglia One'!I16) -> 0.037619115 | H16: =AVERAGE('Horns Rev'!J16,Seagreen!J16,Gemini!J16,Hollandse_Noord!J16,Dieppe!J16,'Moray Firth'!J16,Kriegers!J16,'East Anglia One'!J16) -> 0.931875 | I16: =AVERAGE('Horns Rev'!L16,Seagreen!L16,Gemini!L16,Hollandse_Noord!L16,Dieppe!L16,'Moray Firth'!L16,Kriegers!L16,'East Anglia One'!L16) -> 26.758333 | J16: =AVERAGE('Horns Rev'!M16,Seagreen!M16,Gemini!M16,Hollandse_Noord!M16,Dieppe!M16,'Moray Firth'!M16,Kriegers!M16,'East Anglia One'!M16) -> 0.034294169 | K16: =AVERAGE('Horns Rev'!N16,Seagreen!N16,Gemini!N16,Hollandse_Noord!N16,Dieppe!N16,'Moray Firth'!N16,Kriegers!N16,'East Anglia One'!N16) -> 0.94145833 | L16: =AVERAGE('Horns Rev'!P16,Seagreen!P16,Gemini!P16,Hollandse_Noord!P16,Dieppe!P16,'Moray Firth'!P16,Kriegers!P16,'East Anglia One'!P16) -> 24.520833 | M16: =AVERAGE('Horns Rev'!Q16,Seagreen!Q16,Gemini!Q16,Hollandse_Noord!Q16,Dieppe!Q16,'Moray Firth'!Q16,Kriegers!Q16,'East Anglia One'!Q16) -> 0.031889582 | N16: =AVERAGE('Horns Rev'!R16,Seagreen!R16,Gemini!R16,Hollandse_Noord!R16,Dieppe!R16,'Moray Firth'!R16,Kriegers!R16,'East Anglia One'!R16) -> 0.94708333 | O16: =AVERAGE('Horns Rev'!T16,Seagreen!T16,Gemini!T16,Hollandse_Noord!T16,Dieppe!T16,'Moray Firth'!T16,Kriegers!T16,'East Anglia One'!T16) -> 24.029167 | P16: =AVERAGE('Horns Rev'!U16,Seagreen!U16,Gemini!U16,Hollandse_Noord!U16,Dieppe!U16,'Moray Firth'!U16,Kriegers!U16,'East Anglia One'!U16) -> 0.031273335 | Q16: =AVERAGE('Horns Rev'!V16,Seagreen!V16,Gemini!V16,Hollandse_Noord!V16,Dieppe!V16,'Moray Firth'!V16,Kriegers!V16,'East Anglia One'!V16) -> 0.94970833 | T16: 7 | U16: =AVERAGE('Horns Rev'!AB16,Seagreen!AB16,Gemini!AB16,Hollandse_Noord!AB16,Dieppe!AA16,'Moray Firth'!AB16,Kriegers!AB16,'East Anglia One'!AB16) -> 60.870833 | V16: =AVERAGE('Horns Rev'!AC16,Seagreen!AC16,Gemini!AC16,Hollandse_Noord!AC16,Dieppe!AB16,'Moray Firth'!AC16,Kriegers!AC16,'East Anglia One'!AC16) -> 0.074813173 | W16: =AVERAGE('Horns Rev'!AD16,Seagreen!AD16,Gemini!AD16,Hollandse_Noord!AD16,Dieppe!AC16,'Moray Firth'!AD16,Kriegers!AD16,'East Anglia One'!AD16) -> 0.77616667 | X16: =AVERAGE('Horns Rev'!AF16,Seagreen!AF16,Gemini!AF16,Hollandse_Noord!AF16,Dieppe!AE16,'Moray Firth'!AF16,Kriegers!AF16,'East Anglia One'!AF16) -> 35.991667 | Y16: =AVERAGE('Horns Rev'!AG16,Seagreen!AG16,Gemini!AG16,Hollandse_Noord!AG16,Dieppe!AF16,'Moray Firth'!AG16,Kriegers!AG16,'East Anglia One'!AG16) -> 0.046311902 | Z16: =AVERAGE('Horns Rev'!AH16,Seagreen!AH16,Gemini!AH16,Hollandse_Noord!AH16,Dieppe!AG16,'Moray Firth'!AH16,Kriegers!AH16,'East Anglia One'!AH16) -> 0.90575 | AA16: =AVERAGE('Horns Rev'!AJ16,Seagreen!AJ16,Gemini!AJ16,Hollandse_Noord!AJ16,Dieppe!AI16,'Moray Firth'!AJ16,Kriegers!AJ16,'East Anglia One'!AJ16) -> 31.816667 | AB16: =AVERAGE('Horns Rev'!AK16,Seagreen!AK16,Gemini!AK16,Hollandse_Noord!AK16,Dieppe!AJ16,'Moray Firth'!AK16,Kriegers!AK16,'East Anglia One'!AK16) -> 0.040886522 | AC16: =AVERAGE('Horns Rev'!AL16,Seagreen!AL16,Gemini!AL16,Hollandse_Noord!AL16,Dieppe!AK16,'Moray Firth'!AL16,Kriegers!AL16,'East Anglia One'!AL16) -> 0.923625 | AD16: =AVERAGE('Horns Rev'!AN16,Seagreen!AN16,Gemini!AN16,Hollandse_Noord!AN16,Dieppe!AM16,'Moray Firth'!AN16,Kriegers!AN16,'East Anglia One'!AN16) -> 28.533333 | AE16: =AVERAGE('Horns Rev'!AO16,Seagreen!AO16,Gemini!AO16,Hollandse_Noord!AO16,Dieppe!AN16,'Moray Firth'!AO16,Kriegers!AO16,'East Anglia One'!AO16) -> 0.036947624 | AF16: =AVERAGE('Horns Rev'!AP16,Seagreen!AP16,Gemini!AP16,Hollandse_Noord!AP16,Dieppe!AO16,'Moray Firth'!AP16,Kriegers!AP16,'East Anglia One'!AP16) -> 0.93516667 | AG16: =AVERAGE('Horns Rev'!AR16,Seagreen!AR16,Gemini!AR16,Hollandse_Noord!AR16,Dieppe!AQ16,'Moray Firth'!AR16,Kriegers!AR16,'East Anglia One'!AR16) -> 27.441667 | AH16: =AVERAGE('Horns Rev'!AS16,Seagreen!AS16,Gemini!AS16,Hollandse_Noord!AS16,Dieppe!AR16,'Moray Firth'!AS16,Kriegers!AS16,'East Anglia One'!AS16) -> 0.035466622 | AI16: =AVERAGE('Horns Rev'!AT16,Seagreen!AT16,Gemini!AT16,Hollandse_Noord!AT16,Dieppe!AS16,'Moray Firth'!AT16,Kriegers!AT16,'East Anglia One'!AT16) -> 0.94020833
B18: Average | C18: =AVERAGE('Horns Rev'!D18,Seagreen!D18,Gemini!D18,Hollandse_Noord!D18,Dieppe!D18,'Moray Firth'!D18,Kriegers!D18,'East Anglia One'!D18) -> 32.918928 | D18: =AVERAGE('Horns Rev'!E18,Seagreen!E18,Gemini!E18,Hollandse_Noord!E18,Dieppe!E18,'Moray Firth'!E18,Kriegers!E18,'East Anglia One'!E18) -> 0.043370567 | E18: =AVERAGE('Horns Rev'!F18,Seagreen!F18,Gemini!F18,Hollandse_Noord!F18,Dieppe!F18,'Moray Firth'!F18,Kriegers!F18,'East Anglia One'!F18) -> 0.93332501 | F18: =AVERAGE('Horns Rev'!H18,Seagreen!H18,Gemini!H18,Hollandse_Noord!H18,Dieppe!H18,'Moray Firth'!H18,Kriegers!H18,'East Anglia One'!H18) -> 26.711088 | G18: =AVERAGE('Horns Rev'!I18,Seagreen!I18,Gemini!I18,Hollandse_Noord!I18,Dieppe!I18,'Moray Firth'!I18,Kriegers!I18,'East Anglia One'!I18) -> 0.03520736 | H18: =AVERAGE('Horns Rev'!J18,Seagreen!J18,Gemini!J18,Hollandse_Noord!J18,Dieppe!J18,'Moray Firth'!J18,Kriegers!J18,'East Anglia One'!J18) -> 0.95606662 | I18: =AVERAGE('Horns Rev'!L18,Seagreen!L18,Gemini!L18,Hollandse_Noord!L18,Dieppe!L18,'Moray Firth'!L18,Kriegers!L18,'East Anglia One'!L18) -> 25.00948 | J18: =AVERAGE('Horns Rev'!M18,Seagreen!M18,Gemini!M18,Hollandse_Noord!M18,Dieppe!M18,'Moray Firth'!M18,Kriegers!M18,'East Anglia One'!M18) -> 0.032962002 | K18: =AVERAGE('Horns Rev'!N18,Seagreen!N18,Gemini!N18,Hollandse_Noord!N18,Dieppe!N18,'Moray Firth'!N18,Kriegers!N18,'East Anglia One'!N18) -> 0.96047801 | L18: =AVERAGE('Horns Rev'!P18,Seagreen!P18,Gemini!P18,Hollandse_Noord!P18,Dieppe!P18,'Moray Firth'!P18,Kriegers!P18,'East Anglia One'!P18) -> 24.494724 | M18: =AVERAGE('Horns Rev'!Q18,Seagreen!Q18,Gemini!Q18,Hollandse_Noord!Q18,Dieppe!Q18,'Moray Firth'!Q18,Kriegers!Q18,'East Anglia One'!Q18) -> 0.032282391 | N18: =AVERAGE('Horns Rev'!R18,Seagreen!R18,Gemini!R18,Hollandse_Noord!R18,Dieppe!R18,'Moray Firth'!R18,Kriegers!R18,'East Anglia One'!R18) -> 0.96261762 | O18: =AVERAGE('Horns Rev'!T18,Seagreen!T18,Gemini!T18,Hollandse_Noord!T18,Dieppe!T18,'Moray Firth'!T18,Kriegers!T18,'East Anglia One'!T18) -> 24.4341 | P18: =AVERAGE('Horns Rev'!U18,Seagreen!U18,Gemini!U18,Hollandse_Noord!U18,Dieppe!U18,'Moray Firth'!U18,Kriegers!U18,'East Anglia One'!U18) -> 0.032203421 | Q18: =AVERAGE('Horns Rev'!V18,Seagreen!V18,Gemini!V18,Hollandse_Noord!V18,Dieppe!V18,'Moray Firth'!V18,Kriegers!V18,'East Anglia One'!V18) -> 0.96305943 | T18: Average | U18: =AVERAGE('Horns Rev'!AB18,Seagreen!AB18,Gemini!AB18,Hollandse_Noord!AB18,Dieppe!AA18,'Moray Firth'!AB18,Kriegers!AB18,'East Anglia One'!AB18) -> 40.032613 | V18: =AVERAGE('Horns Rev'!AC18,Seagreen!AC18,Gemini!AC18,Hollandse_Noord!AC18,Dieppe!AB18,'Moray Firth'!AC18,Kriegers!AC18,'East Anglia One'!AC18) -> 0.052598948 | W18: =AVERAGE('Horns Rev'!AD18,Seagreen!AD18,Gemini!AD18,Hollandse_Noord!AD18,Dieppe!AC18,'Moray Firth'!AD18,Kriegers!AD18,'East Anglia One'!AD18) -> 0.91100584 | X18: =AVERAGE('Horns Rev'!AF18,Seagreen!AF18,Gemini!AF18,Hollandse_Noord!AF18,Dieppe!AE18,'Moray Firth'!AF18,Kriegers!AF18,'East Anglia One'!AF18) -> 31.331544 | Y18: =AVERAGE('Horns Rev'!AG18,Seagreen!AG18,Gemini!AG18,Hollandse_Noord!AG18,Dieppe!AF18,'Moray Firth'!AG18,Kriegers!AG18,'East Anglia One'!AG18) -> 0.04127139 | Z18: =AVERAGE('Horns Rev'!AH18,Seagreen!AH18,Gemini!AH18,Hollandse_Noord!AH18,Dieppe!AG18,'Moray Firth'!AH18,Kriegers!AH18,'East Anglia One'!AH18) -> 0.94540115 | AA18: =AVERAGE('Horns Rev'!AJ18,Seagreen!AJ18,Gemini!AJ18,Hollandse_Noord!AJ18,Dieppe!AI18,'Moray Firth'!AJ18,Kriegers!AJ18,'East Anglia One'!AJ18) -> 28.401864 | AB18: =AVERAGE('Horns Rev'!AK18,Seagreen!AK18,Gemini!AK18,Hollandse_Noord!AK18,Dieppe!AJ18,'Moray Firth'!AK18,Kriegers!AK18,'East Anglia One'!AK18) -> 0.037405516 | AC18: =AVERAGE('Horns Rev'!AL18,Seagreen!AL18,Gemini!AL18,Hollandse_Noord!AL18,Dieppe!AK18,'Moray Firth'!AL18,Kriegers!AL18,'East Anglia One'!AL18) -> 0.95284622 | AD18: =AVERAGE('Horns Rev'!AN18,Seagreen!AN18,Gemini!AN18,Hollandse_Noord!AN18,Dieppe!AM18,'Moray Firth'!AN18,Kriegers!AN18,'East Anglia One'!AN18) -> 27.299048 | AE18: =AVERAGE('Horns Rev'!AO18,Seagreen!AO18,Gemini!AO18,Hollandse_Noord!AO18,Dieppe!AN18,'Moray Firth'!AO18,Kriegers!AO18,'East Anglia One'!AO18) -> 0.035901656 | AF18: =AVERAGE('Horns Rev'!AP18,Seagreen!AP18,Gemini!AP18,Hollandse_Noord!AP18,Dieppe!AO18,'Moray Firth'!AP18,Kriegers!AP18,'East Anglia One'!AP18) -> 0.95717407 | AG18: =AVERAGE('Horns Rev'!AR18,Seagreen!AR18,Gemini!AR18,Hollandse_Noord!AR18,Dieppe!AQ18,'Moray Firth'!AR18,Kriegers!AR18,'East Anglia One'!AR18) -> 26.980859 | AH18: =AVERAGE('Horns Rev'!AS18,Seagreen!AS18,Gemini!AS18,Hollandse_Noord!AS18,Dieppe!AR18,'Moray Firth'!AS18,Kriegers!AS18,'East Anglia One'!AS18) -> 0.035527308 | AI18: =AVERAGE('Horns Rev'!AT18,Seagreen!AT18,Gemini!AT18,Hollandse_Noord!AT18,Dieppe!AS18,'Moray Firth'!AT18,Kriegers!AT18,'East Anglia One'!AT18) -> 0.95857238
C32: 0.1 | K32: 0.2 | S32: 0.3 | AA32: 0.4 | AI32: 0.5
B33: Clusters | C33: Horns | D33: Seagreen | E33: Gemini | F33: Hollandse | G33: Dieppe | H33: Moray | I33: Kriegers | J33: East.Anglia | K33: Horns | L33: Seagreen | M33: Gemini | N33: Hollandse | O33: Dieppe | P33: Moray | Q33: Kriegers | R33: East.Anglia | S33: Horns | T33: Seagreen | U33: Gemini | V33: Hollandse | W33: Dieppe | X33: Moray | Y33: Kriegers | Z33: East.Anglia | AA33: Horns | AB33: Seagreen | AC33: Gemini | AD33: Hollandse | AE33: Dieppe | AF33: Moray | AG33: Kriegers | AH33: East.Anglia | AI33: Horns | AJ33: Seagreen | AK33: Gemini | AL33: Hollandse | AM33: Dieppe | AN33: Moray | AO33: Kriegers | AP33: East.Anglia
B34: 0 | C34: ='Horns Rev'!E9 -> 0.052629274 | D34: =Seagreen!E9 -> 0.045833333 | E34: =Gemini!E9 -> 0.042666667 | F34: =Hollandse_Noord!E9 -> 0.040623628 | G34: =Dieppe!E9 -> 0.04327957 | H34: ='Moray Firth'!E9 -> 0.044492378 | I34: =Kriegers!E9 -> 0.042476852 | J34: ='East Anglia One'!E9 -> 0.03898226 | K34: ='Horns Rev'!I9 -> 0.039668987 | L34: =Seagreen!I9 -> 0.038685897 | M34: =Gemini!I9 -> 0.033 | N34: =Hollandse_Noord!I9 -> 0.037241985 | O34: =Dieppe!I9 -> 0.037365591 | P34: ='Moray Firth'!I9 -> 0.040264596 | Q34: =Kriegers!I9 -> 0.039236111 | R34: ='East Anglia One'!I9 -> 0.034360411 | S34: ='Horns Rev'!M9 -> 0.034940234 | T34: =Seagreen!M9 -> 0.034679487 | U34: =Gemini!M9 -> 0.031444444 | V34: =Hollandse_Noord!M9 -> 0.03697848 | W34: =Dieppe!M9 -> 0.035013441 | X34: ='Moray Firth'!M9 -> 0.037446074 | Y34: =Kriegers!M9 -> 0.0359375 | Z34: ='East Anglia One'!M9 -> 0.034080299 | AA34: ='Horns Rev'!Q9 -> 0.034677525 | AB34: =Seagreen!Q9 -> 0.036314103 | AC34: =Gemini!Q9 -> 0.033055556 | AD34: =Hollandse_Noord!Q9 -> 0.037198068 | AE34: =Dieppe!Q9 -> 0.034610215 | AF34: ='Moray Firth'!Q9 -> 0.036784584 | AG34: =Kriegers!Q9 -> 0.036342593 | AH34: ='East Anglia One'!Q9 -> 0.03225957 | AI34: ='Horns Rev'!U9 -> 0.033758045 | AJ34: =Seagreen!U9 -> 0.034519231 | AK34: =Gemini!U9 -> 0.030055556 | AL34: =Hollandse_Noord!U9 -> 0.038120334 | AM34: =Dieppe!U9 -> 0.036693548 | AN34: ='Moray Firth'!U9 -> 0.036842105 | AO34: =Kriegers!U9 -> 0.037962963 | AP34: ='East Anglia One'!U9 -> 0.033940243
B35: 1 | C35: ='Horns Rev'!E10 -> 0.037435965 | D35: =Seagreen!E10 -> 0.033942308 | E35: =Gemini!E10 -> 0.041666667 | F35: =Hollandse_Noord!E10 -> 0.035924462 | G35: =Dieppe!E10 -> 0.042204301 | H35: ='Moray Firth'!E10 -> 0.035864251 | I35: =Kriegers!E10 -> 0.037673611 | J35: ='East Anglia One'!E10 -> 0.034640523 | K35: ='Horns Rev'!I10 -> 0.030693113 | L35: =Seagreen!I10 -> 0.031217949 | M35: =Gemini!I10 -> 0.034111111 | N35: =Hollandse_Noord!I10 -> 0.034255599 | O35: =Dieppe!I10 -> 0.034206989 | P35: ='Moray Firth'!I10 -> 0.030658614 | Q35: =Kriegers!I10 -> 0.035300926 | R35: ='East Anglia One'!I10 -> 0.033706816 | S35: ='Horns Rev'!M10 -> 0.029029292 | T35: =Seagreen!M10 -> 0.029679487 | U35: =Gemini!M10 -> 0.032722222 | V35: =Hollandse_Noord!M10 -> 0.034387352 | W35: =Dieppe!M10 -> 0.034139785 | X35: ='Moray Firth'!M10 -> 0.028760426 | Y35: =Kriegers!M10 -> 0.035590278 | Z35: ='East Anglia One'!M10 -> 0.030625584 | AA35: ='Horns Rev'!Q10 -> 0.028854153 | AB35: =Seagreen!Q10 -> 0.029391026 | AC35: =Gemini!Q10 -> 0.032833333 | AD35: =Hollandse_Noord!Q10 -> 0.032630654 | AE35: =Dieppe!Q10 -> 0.032392473 | AF35: ='Moray Firth'!Q10 -> 0.029910843 | AG35: =Kriegers!Q10 -> 0.0359375 | AH35: ='East Anglia One'!Q10 -> 0.031652661 | AI35: ='Horns Rev'!U10 -> 0.029029292 | AJ35: =Seagreen!U10 -> 0.028621795 | AK35: =Gemini!U10 -> 0.032388889 | AL35: =Hollandse_Noord!U10 -> 0.033684673 | AM35: =Dieppe!U10 -> 0.033669355 | AN35: ='Moray Firth'!U10 -> 0.029134311 | AO35: =Kriegers!U10 -> 0.034837963 | AP35: ='East Anglia One'!U10 -> 0.029645191
B36: 2 | C36: ='Horns Rev'!E11 -> 0.04181444 | D36: =Seagreen!E11 -> 0.038012821 | E36: =Gemini!E11 -> 0.024111111 | F36: =Hollandse_Noord!E11 -> 0.045630215 | G36: =Dieppe!E11 -> 0.046034946 | H36: ='Moray Firth'!E11 -> 0.036266897 | I36: =Kriegers!E11 -> 0.036111111 | J36: ='East Anglia One'!E11 -> 0.045751634 | K36: ='Horns Rev'!I11 -> 0.032926135 | L36: =Seagreen!I11 -> 0.034903846 | M36: =Gemini!I11 -> 0.022111111 | N36: =Hollandse_Noord!I11 -> 0.034782609 | O36: =Dieppe!I11 -> 0.036424731 | P36: ='Moray Firth'!I11 -> 0.032901927 | Q36: =Kriegers!I11 -> 0.030555556 | R36: ='East Anglia One'!I11 -> 0.035060691 | S36: ='Horns Rev'!M11 -> 0.031262314 | T36: =Seagreen!M11 -> 0.030512821 | U36: =Gemini!M11 -> 0.021611111 | V36: =Hollandse_Noord!M11 -> 0.031884058 | W36: =Dieppe!M11 -> 0.03219086 | X36: ='Moray Firth'!M11 -> 0.032240437 | Y36: =Kriegers!M11 -> 0.028877315 | Z36: ='East Anglia One'!M11 -> 0.032119514 | AA36: ='Horns Rev'!Q11 -> 0.029335785 | AB36: =Seagreen!Q11 -> 0.031057692 | AC36: =Gemini!Q11 -> 0.020611111 | AD36: =Hollandse_Noord!Q11 -> 0.030873957 | AE36: =Dieppe!Q11 -> 0.028830645 | AF36: ='Moray Firth'!Q11 -> 0.032154156 | AG36: =Kriegers!Q11 -> 0.026967593 | AH36: ='East Anglia One'!Q11 -> 0.033473389 | AI36: ='Horns Rev'!U11 -> 0.028328736 | AJ36: =Seagreen!U11 -> 0.03224359 | AK36: =Gemini!U11 -> 0.019444444 | AL36: =Hollandse_Noord!U11 -> 0.033113746 | AM36: =Dieppe!U11 -> 0.029502688 | AN36: ='Moray Firth'!U11 -> 0.032643083 | AO36: =Kriegers!U11 -> 0.0265625 | AP36: ='East Anglia One'!U11 -> 0.032913165
B37: 3 | C37: ='Horns Rev'!E12 -> 0.040632252 | D37: =Seagreen!E12 -> 0.047916667 | E37: =Gemini!E12 -> 0.042611111 | F37: =Hollandse_Noord!E12 -> 0.054896794 | G37: =Dieppe!E12 -> 0.052217742 | H37: ='Moray Firth'!E12 -> 0.03580673 | I37: =Kriegers!E12 -> 0.0484375 | J37: ='East Anglia One'!E12 -> 0.040289449 | K37: ='Horns Rev'!I12 -> 0.032400718 | L37: =Seagreen!I12 -> 0.032532051 | M37: =Gemini!I12 -> 0.034277778 | N37: =Hollandse_Noord!I12 -> 0.036407554 | O37: =Dieppe!I12 -> 0.043010753 | P37: ='Moray Firth'!I12 -> 0.031578947 | Q37: =Kriegers!I12 -> 0.046875 | R37: ='East Anglia One'!I12 -> 0.035154062 | S37: ='Horns Rev'!M12 -> 0.031174745 | T37: =Seagreen!M12 -> 0.031153846 | U37: =Gemini!M12 -> 0.031277778 | V37: =Hollandse_Noord!M12 -> 0.03236715 | W37: =Dieppe!M12 -> 0.03702957 | X37: ='Moray Firth'!M12 -> 0.030831176 | Y37: =Kriegers!M12 -> 0.038831019 | Z37: ='East Anglia One'!M12 -> 0.030532213 | AA37: ='Horns Rev'!Q12 -> 0.030649328 | AB37: =Seagreen!Q12 -> 0.031057692 | AC37: =Gemini!Q12 -> 0.031611111 | AD37: =Hollandse_Noord!Q12 -> 0.032498902 | AE37: =Dieppe!Q12 -> 0.035887097 | AF37: ='Moray Firth'!Q12 -> 0.028731665 | AG37: =Kriegers!Q12 -> 0.038946759 | AH37: ='East Anglia One'!Q12 -> 0.029225023 | AI37: ='Horns Rev'!U12 -> 0.029160646 | AJ37: =Seagreen!U12 -> 0.032275641 | AK37: =Gemini!U12 -> 0.030555556 | AL37: =Hollandse_Noord!U12 -> 0.033552921 | AM37: =Dieppe!U12 -> 0.033736559 | AN37: ='Moray Firth'!U12 -> 0.030457291 | AO37: =Kriegers!U12 -> 0.039930556 | AP37: ='East Anglia One'!U12 -> 0.028664799
B38: 4 | C38: ='Horns Rev'!E13 -> 0.045711283 | D38: =Seagreen!E13 -> 0.044326923 | E38: =Gemini!E13 -> 0.054833333 | F38: =Hollandse_Noord!E13 -> 0.043917435 | G38: =Dieppe!E13 -> 0.051209677 | H38: ='Moray Firth'!E13 -> 0.039574346 | I38: =Kriegers!E13 -> 0.085011574 | J38: ='East Anglia One'!E13 -> 0.040756303 | K38: ='Horns Rev'!I13 -> 0.03822409 | L38: =Seagreen!I13 -> 0.032147436 | M38: =Gemini!I13 -> 0.044444444 | N38: =Hollandse_Noord!I13 -> 0.037856829 | O38: =Dieppe!I13 -> 0.04327957 | P38: ='Moray Firth'!I13 -> 0.036410699 | Q38: =Kriegers!I13 -> 0.042361111 | R38: ='East Anglia One'!I13 -> 0.034733894 | S38: ='Horns Rev'!M13 -> 0.035991068 | T38: =Seagreen!M13 -> 0.03125 | U38: =Gemini!M13 -> 0.037944444 | V38: =Hollandse_Noord!M13 -> 0.034387352 | W38: =Dieppe!M13 -> 0.038239247 | X38: ='Moray Firth'!M13 -> 0.031233822 | Y38: =Kriegers!M13 -> 0.040393519 | Z38: ='East Anglia One'!M13 -> 0.031886088 | AA38: ='Horns Rev'!Q13 -> 0.034458602 | AB38: =Seagreen!Q13 -> 0.030288462 | AC38: =Gemini!Q13 -> 0.036055556 | AD38: =Hollandse_Noord!Q13 -> 0.034431269 | AE38: =Dieppe!Q13 -> 0.036290323 | AF38: ='Moray Firth'!Q13 -> 0.031003739 | AG38: =Kriegers!Q13 -> 0.039583333 | AH38: ='East Anglia One'!Q13 -> 0.03076564 | AI38: ='Horns Rev'!U13 -> 0.034020754 | AJ38: =Seagreen!U13 -> 0.03125 | AK38: =Gemini!U13 -> 0.033944444 | AL38: =Hollandse_Noord!U13 -> 0.03579271 | AM38: =Dieppe!U13 -> 0.03702957 | AN38: ='Moray Firth'!U13 -> 0.030744895 | AO38: =Kriegers!U13 -> 0.039409722 | AP38: ='East Anglia One'!U13 -> 0.031699346
B39: 5 | C39: ='Horns Rev'!E14 -> 0.039056001 | D39: =Seagreen!E14 -> 0.044647436 | E39: =Gemini!E14 -> 0.054722222 | F39: =Hollandse_Noord!E14 -> 0.036934563 | G39: =Dieppe!E14 -> 0.051075269 | H39: ='Moray Firth'!E14 -> 0.038682773 | I39: =Kriegers!E14 -> 0.052083333 | J39: ='East Anglia One'!E14 -> 0.039262372 | K39: ='Horns Rev'!I14 -> 0.037654889 | L39: =Seagreen!I14 -> 0.03275641 | M39: =Gemini!I14 -> 0.039277778 | N39: =Hollandse_Noord!I14 -> 0.033421168 | O39: =Dieppe!I14 -> 0.035954301 | P39: ='Moray Firth'!I14 -> 0.030083405 | Q39: =Kriegers!I14 -> 0.045138889 | R39: ='East Anglia One'!I14 -> 0.030578898 | S39: ='Horns Rev'!M14 -> 0.03021148 | T39: =Seagreen!M14 -> 0.029326923 | U39: =Gemini!M14 -> 0.035555556 | V39: =Hollandse_Noord!M14 -> 0.031488801 | W39: =Dieppe!M14 -> 0.034946237 | X39: ='Moray Firth'!M14 -> 0.028329019 | Y39: =Kriegers!M14 -> 0.041724537 | Z39: ='East Anglia One'!M14 -> 0.028384687 | AA39: ='Horns Rev'!Q14 -> 0.029642279 | AB39: =Seagreen!Q14 -> 0.026346154 | AC39: =Gemini!Q14 -> 0.034388889 | AD39: =Hollandse_Noord!Q14 -> 0.031357049 | AE39: =Dieppe!Q14 -> 0.034139785 | AF39: ='Moray Firth'!Q14 -> 0.026459592 | AG39: =Kriegers!Q14 -> 0.03912037 | AH39: ='East Anglia One'!Q14 -> 0.027077498 | AI39: ='Horns Rev'!U14 -> 0.027978458 | AJ39: =Seagreen!U14 -> 0.025448718 | AK39: =Gemini!U14 -> 0.034555556 | AL39: =Hollandse_Noord!U14 -> 0.032938076 | AM39: =Dieppe!U14 -> 0.031586022 | AN39: ='Moray Firth'!U14 -> 0.027408686 | AO39: =Kriegers!U14 -> 0.038831019 | AP39: ='East Anglia One'!U14 -> 0.028011204
B40: 6 | C40: ='Horns Rev'!E15 -> 0.047462673 | D40: =Seagreen!E15 -> 0.036730769 | E40: =Gemini!E15 -> 0.066611111 | F40: =Hollandse_Noord!E15 -> 0.047738252 | G40: =Dieppe!E15 -> 0.046572581 | H40: ='Moray Firth'!E15 -> 0.043341961 | I40: =Kriegers!E15 -> 0.053703704 | J40: ='East Anglia One'!E15 -> 0.041736695 | K40: ='Horns Rev'!I15 -> 0.033845615 | L40: =Seagreen!I15 -> 0.033012821 | M40: =Gemini!I15 -> 0.041722222 | N40: =Hollandse_Noord!I15 -> 0.03921827 | O40: =Dieppe!I15 -> 0.039583333 | P40: ='Moray Firth'!I15 -> 0.034570032 | Q40: =Kriegers!I15 -> 0.039583333 | R40: ='East Anglia One'!I15 -> 0.032586368 | S40: ='Horns Rev'!M15 -> 0.029642279 | T40: =Seagreen!M15 -> 0.032852564 | U40: =Gemini!M15 -> 0.036111111 | V40: =Hollandse_Noord!M15 -> 0.035221783 | W40: =Dieppe!M15 -> 0.038373656 | X40: ='Moray Firth'!M15 -> 0.033247052 | Y40: =Kriegers!M15 -> 0.037905093 | Z40: ='East Anglia One'!M15 -> 0.031325864 | AA40: ='Horns Rev'!Q15 -> 0.029773633 | AB40: =Seagreen!Q15 -> 0.032019231 | AC40: =Gemini!Q15 -> 0.034055556 | AD40: =Hollandse_Noord!Q15 -> 0.035573123 | AE40: =Dieppe!Q15 -> 0.03561828 | AF40: ='Moray Firth'!Q15 -> 0.030716135 | AG40: =Kriegers!Q15 -> 0.035532407 | AH40: ='East Anglia One'!Q15 -> 0.031185808 | AI40: ='Horns Rev'!U15 -> 0.029423355 | AJ40: =Seagreen!U15 -> 0.030737179 | AK40: =Gemini!U15 -> 0.034666667 | AL40: =Hollandse_Noord!U15 -> 0.036100132 | AM40: =Dieppe!U15 -> 0.035819892 | AN40: ='Moray Firth'!U15 -> 0.030112166 | AO40: =Kriegers!U15 -> 0.035243056 | AP40: ='East Anglia One'!U15 -> 0.030112045
B41: 7 | C41: ='Horns Rev'!E16 -> 0.043040413 | D41: =Seagreen!E16 -> 0.056730769 | E41: =Gemini!E16 -> 0.044222222 | F41: =Hollandse_Noord!E16 -> 0.060122969 | G41: =Dieppe!E16 -> 0.057325269 | H41: ='Moray Firth'!E16 -> 0.11532931 | I41: =Kriegers!E16 -> 0.037673611 | J41: ='East Anglia One'!E16 -> 0.04789916 | K41: ='Horns Rev'!I16 -> 0.030605543 | L41: =Seagreen!I16 -> 0.053717949 | M41: =Gemini!I16 -> 0.026722222 | N41: =Hollandse_Noord!I16 -> 0.036407554 | O41: =Dieppe!I16 -> 0.046034946 | P41: ='Moray Firth'!I16 -> 0.039229221 | Q41: =Kriegers!I16 -> 0.03275463 | R41: ='East Anglia One'!I16 -> 0.035480859 | S41: ='Horns Rev'!M16 -> 0.029116862 | T41: =Seagreen!M16 -> 0.042371795 | U41: =Gemini!M16 -> 0.027222222 | V41: =Hollandse_Noord!M16 -> 0.03561704 | W41: =Dieppe!M16 -> 0.037365591 | X41: ='Moray Firth'!M16 -> 0.038136324 | Y41: =Kriegers!M16 -> 0.031423611 | Z41: ='East Anglia One'!M16 -> 0.033099907 | AA41: ='Horns Rev'!Q16 -> 0.026927624 | AB41: =Seagreen!Q16 -> 0.0325 | AC41: =Gemini!Q16 -> 0.0255 | AD41: =Hollandse_Noord!Q16 -> 0.037198068 | AE41: =Dieppe!Q16 -> 0.035282258 | AF41: ='Moray Firth'!Q16 -> 0.034224907 | AG41: =Kriegers!Q16 -> 0.030150463 | AH41: ='East Anglia One'!Q16 -> 0.033333333 | AI41: ='Horns Rev'!U16 -> 0.026533561 | AJ41: =Seagreen!U16 -> 0.031826923 | AK41: =Gemini!U16 -> 0.024777778 | AL41: =Hollandse_Noord!U16 -> 0.034431269 | AM41: =Dieppe!U16 -> 0.034475806 | AN41: ='Moray Firth'!U16 -> 0.033333333 | AO41: =Kriegers!U16 -> 0.029513889 | AP41: ='East Anglia One'!U16 -> 0.035294118
B43: Overall | C43: ='Horns Rev'!E18 -> 0.042554816 | D43: =Seagreen!E18 -> 0.041752495 | E43: =Gemini!E18 -> 0.042922671 | F43: =Hollandse_Noord!E18 -> 0.043711517 | G43: =Dieppe!E18 -> 0.047308987 | H43: ='Moray Firth'!E18 -> 0.043683422 | I43: =Kriegers!E18 -> 0.044963801 | J43: ='East Anglia One'!E18 -> 0.040066827 | K43: ='Horns Rev'!I18 -> 0.033621218 | L43: =Seagreen!I18 -> 0.035257468 | M43: =Gemini!I18 -> 0.03305739 | N43: =Hollandse_Noord!I18 -> 0.036093242 | O43: =Dieppe!I18 -> 0.038232078 | P43: ='Moray Firth'!I18 -> 0.03411853 | Q43: =Kriegers!I18 -> 0.037708398 | R43: ='East Anglia One'!I18 -> 0.03357056 | S43: ='Horns Rev'!M18 -> 0.030929173 | T43: =Seagreen!M18 -> 0.032472877 | U43: =Gemini!M18 -> 0.030962173 | V43: =Hollandse_Noord!M18 -> 0.034336208 | W43: =Dieppe!M18 -> 0.035583427 | X43: ='Moray Firth'!M18 -> 0.03233174 | Y43: =Kriegers!M18 -> 0.035493497 | Z43: ='East Anglia One'!M18 -> 0.031586918 | AA43: ='Horns Rev'!Q18 -> 0.030373274 | AB43: =Seagreen!Q18 -> 0.031677594 | AC43: =Gemini!Q18 -> 0.030596976 | AD43: =Hollandse_Noord!Q18 -> 0.034169822 | AE43: =Dieppe!Q18 -> 0.033944927 | AF43: ='Moray Firth'!Q18 -> 0.03135918 | AG43: =Kriegers!Q18 -> 0.034834823 | AH43: ='East Anglia One'!Q18 -> 0.031302534 | AI43: ='Horns Rev'!U18 -> 0.029988808 | AJ43: =Seagreen!U18 -> 0.031304656 | AK43: =Gemini!U18 -> 0.029771944 | AL43: =Hollandse_Noord!U18 -> 0.035048342 | AM43: =Dieppe!U18 -> 0.034023248 | AN43: ='Moray Firth'!U18 -> 0.031334642 | AO43: =Kriegers!U18 -> 0.034832965 | AP43: ='East Anglia One'!U18 -> 0.03132276
C48: 0.1 | K48: 0.2 | S48: 0.3 | AA48: 0.4 | AI48: 0.5
B49: Clusters | C49: Horns | D49: Seagreen | E49: Gemini | F49: Hollandse | G49: Dieppe | H49: Moray | I49: Kriegers | J49: East.Anglia | K49: Horns | L49: Seagreen | M49: Gemini | N49: Hollandse | O49: Dieppe | P49: Moray | Q49: Kriegers | R49: East.Anglia | S49: Horns | T49: Seagreen | U49: Gemini | V49: Hollandse | W49: Dieppe | X49: Moray | Y49: Kriegers | Z49: East.Anglia | AA49: Horns | AB49: Seagreen | AC49: Gemini | AD49: Hollandse | AE49: Dieppe | AF49: Moray | AG49: Kriegers | AH49: East.Anglia | AI49: Horns | AJ49: Seagreen | AK49: Gemini | AL49: Hollandse | AM49: Dieppe | AN49: Moray | AO49: Kriegers | AP49: East.Anglia
B50: 0 | C50: ='Horns Rev'!F9 -> 0.94033333 | D50: =Seagreen!F9 -> 0.961 | E50: =Gemini!F9 -> 0.94266667 | F50: =Hollandse_Noord!F9 -> 0.96466667 | G50: =Dieppe!F9 -> 0.967 | H50: ='Moray Firth'!F9 -> 0.96166667 | I50: =Kriegers!F9 -> 0.96366667 | J50: ='East Anglia One'!F9 -> 0.972 | K50: ='Horns Rev'!J9 -> 0.967 | L50: =Seagreen!J9 -> 0.96933333 | M50: =Gemini!J9 -> 0.965 | N50: =Hollandse_Noord!J9 -> 0.969 | O50: =Dieppe!J9 -> 0.97433333 | P50: ='Moray Firth'!J9 -> 0.96833333 | Q50: =Kriegers!J9 -> 0.969 | R50: ='East Anglia One'!J9 -> 0.97566667 | S50: ='Horns Rev'!N9 -> 0.97433333 | T50: =Seagreen!N9 -> 0.97433333 | U50: =Gemini!N9 -> 0.96666667 | V50: =Hollandse_Noord!N9 -> 0.96866667 | W50: =Dieppe!N9 -> 0.977 | X50: ='Moray Firth'!N9 -> 0.97166667 | Y50: =Kriegers!N9 -> 0.971 | Z50: ='East Anglia One'!N9 -> 0.97533333 | AA50: ='Horns Rev'!R9 -> 0.975 | AB50: =Seagreen!R9 -> 0.97066667 | AC50: =Gemini!R9 -> 0.96333333 | AD50: =Hollandse_Noord!R9 -> 0.969 | AE50: =Dieppe!R9 -> 0.977 | AF50: ='Moray Firth'!R9 -> 0.97233333 | AG50: =Kriegers!R9 -> 0.97033333 | AH50: ='East Anglia One'!R9 -> 0.97733333 | AI50: ='Horns Rev'!V9 -> 0.97533333 | AJ50: =Seagreen!V9 -> 0.97333333 | AK50: =Gemini!V9 -> 0.966 | AL50: =Hollandse_Noord!V9 -> 0.967 | AM50: =Dieppe!V9 -> 0.97433333 | AN50: ='Moray Firth'!V9 -> 0.97133333 | AO50: =Kriegers!V9 -> 0.96766667 | AP50: ='East Anglia One'!V9 -> 0.97566667
B51: 1 | C51: ='Horns Rev'!F10 -> 0.95733333 | D51: =Seagreen!F10 -> 0.958 | E51: =Gemini!F10 -> 0.956 | F51: =Hollandse_Noord!F10 -> 0.95833333 | G51: =Dieppe!F10 -> 0.93433333 | H51: ='Moray Firth'!F10 -> 0.95366667 | I51: =Kriegers!F10 -> 0.96233333 | J51: ='East Anglia One'!F10 -> 0.94333333 | K51: ='Horns Rev'!J10 -> 0.97 | L51: =Seagreen!J10 -> 0.96566667 | M51: =Gemini!J10 -> 0.96933333 | N51: =Hollandse_Noord!J10 -> 0.95966667 | O51: =Dieppe!J10 -> 0.94666667 | P51: ='Moray Firth'!J10 -> 0.96366667 | Q51: =Kriegers!J10 -> 0.964 | R51: ='East Anglia One'!J10 -> 0.94166667 | S51: ='Horns Rev'!N10 -> 0.971 | T51: =Seagreen!N10 -> 0.96766667 | U51: =Gemini!N10 -> 0.96966667 | V51: =Hollandse_Noord!N10 -> 0.958 | W51: =Dieppe!N10 -> 0.951 | X51: ='Moray Firth'!N10 -> 0.966 | Y51: =Kriegers!N10 -> 0.965 | Z51: ='East Anglia One'!N10 -> 0.948 | AA51: ='Horns Rev'!R10 -> 0.97266667 | AB51: =Seagreen!R10 -> 0.96833333 | AC51: =Gemini!R10 -> 0.97033333 | AD51: =Hollandse_Noord!R10 -> 0.961 | AE51: =Dieppe!R10 -> 0.95633333 | AF51: ='Moray Firth'!R10 -> 0.964 | AG51: =Kriegers!R10 -> 0.96433333 | AH51: ='East Anglia One'!R10 -> 0.947 | AI51: ='Horns Rev'!V10 -> 0.97366667 | AJ51: =Seagreen!V10 -> 0.96866667 | AK51: =Gemini!V10 -> 0.97133333 | AL51: =Hollandse_Noord!V10 -> 0.95733333 | AM51: =Dieppe!V10 -> 0.953 | AN51: ='Moray Firth'!V10 -> 0.96666667 | AO51: =Kriegers!V10 -> 0.96466667 | AP51: ='East Anglia One'!V10 -> 0.96
B52: 2 | C52: ='Horns Rev'!F11 -> 0.874 | D52: =Seagreen!F11 -> 0.91366667 | E52: =Gemini!F11 -> 0.74133333 | F52: =Hollandse_Noord!F11 -> 0.85833333 | G52: =Dieppe!F11 -> 0.79766667 | H52: ='Moray Firth'!F11 -> 0.91766667 | I52: =Kriegers!F11 -> 0.78833333 | J52: ='East Anglia One'!F11 -> 0.87733333 | K52: ='Horns Rev'!J11 -> 0.916 | L52: =Seagreen!J11 -> 0.91733333 | M52: =Gemini!J11 -> 0.84 | N52: =Hollandse_Noord!J11 -> 0.883 | O52: =Dieppe!J11 -> 0.852 | P52: ='Moray Firth'!J11 -> 0.938 | Q52: =Kriegers!J11 -> 0.88166667 | R52: ='East Anglia One'!J11 -> 0.92366667 | S52: ='Horns Rev'!N11 -> 0.93066667 | T52: =Seagreen!N11 -> 0.93266667 | U52: =Gemini!N11 -> 0.837 | V52: =Hollandse_Noord!N11 -> 0.89566667 | W52: =Dieppe!N11 -> 0.88533333 | X52: ='Moray Firth'!N11 -> 0.937 | Y52: =Kriegers!N11 -> 0.888 | Z52: ='East Anglia One'!N11 -> 0.93433333 | AA52: ='Horns Rev'!R11 -> 0.938 | AB52: =Seagreen!R11 -> 0.93666667 | AC52: =Gemini!R11 -> 0.84233333 | AD52: =Hollandse_Noord!R11 -> 0.90566667 | AE52: =Dieppe!R11 -> 0.90533333 | AF52: ='Moray Firth'!R11 -> 0.94233333 | AG52: =Kriegers!R11 -> 0.90266667 | AH52: ='East Anglia One'!R11 -> 0.93633333 | AI52: ='Horns Rev'!V11 -> 0.94166667 | AJ52: =Seagreen!V11 -> 0.932 | AK52: =Gemini!V11 -> 0.848 | AL52: =Hollandse_Noord!V11 -> 0.895 | AM52: =Dieppe!V11 -> 0.9 | AN52: ='Moray Firth'!V11 -> 0.94233333 | AO52: =Kriegers!V11 -> 0.91033333 | AP52: ='East Anglia One'!V11 -> 0.937
B53: 3 | C53: ='Horns Rev'!F12 -> 0.97133333 | D53: =Seagreen!F12 -> 0.962 | E53: =Gemini!F12 -> 0.96366667 | F53: =Hollandse_Noord!F12 -> 0.95233333 | G53: =Dieppe!F12 -> 0.952 | H53: ='Moray Firth'!F12 -> 0.97566667 | I53: =Kriegers!F12 -> 0.957 | J53: ='East Anglia One'!F12 -> 0.972 | K53: ='Horns Rev'!J12 -> 0.981 | L53: =Seagreen!J12 -> 0.979 | M53: =Gemini!J12 -> 0.975 | N53: =Hollandse_Noord!J12 -> 0.97333333 | O53: =Dieppe!J12 -> 0.96533333 | P53: ='Moray Firth'!J12 -> 0.979 | Q53: =Kriegers!J12 -> 0.95833333 | R53: ='East Anglia One'!J12 -> 0.977 | S53: ='Horns Rev'!N12 -> 0.98166667 | T53: =Seagreen!N12 -> 0.98133333 | U53: =Gemini!N12 -> 0.97866667 | V53: =Hollandse_Noord!N12 -> 0.97633333 | W53: =Dieppe!N12 -> 0.97066667 | X53: ='Moray Firth'!N12 -> 0.98 | Y53: =Kriegers!N12 -> 0.96833333 | Z53: ='East Anglia One'!N12 -> 0.98133333 | AA53: ='Horns Rev'!R12 -> 0.98266667 | AB53: =Seagreen!R12 -> 0.98133333 | AC53: =Gemini!R12 -> 0.979 | AD53: =Hollandse_Noord!R12 -> 0.97633333 | AE53: =Dieppe!R12 -> 0.972 | AF53: ='Moray Firth'!R12 -> 0.983 | AG53: =Kriegers!R12 -> 0.967 | AH53: ='East Anglia One'!R12 -> 0.982 | AI53: ='Horns Rev'!V12 -> 0.98433333 | AJ53: =Seagreen!V12 -> 0.979 | AK53: =Gemini!V12 -> 0.98 | AL53: =Hollandse_Noord!V12 -> 0.97166667 | AM53: =Dieppe!V12 -> 0.97433333 | AN53: ='Moray Firth'!V12 -> 0.983 | AO53: =Kriegers!V12 -> 0.965 | AP53: ='East Anglia One'!V12 -> 0.98233333
B54: 4 | C54: ='Horns Rev'!F13 -> 0.963 | D54: =Seagreen!F13 -> 0.962 | E54: =Gemini!F13 -> 0.92133333 | F54: =Hollandse_Noord!F13 -> 0.96233333 | G54: =Dieppe!F13 -> 0.94966667 | H54: ='Moray Firth'!F13 -> 0.97166667 | I54: =Kriegers!F13 -> 0.85566667 | J54: ='East Anglia One'!F13 -> 0.96966667 | K54: ='Horns Rev'!J13 -> 0.97266667 | L54: =Seagreen!J13 -> 0.97833333 | M54: =Gemini!J13 -> 0.94366667 | N54: =Hollandse_Noord!J13 -> 0.97 | O54: =Dieppe!J13 -> 0.961 | P54: ='Moray Firth'!J13 -> 0.97266667 | Q54: =Kriegers!J13 -> 0.966 | R54: ='East Anglia One'!J13 -> 0.97633333 | S54: ='Horns Rev'!N13 -> 0.975 | T54: =Seagreen!N13 -> 0.97866667 | U54: =Gemini!N13 -> 0.96233333 | V54: =Hollandse_Noord!N13 -> 0.97266667 | W54: =Dieppe!N13 -> 0.96833333 | X54: ='Moray Firth'!N13 -> 0.98133333 | Y54: =Kriegers!N13 -> 0.96566667 | Z54: ='East Anglia One'!N13 -> 0.97833333 | AA54: ='Horns Rev'!R13 -> 0.976 | AB54: =Seagreen!R13 -> 0.98 | AC54: =Gemini!R13 -> 0.96466667 | AD54: =Hollandse_Noord!R13 -> 0.97166667 | AE54: =Dieppe!R13 -> 0.97133333 | AF54: ='Moray Firth'!R13 -> 0.98133333 | AG54: =Kriegers!R13 -> 0.968 | AH54: ='East Anglia One'!R13 -> 0.97966667 | AI54: ='Horns Rev'!V13 -> 0.977 | AJ54: =Seagreen!V13 -> 0.978 | AK54: =Gemini!V13 -> 0.968 | AL54: =Hollandse_Noord!V13 -> 0.96933333 | AM54: =Dieppe!V13 -> 0.96866667 | AN54: ='Moray Firth'!V13 -> 0.981 | AO54: =Kriegers!V13 -> 0.96833333 | AP54: ='East Anglia One'!V13 -> 0.97833333
B55: 5 | C55: ='Horns Rev'!F14 -> 0.94 | D55: =Seagreen!F14 -> 0.94566667 | E55: =Gemini!F14 -> 0.926 | F55: =Hollandse_Noord!F14 -> 0.95666667 | G55: =Dieppe!F14 -> 0.92666667 | H55: ='Moray Firth'!F14 -> 0.94733333 | I55: =Kriegers!F14 -> 0.90133333 | J55: ='East Anglia One'!F14 -> 0.941 | K55: ='Horns Rev'!J14 -> 0.94833333 | L55: =Seagreen!J14 -> 0.96666667 | M55: =Gemini!J14 -> 0.957 | N55: =Hollandse_Noord!J14 -> 0.95866667 | O55: =Dieppe!J14 -> 0.964 | P55: ='Moray Firth'!J14 -> 0.961 | Q55: =Kriegers!J14 -> 0.91933333 | R55: ='East Anglia One'!J14 -> 0.96233333 | S55: ='Horns Rev'!N14 -> 0.96433333 | T55: =Seagreen!N14 -> 0.974 | U55: =Gemini!N14 -> 0.963 | V55: =Hollandse_Noord!N14 -> 0.96166667 | W55: =Dieppe!N14 -> 0.96566667 | X55: ='Moray Firth'!N14 -> 0.96566667 | Y55: =Kriegers!N14 -> 0.92866667 | Z55: ='East Anglia One'!N14 -> 0.96766667 | AA55: ='Horns Rev'!R14 -> 0.966 | AB55: =Seagreen!R14 -> 0.97633333 | AC55: =Gemini!R14 -> 0.96466667 | AD55: =Hollandse_Noord!R14 -> 0.962 | AE55: =Dieppe!R14 -> 0.966 | AF55: ='Moray Firth'!R14 -> 0.96833333 | AG55: =Kriegers!R14 -> 0.94733333 | AH55: ='East Anglia One'!R14 -> 0.96966667 | AI55: ='Horns Rev'!V14 -> 0.96833333 | AJ55: =Seagreen!V14 -> 0.97566667 | AK55: =Gemini!V14 -> 0.96366667 | AL55: =Hollandse_Noord!V14 -> 0.95633333 | AM55: =Dieppe!V14 -> 0.97133333 | AN55: ='Moray Firth'!V14 -> 0.967 | AO55: =Kriegers!V14 -> 0.95066667 | AP55: ='East Anglia One'!V14 -> 0.96833333
B56: 6 | C56: ='Horns Rev'!F15 -> 0.93033333 | D56: =Seagreen!F15 -> 0.96133333 | E56: =Gemini!F15 -> 0.873 | F56: =Hollandse_Noord!F15 -> 0.91133333 | G56: =Dieppe!F15 -> 0.93766667 | H56: ='Moray Firth'!F15 -> 0.92733333 | I56: =Kriegers!F15 -> 0.942 | J56: ='East Anglia One'!F15 -> 0.9 | K56: ='Horns Rev'!J15 -> 0.965 | L56: =Seagreen!J15 -> 0.96866667 | M56: =Gemini!J15 -> 0.94933333 | N56: =Hollandse_Noord!J15 -> 0.94666667 | O56: =Dieppe!J15 -> 0.95433333 | P56: ='Moray Firth'!J15 -> 0.96033333 | Q56: =Kriegers!J15 -> 0.96466667 | R56: ='East Anglia One'!J15 -> 0.943 | S56: ='Horns Rev'!N15 -> 0.97033333 | T56: =Seagreen!N15 -> 0.96733333 | U56: =Gemini!N15 -> 0.95833333 | V56: =Hollandse_Noord!N15 -> 0.95633333 | W56: =Dieppe!N15 -> 0.95866667 | X56: ='Moray Firth'!N15 -> 0.96366667 | Y56: =Kriegers!N15 -> 0.96866667 | Z56: ='East Anglia One'!N15 -> 0.95466667 | AA56: ='Horns Rev'!R15 -> 0.968 | AB56: =Seagreen!R15 -> 0.969 | AC56: =Gemini!R15 -> 0.96166667 | AD56: =Hollandse_Noord!R15 -> 0.95333333 | AE56: =Dieppe!R15 -> 0.96266667 | AF56: ='Moray Firth'!R15 -> 0.96666667 | AG56: =Kriegers!R15 -> 0.97 | AH56: ='East Anglia One'!R15 -> 0.95733333 | AI56: ='Horns Rev'!V15 -> 0.969 | AJ56: =Seagreen!V15 -> 0.97 | AK56: =Gemini!V15 -> 0.96233333 | AL56: =Hollandse_Noord!V15 -> 0.95266667 | AM56: =Dieppe!V15 -> 0.96366667 | AN56: ='Moray Firth'!V15 -> 0.969 | AO56: =Kriegers!V15 -> 0.97066667 | AP56: ='East Anglia One'!V15 -> 0.96
B57: 7 | C57: ='Horns Rev'!F16 -> 0.92666667 | D57: =Seagreen!F16 -> 0.84766667 | E57: =Gemini!F16 -> 0.824 | F57: =Hollandse_Noord!F16 -> 0.89266667 | G57: =Dieppe!F16 -> 0.86733333 | H57: ='Moray Firth'!F16 -> 0.478 | I57: =Kriegers!F16 -> 0.90866667 | J57: ='East Anglia One'!F16 -> 0.92966667 | K57: ='Horns Rev'!J16 -> 0.95633333 | L57: =Seagreen!J16 -> 0.91433333 | M57: =Gemini!J16 -> 0.88633333 | N57: =Hollandse_Noord!J16 -> 0.95366667 | O57: =Dieppe!J16 -> 0.90466667 | P57: ='Moray Firth'!J16 -> 0.94533333 | Q57: =Kriegers!J16 -> 0.934 | R57: ='East Anglia One'!J16 -> 0.96033333 | S57: ='Horns Rev'!N16 -> 0.95966667 | T57: =Seagreen!N16 -> 0.944 | U57: =Gemini!N16 -> 0.892 | V57: =Hollandse_Noord!N16 -> 0.95 | W57: =Dieppe!N16 -> 0.94 | X57: ='Moray Firth'!N16 -> 0.94733333 | Y57: =Kriegers!N16 -> 0.935 | Z57: ='East Anglia One'!N16 -> 0.96366667 | AA57: ='Horns Rev'!R16 -> 0.963 | AB57: =Seagreen!R16 -> 0.96166667 | AC57: =Gemini!R16 -> 0.902 | AD57: =Hollandse_Noord!R16 -> 0.94533333 | AE57: =Dieppe!R16 -> 0.947 | AF57: ='Moray Firth'!R16 -> 0.954 | AG57: =Kriegers!R16 -> 0.93966667 | AH57: ='East Anglia One'!R16 -> 0.964 | AI57: ='Horns Rev'!V16 -> 0.963 | AJ57: =Seagreen!V16 -> 0.95966667 | AK57: =Gemini!V16 -> 0.913 | AL57: =Hollandse_Noord!V16 -> 0.95266667 | AM57: =Dieppe!V16 -> 0.95033333 | AN57: ='Moray Firth'!V16 -> 0.957 | AO57: =Kriegers!V16 -> 0.94133333 | AP57: ='East Anglia One'!V16 -> 0.96066667
D58: =Seagreen!F17 -> 0 | E58: =Gemini!F17 -> 0 | F58: =Hollandse_Noord!F17 -> 0 | G58: =Dieppe!F17 -> 0 | H58: ='Moray Firth'!F17 -> 0 | I58: =Kriegers!F17 -> 0 | J58: ='East Anglia One'!F17 -> 0 | K58: ='Horns Rev'!J17 -> 0 | L58: =Seagreen!J17 -> 0 | M58: =Gemini!J17 -> 0 | N58: =Hollandse_Noord!J17 -> 0 | O58: =Dieppe!J17 -> 0 | P58: ='Moray Firth'!J17 -> 0 | Q58: =Kriegers!J17 -> 0 | R58: ='East Anglia One'!J17 -> 0 | S58: ='Horns Rev'!N17 -> 0 | T58: =Seagreen!N17 -> 0 | U58: =Gemini!N17 -> 0 | V58: =Hollandse_Noord!N17 -> 0 | W58: =Dieppe!N17 -> 0 | X58: ='Moray Firth'!N17 -> 0 | Y58: =Kriegers!N17 -> 0 | Z58: ='East Anglia One'!N17 -> 0 | AA58: ='Horns Rev'!R17 -> 0 | AB58: =Seagreen!R17 -> 0 | AC58: =Gemini!R17 -> 0 | AD58: =Hollandse_Noord!R17 -> 0 | AE58: =Dieppe!R17 -> 0 | AF58: ='Moray Firth'!R17 -> 0 | AG58: =Kriegers!R17 -> 0 | AH58: ='East Anglia One'!R17 -> 0 | AI58: ='Horns Rev'!V17 -> 0 | AJ58: =Seagreen!V17 -> 0 | AK58: =Gemini!V17 -> 0 | AL58: =Hollandse_Noord!V17 -> 0 | AM58: =Dieppe!V17 -> 0 | AN58: ='Moray Firth'!V17 -> 0 | AO58: =Kriegers!V17 -> 0 | AP58: ='East Anglia One'!V17 -> 0
B59: Overall | C59: ='Horns Rev'!F18 -> 0.94222501 | D59: =Seagreen!F18 -> 0.95000089 | E59: =Gemini!F18 -> 0.90623408 | F59: =Hollandse_Noord!F18 -> 0.94094667 | G59: =Dieppe!F18 -> 0.92801142 | H59: ='Moray Firth'!F18 -> 0.92860003 | I59: =Kriegers!F18 -> 0.92310548 | J59: ='East Anglia One'!F18 -> 0.94747646 | K59: ='Horns Rev'!J18 -> 0.9629746 | L59: =Seagreen!J18 -> 0.96232705 | M59: =Gemini!J18 -> 0.94293682 | N59: =Hollandse_Noord!J18 -> 0.9551183 | O59: =Dieppe!J18 -> 0.94872651 | P59: ='Moray Firth'!J18 -> 0.96594077 | Q59: =Kriegers!J18 -> 0.9485894 | R59: ='East Anglia One'!J18 -> 0.96191949 | S59: ='Horns Rev'!N18 -> 0.96839155 | T59: =Seagreen!N18 -> 0.96814414 | U59: =Gemini!N18 -> 0.94588072 | V59: =Hollandse_Noord!N18 -> 0.95744091 | W59: =Dieppe!N18 -> 0.9571887 | X59: ='Moray Firth'!N18 -> 0.9686374 | Y59: =Kriegers!N18 -> 0.95237822 | Z59: ='East Anglia One'!N18 -> 0.96576244 | AA59: ='Horns Rev'!R18 -> 0.97001027 | AB59: =Seagreen!R18 -> 0.96987036 | AC59: =Gemini!R18 -> 0.9478462 | AD59: =Hollandse_Noord!R18 -> 0.95841829 | AE59: =Dieppe!R18 -> 0.96202589 | AF59: ='Moray Firth'!R18 -> 0.97028223 | AG59: =Kriegers!R18 -> 0.95604093 | AH59: ='East Anglia One'!R18 -> 0.96644679 | AI59: ='Horns Rev'!V18 -> 0.9711895 | AJ59: =Seagreen!V18 -> 0.96920082 | AK59: =Gemini!V18 -> 0.95104141 | AL59: =Hollandse_Noord!V18 -> 0.95554207 | AM59: =Dieppe!V18 -> 0.96197989 | AN59: ='Moray Firth'!V18 -> 0.97094437 | AO59: =Kriegers!V18 -> 0.95699178 | AP59: ='East Anglia One'!V18 -> 0.96758563
D60: =Seagreen!F19 -> 0 | E60: =Gemini!F19 -> 0 | F60: =Hollandse_Noord!F19 -> 0 | G60: =Dieppe!F19 -> 0 | H60: ='Moray Firth'!F19 -> 0 | I60: =Kriegers!F19 -> 0 | J60: ='East Anglia One'!F19 -> 0 | K60: ='Horns Rev'!J19 -> 0 | L60: =Seagreen!J19 -> 0 | M60: =Gemini!J19 -> 0 | N60: =Hollandse_Noord!J19 -> 0 | O60: =Dieppe!J19 -> 0 | P60: ='Moray Firth'!J19 -> 0 | Q60: =Kriegers!J19 -> 0 | R60: ='East Anglia One'!J19 -> 0 | S60: ='Horns Rev'!N19 -> 0 | T60: =Seagreen!N19 -> 0 | U60: =Gemini!N19 -> 0 | V60: =Hollandse_Noord!N19 -> 0 | W60: =Dieppe!N19 -> 0 | X60: ='Moray Firth'!N19 -> 0 | Y60: =Kriegers!N19 -> 0 | Z60: ='East Anglia One'!N19 -> 0 | AA60: ='Horns Rev'!R19 -> 0 | AB60: =Seagreen!R19 -> 0 | AC60: =Gemini!R19 -> 0 | AD60: =Hollandse_Noord!R19 -> 0 | AE60: =Dieppe!R19 -> 0 | AF60: ='Moray Firth'!R19 -> 0 | AG60: =Kriegers!R19 -> 0 | AH60: ='East Anglia One'!R19 -> 0 | AI60: ='Horns Rev'!V19 -> 0 | AJ60: =Seagreen!V19 -> 0 | AK60: =Gemini!V19 -> 0 | AL60: =Hollandse_Noord!V19 -> 0 | AM60: =Dieppe!V19 -> 0 | AN60: ='Moray Firth'!V19 -> 0 | AO60: =Kriegers!V19 -> 0 | AP60: ='East Anglia One'!V19 -> 0

Sheet Horns Rev
B2: Transer Learning Methodology | Z2: Baseline
A4: Horns Rev
A5: 761.3
A7: Average | D7: 0.1 | H7: 0.2 | L7: 0.3 | P7: 0.4 | T7: 0.5 | AB7: 0.1 | AF7: 0.2 | AJ7: 0.3 | AN7: 0.4 | AR7: 0.5
B8: Clusters | C8: Test Points | D8: MAE | E8: As Capacity | F8: R-Squared | G8: Test Points | H8: MAE | I8: As Capacity | J8: R-Squared | K8: Test Points | L8: MAE | M8: As Capacity | N8: R-Squared | O8: Test Points | P8: MAE | Q8: As Capacity | R8: R-Squared | S8: Test Points | T8: MAE | U8: As Capacity | V8: R-Squared | Z8: Clusters | AA8: Test Points | AB8: MAE | AC8: As Capacity | AD8: R-Squared | AE8: Test Points | AF8: MAE | AG8: As Capacity | AH8: R-Squared | AI8: Test Points | AJ8: MAE | AK8: As Capacity | AL8: R-Squared | AM8: Test Points | AN8: MAE | AO8: As Capacity | AP8: R-Squared | AQ8: Test Points | AR8: MAE | AS8: As Capacity | AT8: R-Squared
B9: 0 | C9: =AVERAGE(C29,C45,C61) -> 1920 | D9: =AVERAGE(D29,D45,D61) -> 40.066667 | E9: =AVERAGE(E29,E45,E61) -> 0.052629274 | F9: =AVERAGE(F29,F45,F61) -> 0.94033333 | G9: =AVERAGE(G29,G45,G61) -> 1706.6667 | H9: =AVERAGE(H29,H45,H61) -> 30.2 | I9: =AVERAGE(I29,I45,I61) -> 0.039668987 | J9: =AVERAGE(J29,J45,J61) -> 0.967 | ... V9: =AVERAGE(V29,V45,V61) -> 0.97533333 | Z9: 0 | AA9: =AVERAGE(AA29,AA44,AA60) -> 1920 | AB9: =AVERAGE(AB29,AB44,AB60) -> 44.633333 | AC9: =AVERAGE(AC29,AC44,AC60) -> 0.058627786 | AD9: =AVERAGE(AD29,AD44,AD60) -> 0.92766667 | AE9: =AVERAGE(AE29,AE44,AE60) -> 1706.6667 | AF9: =AVERAGE(AF29,AF44,AF60) -> 33.3 | AG9: =AVERAGE(AG29,AG44,AG60) -> 0.043740969 | AH9: =AVERAGE(AH29,AH44,AH60) -> 0.963 | ... AT9: =AVERAGE(AT29,AT44,AT60) -> 0.97266667
B10: 1 | C10: =AVERAGE(C30,C46,C62) -> 2243.3333 | D10: =AVERAGE(D30,D46,D62) -> 28.5 | E10: =AVERAGE(E30,E46,E62) -> 0.037435965 | F10: =AVERAGE(F30,F46,F62) -> 0.95733333 | G10: =AVERAGE(G30,G46,G62) -> 2013.3333 | H10: =AVERAGE(H30,H46,H62) -> 23.366667 | I10: =AVERAGE(I30,I46,I62) -> 0.030693113 | J10: =AVERAGE(J30,J46,J62) -> 0.97 | ... V10: =AVERAGE(V30,V46,V62) -> 0.97366667 | Z10: 1 | AA10: =AVERAGE(AA30,AA45,AA61) -> 2243.3333 | AB10: =AVERAGE(AB30,AB45,AB61) -> 30.633333 | AC10: =AVERAGE(AC30,AC45,AC61) -> 0.040238189 | AD10: =AVERAGE(AD30,AD45,AD61) -> 0.93833333 | AE10: =AVERAGE(AE30,AE45,AE61) -> 2013.3333 | AF10: =AVERAGE(AF30,AF45,AF61) -> 26.566667 | AG10: =AVERAGE(AG30,AG45,AG61) -> 0.034896449 | AH10: =AVERAGE(AH30,AH45,AH61) -> 0.963 | ... AT10: =AVERAGE(AT30,AT45,AT61) -> 0.97166667
B11: 2 | C11: =AVERAGE(C31,C47,C63) -> 1681.6667 | D11: =AVERAGE(D31,D47,D63) -> 31.833333 | E11: =AVERAGE(E31,E47,E63) -> 0.04181444 | F11: =AVERAGE(F31,F47,F63) -> 0.874 | G11: =AVERAGE(G31,G47,G63) -> 1486.6667 | H11: =AVERAGE(H31,H47,H63) -> 25.066667 | I11: =AVERAGE(I31,I47,I63) -> 0.032926135 | J11: =AVERAGE(J31,J47,J63) -> 0.916 | ... V11: =AVERAGE(V31,V47,V63) -> 0.94166667 | Z11: 2 | AA11: =AVERAGE(AA31,AA46,AA62) -> 1681.6667 | AB11: =AVERAGE(AB31,AB46,AB62) -> 38.033333 | AC11: =AVERAGE(AC31,AC46,AC62) -> 0.049958404 | AD11: =AVERAGE(AD31,AD46,AD62) -> 0.83733333 | AE11: =AVERAGE(AE31,AE46,AE62) -> 1486.6667 | AF11: =AVERAGE(AF31,AF46,AF62) -> 30.1 | AG11: =AVERAGE(AG31,AG46,AG62) -> 0.039537633 | AH11: =AVERAGE(AH31,AH46,AH62) -> 0.88033333 | ... AT11: =AVERAGE(AT31,AT46,AT62) -> 0.93733333
B12: 3 | C12: =AVERAGE(C32,C48,C64) -> 1725 | D12: =AVERAGE(D32,D48,D64) -> 30.933333 | E12: =AVERAGE(E32,E48,E64) -> 0.040632252 | F12: =AVERAGE(F32,F48,F64) -> 0.97133333 | G12: =AVERAGE(G32,G48,G64) -> 1553.3333 | H12: =AVERAGE(H32,H48,H64) -> 24.666667 | I12: =AVERAGE(I32,I48,I64) -> 0.032400718 | J12: =AVERAGE(J32,J48,J64) -> 0.981 | ... V12: =AVERAGE(V32,V48,V64) -> 0.98433333 | Z12: 3 | AA12: =AVERAGE(AA32,AA47,AA63) -> 1725 | AB12: =AVERAGE(AB32,AB47,AB63) -> 35.533333 | AC12: =AVERAGE(AC32,AC47,AC63) -> 0.046674548 | AD12: =AVERAGE(AD32,AD47,AD63) -> 0.96266667 | AE12: =AVERAGE(AE32,AE47,AE63) -> 1553.3333 | AF12: =AVERAGE(AF32,AF47,AF63) -> 29.533333 | AG12: =AVERAGE(AG32,AG47,AG63) -> 0.038793292 | AH12: =AVERAGE(AH32,AH47,AH63) -> 0.97466667 | ... AT12: =AVERAGE(AT32,AT47,AT63) -> 0.98066667
B13: 4 | C13: =AVERAGE(C33,C49,C65) -> 1520 | D13: =AVERAGE(D33,D49,D65) -> 34.8 | E13: =AVERAGE(E33,E49,E65) -> 0.045711283 | F13: =AVERAGE(F33,F49,F65) -> 0.963 | G13: =AVERAGE(G33,G49,G65) -> 1325 | H13: =AVERAGE(H33,H49,H65) -> 29.1 | I13: =AVERAGE(I33,I49,I65) -> 0.03822409 | J13: =AVERAGE(J33,J49,J65) -> 0.97266667 | ... V13: =AVERAGE(V33,V49,V65) -> 0.977 | Z13: 4 | AA13: =AVERAGE(AA33,AA48,AA64) -> 1520 | AB13: =AVERAGE(AB33,AB48,AB64) -> 40.566667 | AC13: =AVERAGE(AC33,AC48,AC64) -> 0.053286046 | AD13: =AVERAGE(AD33,AD48,AD64) -> 0.952 | AE13: =AVERAGE(AE33,AE48,AE64) -> 1325 | AF13: =AVERAGE(AF33,AF48,AF64) -> 33.3 | AG13: =AVERAGE(AG33,AG48,AG64) -> 0.043740969 | AH13: =AVERAGE(AH33,AH48,AH64) -> 0.96666667 | ... AT13: =AVERAGE(AT33,AT48,AT64) -> 0.97
B14: 5 | C14: =AVERAGE(C34,C50,C66) -> 1511.6667 | D14: =AVERAGE(D34,D50,D66) -> 29.733333 | E14: =AVERAGE(E34,E50,E66) -> 0.039056001 | F14: =AVERAGE(F34,F50,F66) -> 0.94 | G14: =AVERAGE(G34,G50,G66) -> 1351.6667 | H14: =AVERAGE(H34,H50,H66) -> 28.666667 | I14: =AVERAGE(I34,I50,I66) -> 0.037654889 | J14: =AVERAGE(J34,J50,J66) -> 0.94833333 | ... V14: =AVERAGE(V34,V50,V66) -> 0.96833333 | Z14: 5 | AA14: =AVERAGE(AA34,AA49,AA65) -> 1511.6667 | AB14: =AVERAGE(AB34,AB49,AB65) -> 44.6 | AC14: =AVERAGE(AC34,AC49,AC65) -> 0.058584001 | AD14: =AVERAGE(AD34,AD49,AD65) -> 0.875 | AE14: =AVERAGE(AE34,AE49,AE65) -> 1351.6667 | AF14: =AVERAGE(AF34,AF49,AF65) -> 35.933333 | AG14: =AVERAGE(AG34,AG49,AG65) -> 0.047199965 | AH14: =AVERAGE(AH34,AH49,AH65) -> 0.929 | ... AT14: =AVERAGE(AT34,AT49,AT65) -> 0.95966667
B15: 6 | C15: =AVERAGE(C35,C51,C67) -> 1583.3333 | D15: =AVERAGE(D35,D51,D67) -> 36.133333 | E15: =AVERAGE(E35,E51,E67) -> 0.047462673 | F15: =AVERAGE(F35,F51,F67) -> 0.93033333 | G15: =AVERAGE(G35,G51,G67) -> 1393.3333 | H15: =AVERAGE(H35,H51,H67) -> 25.766667 | I15: =AVERAGE(I35,I51,I67) -> 0.033845615 | J15: =AVERAGE(J35,J51,J67) -> 0.965 | ... V15: =AVERAGE(V35,V51,V67) -> 0.969 | Z15: 6 | AA15: =AVERAGE(AA35,AA50,AA66) -> 1583.3333 | AB15: =AVERAGE(AB35,AB50,AB66) -> 42.4 | AC15: =AVERAGE(AC35,AC50,AC66) -> 0.055694207 | AD15: =AVERAGE(AD35,AD50,AD66) -> 0.907 | AE15: =AVERAGE(AE35,AE50,AE66) -> 1393.3333 | AF15: =AVERAGE(AF35,AF50,AF66) -> 28.733333 | AG15: =AVERAGE(AG35,AG50,AG66) -> 0.037742458 | AH15: =AVERAGE(AH35,AH50,AH66) -> 0.96 | ... AT15: =AVERAGE(AT35,AT50,AT66) -> 0.96566667
B16: 7 | C16: =AVERAGE(C36,C52,C68) -> 955 | D16: =AVERAGE(D36,D52,D68) -> 32.766667 | E16: =AVERAGE(E36,E52,E68) -> 0.043040413 | F16: =AVERAGE(F36,F52,F68) -> 0.92666667 | G16: =AVERAGE(G36,G52,G68) -> 850 | H16: =AVERAGE(H36,H52,H68) -> 23.3 | I16: =AVERAGE(I36,I52,I68) -> 0.030605543 | J16: =AVERAGE(J36,J52,J68) -> 0.95633333 | ... V16: =AVERAGE(V36,V52,V68) -> 0.963 | Z16: 7 | AA16: =AVERAGE(AA36,AA51,AA67) -> 955 | AB16: =AVERAGE(AB36,AB51,AB67) -> 52.5 | AC16: =AVERAGE(AC36,AC51,AC67) -> 0.068960988 | AD16: =AVERAGE(AD36,AD51,AD67) -> 0.83266667 | AE16: =AVERAGE(AE36,AE51,AE67) -> 850 | AF16: =AVERAGE(AF36,AF51,AF67) -> 30.833333 | AG16: =AVERAGE(AG36,AG51,AG67) -> 0.040500898 | AH16: =AVERAGE(AH36,AH51,AH67) -> 0.92866667 | ... AT16: =AVERAGE(AT36,AT51,AT67) -> 0.95333333
B18: Average | D18: =AVERAGE(D38,D54,D70) -> 32.396981 | E18: =AVERAGE(E38,E54,E70) -> 0.042554816 | F18: =AVERAGE(F38,F54,F70) -> 0.94222501 | H18: =AVERAGE(H38,H54,H70) -> 25.595833 | I18: =AVERAGE(I38,I54,I70) -> 0.033621218 | J18: =AVERAGE(J38,J54,J70) -> 0.9629746 | L18: =AVERAGE(L38,L54,L70) -> 23.54638 | M18: =AVERAGE(M38,M54,M70) -> 0.030929173 | N18: =AVERAGE(N38,N54,N70) -> 0.96839155 | P18: =AVERAGE(P38,P54,P70) -> 23.123174 | Q18: =AVERAGE(Q38,Q54,Q70) -> 0.030373274 | R18: =AVERAGE(R38,R54,R70) -> 0.97001027 | T18: =AVERAGE(T38,T54,T70) -> 22.830479 | U18: =AVERAGE(U38,U54,U70) -> 0.029988808 | V18: =AVERAGE(V38,V54,V70) -> 0.9711895 | Z18: Average | AB18: =AVERAGE(AB38,AB53,AB69) -> 38.568468 | AC18: =AVERAGE(AC38,AC53,AC69) -> 0.050661326 | AD18: =AVERAGE(AD38,AD53,AD69) -> 0.91757674 | AF18: =AVERAGE(AF38,AF53,AF69) -> 29.938456 | AG18: =AVERAGE(AG38,AG53,AG69) -> 0.039325438 | AH18: =AVERAGE(AH38,AH53,AH69) -> 0.95177197 | AJ18: =AVERAGE(AJ38,AJ53,AJ69) -> 26.639808 | AK18: =AVERAGE(AK38,AK53,AK69) -> 0.034992523 | AL18: =AVERAGE(AL38,AL53,AL69) -> 0.96246217 | AN18: =AVERAGE(AN38,AN53,AN69) -> 26.153215 | AO18: =AVERAGE(AO38,AO53,AO69) -> 0.034353363 | AP18: =AVERAGE(AP38,AP53,AP69) -> 0.96417085 | AR18: =AVERAGE(AR38,AR53,AR69) -> 25.357466 | AS18: =AVERAGE(AS38,AS53,AS69) -> 0.033308112 | AT18: =AVERAGE(AT38,AT53,AT69) -> 0.96714224
D20: =(D18-AB18)/AB18 -> -0.16001379 | H20: =(H18-AF18)/AF18 -> -0.14505166 | L20: =(L18-AJ18)/AJ18 -> -0.11612051 | P20: =(P18-AN18)/AN18 -> -0.11585734 | T20: =(T18-AR18)/AR18 -> -0.099654529
A27: Seed - 42 | D27: 0.1 | H27: 0.2 | L27: 0.3 | P27: 0.4 | T27: 0.5 | Y27: Seed - 42 | AB27: 0.1 | AF27: 0.2 | AJ27: 0.3 | AN27: 0.4 | AR27: 0.5
B28: Clusters | C28: Test Points | D28: MAE | E28: As Capacity | F28: R-Squared | G28: Test Points | H28: MAE | I28: As Capacity | J28: R-Squared | K28: Test Points | L28: MAE | M28: As Capacity | N28: R-Squared | O28: Test Points | P28: MAE | Q28: As Capacity | R28: R-Squared | S28: Test Points | T28: MAE | U28: As Capacity | V28: R-Squared | Z28: Clusters | AA28: Test Points | AB28: MAE | AC28: As Capacity | AD28: R-Squared | AE28: Test Points | AF28: MAE | AG28: As Capacity | AH28: R-Squared | AI28: Test Points | AJ28: MAE | AK28: As Capacity | AL28: R-Squared | AM28: Test Points | AN28: MAE | AO28: As Capacity | AP28: R-Squared | AQ28: Test Points | AR28: MAE | AS28: As Capacity | AT28: R-Squared
B29: 0 | C29: 1900 | D29: 46.6 | E29: =D29/$A$5 -> 0.061211086 | F29: 0.906 | G29: 1710 | H29: 26.8 | I29: =H29/$A$5 -> 0.035202942 | J29: 0.971 | K29: 1500 | L29: 23.3 | M29: =L29/$A$5 -> 0.030605543 | N29: 0.977 | O29: 1275 | P29: 24.6 | Q29: =P29/$A$5 -> 0.032313149 | R29: 0.975 | S29: 1095 | T29: 24.2 | U29: =T29/$A$5 -> 0.031787732 | V29: 0.974 | Z29: 0 | AA29: 1900 | AB29: 52.5 | AC29: =AB29/$A$5 -> 0.068960988 | AD29: 0.891 | AE29: 1710 | AF29: 31.4 | AG29: =AF29/$A$5 -> 0.041245238 | AH29: 0.964 | AI29: 1500 | AJ29: 26.3 | AK29: =AJ29/$A$5 -> 0.034546171 | AL29: 0.973 | AM29: 1275 | AN29: 27.4 | AO29: =AN29/$A$5 -> 0.035991068 | AP29: 0.97 | AQ29: 1095 | AR29: 26.8 | AS29: =AR29/$A$5 -> 0.035202942 | AT29: 0.97
B30: 1 | C30: 2520 | D30: 34.4 | E30: =D30/$A$5 -> 0.045185866 | F30: 0.964 | G30: 2270 | H30: 26.2 | I30: =H30/$A$5 -> 0.034414817 | J30: 0.976 | K30: 1995 | L30: 25.9 | M30: =L30/$A$5 -> 0.034020754 | N30: 0.976 | O30: 1695 | P30: 24.7 | Q30: =P30/$A$5 -> 0.032444503 | R30: 0.98 | S30: 1385 | T30: 26 | U30: =T30/$A$5 -> 0.034152108 | V30: 0.977 | Z30: 1 | AA30: 2520 | AB30: 27.5 | AC30: =AB30/$A$5 -> 0.036122422 | AD30: 0.959 | AE30: 2270 | AF30: 28.7 | AG30: =AF30/$A$5 -> 0.037698673 | AH30: 0.973 | AI30: 1995 | AJ30: 28.6 | AK30: =AJ30/$A$5 -> 0.037567319 | AL30: 0.973 | AM30: 1695 | AN30: 27.5 | AO30: =AN30/$A$5 -> 0.036122422 | AP30: 0.976 | AQ30: 1385 | AR30: 27.1 | AS30: =AR30/$A$5 -> 0.035597005 | AT30: 0.976
B31: 2 | C31: 1680 | D31: 36.7 | E31: =D31/$A$5 -> 0.048207014 | F31: 0.958 | G31: 1485 | H31: 30.5 | I31: =H31/$A$5 -> 0.04006305 | J31: 0.971 | K31: 1315 | L31: 30.2 | M31: =L31/$A$5 -> 0.039668987 | N31: 0.97 | O31: 1140 | P31: 28.8 | Q31: =P31/$A$5 -> 0.037830028 | R31: 0.97 | S31: 960 | T31: 29.4 | U31: =T31/$A$5 -> 0.038618153 | V31: 0.97 | Z31: 2 | AA31: 1680 | AB31: 45.4 | AC31: =AB31/$A$5 -> 0.059634835 | AD31: 0.946 | AE31: 1485 | AF31: 35.2 | AG31: =AF31/$A$5 -> 0.0462367 | AH31: 0.963 | AI31: 1315 | AJ31: 33.3 | AK31: =AJ31/$A$5 -> 0.043740969 | AL31: 0.964 | AM31: 1140 | AN31: 30.9 | AO31: =AN31/$A$5 -> 0.040588467 | AP31: 0.968 | AQ31: 960 | AR31: 32.1 | AS31: =AR31/$A$5 -> 0.042164718 | AT31: 0.967
B32: 3 | C32: 850 | D32: 36.1 | E32: =D32/$A$5 -> 0.047418889 | F32: 0.963 | G32: 765 | H32: 29.1 | I32: =H32/$A$5 -> 0.03822409 | J32: 0.976 | K32: 660 | L32: 26.2 | M32: =L32/$A$5 -> 0.034414817 | N32: 0.98 | O32: 520 | P32: 24.5 | Q32: =P32/$A$5 -> 0.032181794 | R32: 0.983 | S32: 410 | T32: 20.1 | U32: =T32/$A$5 -> 0.026402207 | V32: 0.989 | Z32: 3 | AA32: 850 | AB32: 39.4 | AC32: =AB32/$A$5 -> 0.051753579 | AD32: 0.956 | AE32: 765 | AF32: 32.9 | AG32: =AF32/$A$5 -> 0.043215552 | AH32: 0.97 | AI32: 660 | AJ32: 29.5 | AK32: =AJ32/$A$5 -> 0.038749507 | AL32: 0.976 | AM32: 520 | AN32: 28.4 | AO32: =AN32/$A$5 -> 0.037304611 | AP32: 0.978 | AQ32: 410 | AR32: 23.7 | AS32: =AR32/$A$5 -> 0.03113096 | AT32: 0.985
B33: 4 | C33: 2190 | D33: 30.9 | E33: =D33/$A$5 -> 0.040588467 | F33: 0.97 | G33: 1910 | H33: 24.7 | I33: =H33/$A$5 -> 0.032444503 | J33: 0.981 | K33: 1650 | L33: 22.8 | M33: =L33/$A$5 -> 0.029948772 | N33: 0.984 | O33: 1405 | P33: 23.5 | Q33: =P33/$A$5 -> 0.030868252 | R33: 0.983 | S33: 1195 | T33: 23 | U33: =T33/$A$5 -> 0.03021148 | V33: 0.984 | Z33: 4 | AA33: 2190 | AB33: 34.9 | AC33: =AB33/$A$5 -> 0.045842638 | AD33: 0.965 | AE33: 1910 | AF33: 28.6 | AG33: =AF33/$A$5 -> 0.037567319 | AH33: 0.977 | AI33: 1650 | AJ33: 26.5 | AK33: =AJ33/$A$5 -> 0.03480888 | AL33: 0.979 | AM33: 1405 | AN33: 26.6 | AO33: =AN33/$A$5 -> 0.034940234 | AP33: 0.979 | AQ33: 1195 | AR33: 27.3 | AS33: =AR33/$A$5 -> 0.035859714 | AT33: 0.978
B34: 5 | C34: 1260 | D34: 20.7 | E34: =D34/$A$5 -> 0.027190332 | F34: 0.902 | G34: 1135 | H34: 21.6 | I34: =H34/$A$5 -> 0.028372521 | J34: 0.92 | K34: 995 | L34: 18 | M34: =L34/$A$5 -> 0.023643767 | N34: 0.944 | O34: 890 | P34: 18.3 | Q34: =P34/$A$5 -> 0.02403783 | R34: 0.942 | S34: 765 | T34: 17.5 | U34: =T34/$A$5 -> 0.022986996 | V34: 0.944 | Z34: 5 | AA34: 1260 | AB34: 27.9 | AC34: =AB34/$A$5 -> 0.036647839 | AD34: 0.821 | AE34: 1135 | AF34: 25.4 | AG34: =AF34/$A$5 -> 0.033363983 | AH34: 0.901 | AI34: 995 | AJ34: 22 | AK34: =AJ34/$A$5 -> 0.028897938 | AL34: 0.922 | AM34: 890 | AN34: 21.7 | AO34: =AN34/$A$5 -> 0.028503875 | AP34: 0.923 | AQ34: 765 | AR34: 20.8 | AS34: =AR34/$A$5 -> 0.027321687 | AT34: 0.929
B35: 6 | C35: 1970 | D35: 27.3 | E35: =D35/$A$5 -> 0.035859714 | F35: 0.97 | G35: 1730 | H35: 21.3 | I35: =H35/$A$5 -> 0.027978458 | J35: 0.984 | K35: 1530 | L35: 20.3 | M35: =L35/$A$5 -> 0.026664915 | N35: 0.984 | O35: 1335 | P35: 21.2 | Q35: =P35/$A$5 -> 0.027847104 | R35: 0.983 | S35: 1070 | T35: 21.3 | U35: =T35/$A$5 -> 0.027978458 | V35: 0.982 | Z35: 6 | AA35: 1970 | AB35: 30.9 | AC35: =AB35/$A$5 -> 0.040588467 | AD35: 0.961 | AE35: 1730 | AF35: 24.2 | AG35: =AF35/$A$5 -> 0.031787732 | AH35: 0.98 | AI35: 1530 | AJ35: 22.5 | AK35: =AJ35/$A$5 -> 0.029554709 | AL35: 0.982 | AM35: 1335 | AN35: 24.1 | AO35: =AN35/$A$5 -> 0.031656377 | AP35: 0.979 | AQ35: 1070 | AR35: 23 | AS35: =AR35/$A$5 -> 0.03021148 | AT35: 0.98
B36: 7 | C36: 770 | D36: 25.1 | E36: =D36/$A$5 -> 0.03296992 | F36: 0.931 | G36: 675 | H36: 20.6 | I36: =H36/$A$5 -> 0.027058978 | J36: 0.945 | K36: 575 | L36: 20.8 | M36: =L36/$A$5 -> 0.027321687 | N36: 0.944 | O36: 500 | P36: 20 | Q36: =P36/$A$5 -> 0.026270852 | R36: 0.943 | S36: 420 | T36: 19.8 | U36: =T36/$A$5 -> 0.026008144 | V36: 0.938 | Z36: 7 | AA36: 770 | AB36: 52.7 | AC36: =AB36/$A$5 -> 0.069223696 | AD36: 0.747 | AE36: 675 | AF36: 29.7 | AG36: =AF36/$A$5 -> 0.039012216 | AH36: 0.897 | AI36: 575 | AJ36: 23.8 | AK36: =AJ36/$A$5 -> 0.031262314 | AL36: 0.927 | AM36: 500 | AN36: 24.7 | AO36: =AN36/$A$5 -> 0.032444503 | AP36: 0.918 | AQ36: 420 | AR36: 24.8 | AS36: =AR36/$A$5 -> 0.032575857 | AT36: 0.916
B38: Average | D38: =SUMPRODUCT(C29:C36,D29:D36)/SUM(C29:C36) -> 33.061644 | E38: =SUMPRODUCT(C29:C36,E29:E36)/SUM(C29:C36) -> 0.043427878 | F38: =SUMPRODUCT(C29:C36,F29:F36)/SUM(C29:C36) -> 0.94880213 | H38: =SUMPRODUCT(G29:G36,H29:H36)/SUM(G29:G36) -> 25.282791 | I38: =SUMPRODUCT(G29:G36,I29:I36)/SUM(G29:G36) -> 0.033210024 | J38: =SUMPRODUCT(G29:G36,J29:J36)/SUM(G29:G36) -> 0.96940154 | L38: =SUMPRODUCT(K29:K36,L29:L36)/SUM(K29:K36) -> 23.696135 | M38: =SUMPRODUCT(K29:K36,M29:M36)/SUM(K29:K36) -> 0.031125883 | N38: =SUMPRODUCT(K29:K36,N29:N36)/SUM(K29:K36) -> 0.97320646 | P38: =SUMPRODUCT(O29:O36,P29:P36)/SUM(O29:O36) -> 23.562785 | Q38: =SUMPRODUCT(O29:O36,Q29:Q36)/SUM(O29:O36) -> 0.030950723 | R38: =SUMPRODUCT(O29:O36,R29:R36)/SUM(O29:O36) -> 0.97311473 | T38: =SUMPRODUCT(S29:S36,T29:T36)/SUM(S29:S36) -> 23.418288 | U38: =SUMPRODUCT(S29:S36,U29:U36)/SUM(S29:S36) -> 0.030760919 | V38: =SUMPRODUCT(S29:S36,V29:V36)/SUM(S29:S36) -> 0.97248014 | Z38: Average | AB38: =SUMPRODUCT(AA29:AA36,AB29:AB36)/SUM(AA29:AA36) -> 37.431431 | AC38: =SUMPRODUCT(AA29:AA36,AC29:AC36)/SUM(AA29:AA36) -> 0.04916778 | AD38: =SUMPRODUCT(AA29:AA36,AD29:AD36)/SUM(AA29:AA36) -> 0.9229551 | AF38: =SUMPRODUCT(AE29:AE36,AF29:AF36)/SUM(AE29:AE36) -> 29.251027 | AG38: =SUMPRODUCT(AE29:AE36,AG29:AG36)/SUM(AE29:AE36) -> 0.038422471 | AH38: =SUMPRODUCT(AE29:AE36,AH29:AH36)/SUM(AE29:AE36) -> 0.9605167 | AJ38: =SUMPRODUCT(AI29:AI36,AJ29:AJ36)/SUM(AI29:AI36) -> 26.760421 | AK38: =SUMPRODUCT(AI29:AI36,AK29:AK36)/SUM(AI29:AI36) -> 0.035150953 | AL38: =SUMPRODUCT(AI29:AI36,AL29:AL36)/SUM(AI29:AI36) -> 0.96679843 | AN38: =SUMPRODUCT(AM29:AM36,AN29:AN36)/SUM(AM29:AM36) -> 26.569749 | AO38: =SUMPRODUCT(AM29:AM36,AO29:AO36)/SUM(AM29:AM36) -> 0.034900498 | AP38: =SUMPRODUCT(AM29:AM36,AP29:AP36)/SUM(AM29:AM36) -> 0.96644749 | AR38: =SUMPRODUCT(AQ29:AQ36,AR29:AR36)/SUM(AQ29:AQ36) -> 26.160822 | AS38: =SUMPRODUCT(AQ29:AQ36,AS29:AS36)/SUM(AQ29:AQ36) -> 0.034363355 | AT38: =SUMPRODUCT(AQ29:AQ36,AT29:AT36)/SUM(AQ29:AQ36) -> 0.96695822
E39: 5.16 | I39: 4.19 | M39: 3.97 | Q39: 3.81 | U39: 3.81
C40: =SUM(C29:C36) -> 13140 | G40: =SUM(G29:G36) -> 11680 | K40: =SUM(K29:K36) -> 10220 | O40: =SUM(O29:O36) -> 8760 | S40: =SUM(S29:S36) -> 7300
Y42: Seed - 63 | AB42: 0.1 | AF42: 0.2 | AJ42: 0.3 | AN42: 0.4 | AR42: 0.5
A43: Seed - 63 | D43: 0.1 | H43: 0.2 | L43: 0.3 | P43: 0.4 | T43: 0.5 | Z43: Clusters | AA43: Test Points | AB43: MAE | AC43: As Capacity | AD43: R-Squared | AE43: Test Points | AF43: MAE | AG43: As Capacity | AH43: R-Squared | AI43: Test Points | AJ43: MAE | AK43: As Capacity | AL43: R-Squared | AM43: Test Points | AN43: MAE | AO43: As Capacity | AP43: R-Squared | AQ43: Test Points | AR43: MAE | AS43: As Capacity | AT43: R-Squared
B44: Clusters | C44: Test Points | D44: MAE | E44: As Capacity | F44: R-Squared | G44: Test Points | H44: MAE | I44: As Capacity | J44: R-Squared | K44: Test Points | L44: MAE | M44: As Capacity | N44: R-Squared | O44: Test Points | P44: MAE | Q44: As Capacity | R44: R-Squared | S44: Test Points | T44: MAE | U44: As Capacity | V44: R-Squared | Z44: 0 | AA44: 2245 | AB44: 35.4 | AC44: =AB44/$A$5 -> 0.046499409 | AD44: 0.959 | AE44: 1975 | AF44: 34.4 | AG44: =AF44/$A$5 -> 0.045185866 | AH44: 0.96 | AI44: 1705 | AJ44: 32.6 | AK44: =AJ44/$A$5 -> 0.04282149 | AL44: 0.967 | AM44: 1420 | AN44: 30 | AO44: =AN44/$A$5 -> 0.039406279 | AP44: 0.972 | AQ44: 1180 | AR44: 28.4 | AS44: =AR44/$A$5 -> 0.037304611 | AT44: 0.975
B45: 0 | C45: 2245 | D45: 33.6 | E45: =D45/$A$5 -> 0.044135032 | F45: 0.962 | G45: 1975 | H45: 33.1 | I45: =H45/$A$5 -> 0.043478261 | J45: 0.96 | K45: 1705 | L45: 29.6 | M45: =L45/$A$5 -> 0.038880862 | N45: 0.97 | O45: 1420 | P45: 27.3 | Q45: =P45/$A$5 -> 0.035859714 | R45: 0.975 | S45: 1180 | T45: 26 | U45: =T45/$A$5 -> 0.034152108 | V45: 0.977 | Z45: 1 | AA45: 2475 | AB45: 28.9 | AC45: =AB45/$A$5 -> 0.037961382 | AD45: 0.976 | AE45: 2210 | AF45: 23.9 | AG45: =AF45/$A$5 -> 0.031393669 | AH45: 0.983 | AI45: 1965 | AJ45: 21.5 | AK45: =AJ45/$A$5 -> 0.028241166 | AL45: 0.985 | AM45: 1660 | AN45: 22.2 | AO45: =AN45/$A$5 -> 0.029160646 | AP45: 0.984 | AQ45: 1405 | AR45: 20.7 | AS45: =AR45/$A$5 -> 0.027190332 | AT45: 0.986
B46: 1 | C46: 2475 | D46: 24.1 | E46: =D46/$A$5 -> 0.031656377 | F46: 0.982 | G46: 2210 | H46: 20.3 | I46: =H46/$A$5 -> 0.026664915 | J46: 0.986 | K46: 1965 | L46: 19.1 | M46: =L46/$A$5 -> 0.025088664 | N46: 0.987 | O46: 1660 | P46: 19.8 | Q46: =P46/$A$5 -> 0.026008144 | R46: 0.987 | S46: 1405 | T46: 19.5 | U46: =T46/$A$5 -> 0.025614081 | V46: 0.987 | Z46: 2 | AA46: 1370 | AB46: 34 | AC46: =AB46/$A$5 -> 0.044660449 | AD46: 0.781 | AE46: 1215 | AF46: 31.1 | AG46: =AF46/$A$5 -> 0.040851176 | AH46: 0.795 | AI46: 1095 | AJ46: 25.7 | AK46: =AJ46/$A$5 -> 0.033758045 | AL46: 0.884 | AM46: 930 | AN46: 23.1 | AO46: =AN46/$A$5 -> 0.030342835 | AP46: 0.904 | AQ46: 735 | AR46: 21 | AS46: =AR46/$A$5 -> 0.027584395 | AT46: 0.917
B47: 2 | C47: 1370 | D47: 27.7 | E47: =D47/$A$5 -> 0.036385131 | F47: 0.857 | G47: 1215 | H47: 22.8 | I47: =H47/$A$5 -> 0.029948772 | J47: 0.883 | K47: 1095 | L47: 21.6 | M47: =L47/$A$5 -> 0.028372521 | N47: 0.912 | O47: 930 | P47: 20.4 | Q47: =P47/$A$5 -> 0.02679627 | R47: 0.921 | S47: 735 | T47: 19 | U47: =T47/$A$5 -> 0.02495731 | V47: 0.929 | Z47: 3 | AA47: 1890 | AB47: 32 | AC47: =AB47/$A$5 -> 0.042033364 | AD47: 0.97 | AE47: 1750 | AF47: 27.7 | AG47: =AF47/$A$5 -> 0.036385131 | AH47: 0.978 | AI47: 1510 | AJ47: 24.3 | AK47: =AJ47/$A$5 -> 0.031919086 | AL47: 0.981 | AM47: 1335 | AN47: 24.8 | AO47: =AN47/$A$5 -> 0.032575857 | AP47: 0.979 | AQ47: 1155 | AR47: 27.1 | AS47: =AR47/$A$5 -> 0.035597005 | AT47: 0.976
B48: 3 | C48: 1890 | D48: 28.6 | E48: =D48/$A$5 -> 0.037567319 | F48: 0.975 | G48: 1750 | H48: 22.3 | I48: =H48/$A$5 -> 0.029292001 | J48: 0.984 | K48: 1510 | L48: 22.2 | M48: =L48/$A$5 -> 0.029160646 | N48: 0.983 | O48: 1335 | P48: 21.9 | Q48: =P48/$A$5 -> 0.028766583 | R48: 0.983 | S48: 1155 | T48: 24.1 | U48: =T48/$A$5 -> 0.031656377 | V48: 0.98 | Z48: 4 | AA48: 640 | AB48: 48.6 | AC48: =AB48/$A$5 -> 0.063838172 | AD48: 0.937 | AE48: 535 | AF48: 36.1 | AG48: =AF48/$A$5 -> 0.047418889 | AH48: 0.965 | AI48: 420 | AJ48: 35.5 | AK48: =AJ48/$A$5 -> 0.046630763 | AL48: 0.965 | AM48: 355 | AN48: 33.1 | AO48: =AN48/$A$5 -> 0.043478261 | AP48: 0.968 | AQ48: 300 | AR48: 34 | AS48: =AR48/$A$5 -> 0.044660449 | AT48: 0.968
B49: 4 | C49: 640 | D49: 39.3 | E49: =D49/$A$5 -> 0.051622225 | F49: 0.959 | G49: 535 | H49: 31.3 | I49: =H49/$A$5 -> 0.041113884 | J49: 0.972 | K49: 420 | L49: 29.5 | M49: =L49/$A$5 -> 0.038749507 | N49: 0.973 | O49: 355 | P49: 26.8 | Q49: =P49/$A$5 -> 0.035202942 | R49: 0.976 | S49: 300 | T49: 26.4 | U49: =T49/$A$5 -> 0.034677525 | V49: 0.977 | Z49: 5 | AA49: 2455 | AB49: 32.9 | AC49: =AB49/$A$5 -> 0.043215552 | AD49: 0.971 | AE49: 2190 | AF49: 27.7 | AG49: =AF49/$A$5 -> 0.036385131 | AH49: 0.979 | AI49: 1925 | AJ49: 21 | AK49: =AJ49/$A$5 -> 0.027584395 | AL49: 0.986 | AM49: 1690 | AN49: 23.7 | AO49: =AN49/$A$5 -> 0.03113096 | AP49: 0.983 | AQ49: 1450 | AR49: 22.2 | AS49: =AR49/$A$5 -> 0.029160646 | AT49: 0.984
B50: 5 | C50: 2455 | D50: 27.3 | E50: =D50/$A$5 -> 0.035859714 | F50: 0.979 | G50: 2190 | H50: 21 | I50: =H50/$A$5 -> 0.027584395 | J50: 0.987 | K50: 1925 | L50: 18.9 | M50: =L50/$A$5 -> 0.024825956 | N50: 0.988 | O50: 1690 | P50: 19.8 | Q50: =P50/$A$5 -> 0.026008144 | R50: 0.987 | S50: 1450 | T50: 21 | U50: =T50/$A$5 -> 0.027584395 | V50: 0.985 | Z50: 6 | AA50: 915 | AB50: 52.5 | AC50: =AB50/$A$5 -> 0.068960988 | AD50: 0.829 | AE50: 785 | AF50: 33.6 | AG50: =AF50/$A$5 -> 0.044135032 | AH50: 0.932 | AI50: 665 | AJ50: 27.7 | AK50: =AJ50/$A$5 -> 0.036385131 | AL50: 0.944 | AM50: 580 | AN50: 26.6 | AO50: =AN50/$A$5 -> 0.034940234 | AP50: 0.936 | AQ50: 460 | AR50: 24.9 | AS50: =AR50/$A$5 -> 0.032707211 | AT50: 0.945
B51: 6 | C51: 915 | D51: 43.9 | E51: =D51/$A$5 -> 0.057664521 | F51: 0.877 | G51: 785 | H51: 29.2 | I51: =H51/$A$5 -> 0.038355445 | J51: 0.94 | K51: 665 | L51: 24.2 | M51: =L51/$A$5 -> 0.031787732 | N51: 0.95 | O51: 580 | P51: 23 | Q51: =P51/$A$5 -> 0.03021148 | R51: 0.946 | S51: 460 | T51: 22.1 | U51: =T51/$A$5 -> 0.029029292 | V51: 0.951 | Z51: 7 | AA51: 1150 | AB51: 63.7 | AC51: =AB51/$A$5 -> 0.083672665 | AD51: 0.794 | AE51: 1020 | AF51: 34.8 | AG51: =AF51/$A$5 -> 0.045711283 | AH51: 0.915 | AI51: 935 | AJ51: 32.6 | AK51: =AJ51/$A$5 -> 0.04282149 | AL51: 0.927 | AM51: 790 | AN51: 26.8 | AO51: =AN51/$A$5 -> 0.035202942 | AP51: 0.948 | AQ51: 615 | AR51: 25.3 | AS51: =AR51/$A$5 -> 0.033232628 | AT51: 0.957
B52: 7 | C52: 1150 | D52: 47.9 | E52: =D52/$A$5 -> 0.062918692 | F52: 0.867 | G52: 1020 | H52: 28.6 | I52: =H52/$A$5 -> 0.037567319 | J52: 0.939 | K52: 935 | L52: 26.9 | M52: =L52/$A$5 -> 0.035334297 | N52: 0.947 | O52: 790 | P52: 24.2 | Q52: =P52/$A$5 -> 0.031787732 | R52: 0.955 | S52: 615 | T52: 23.6 | U52: =T52/$A$5 -> 0.030999606 | V52: 0.96
Z53: Average | AB53: =SUMPRODUCT(AA44:AA51,AB44:AB51)/SUM(AA44:AA51) -> 37.384056 | AC53: =SUMPRODUCT(AA44:AA51,AC44:AC51)/SUM(AA44:AA51) -> 0.049105551 | AD53: =SUMPRODUCT(AA44:AA51,AD44:AD51)/SUM(AA44:AA51) -> 0.92290297 | AF53: =SUMPRODUCT(AE44:AE51,AF44:AF51)/SUM(AE44:AE51) -> 29.868921 | AG53: =SUMPRODUCT(AE44:AE51,AG44:AG51)/SUM(AE44:AE51) -> 0.039234101 | AH53: =SUMPRODUCT(AE44:AE51,AH44:AH51)/SUM(AE44:AE51) -> 0.94786473 | AJ53: =SUMPRODUCT(AI44:AI51,AJ44:AJ51)/SUM(AI44:AI51) -> 26.115607 | AK53: =SUMPRODUCT(AI44:AI51,AK44:AK51)/SUM(AI44:AI51) -> 0.034303963 | AL53: =SUMPRODUCT(AI44:AI51,AL44:AL51)/SUM(AI44:AI51) -> 0.96197701 | AN53: =SUMPRODUCT(AM44:AM51,AN44:AN51)/SUM(AM44:AM51) -> 25.393436 | AO53: =SUMPRODUCT(AM44:AM51,AO44:AO51)/SUM(AM44:AM51) -> 0.033355361 | AP53: =SUMPRODUCT(AM44:AM51,AP44:AP51)/SUM(AM44:AM51) -> 0.96553368 | AR53: =SUMPRODUCT(AQ44:AQ51,AR44:AR51)/SUM(AQ44:AQ51) -> 24.484178 | AS53: =SUMPRODUCT(AQ44:AQ51,AS44:AS51)/SUM(AQ44:AQ51) -> 0.032161012 | AT53: =SUMPRODUCT(AQ44:AQ51,AT44:AT51)/SUM(AQ44:AQ51) -> 0.96952877
B54: Average | D54: =SUMPRODUCT(C45:C52,D45:D52)/SUM(C45:C52) -> 31.545624 | E54: =SUMPRODUCT(C45:C52,E45:E52)/SUM(C45:C52) -> 0.041436522 | F54: =SUMPRODUCT(C45:C52,F45:F52)/SUM(C45:C52) -> 0.9454863 | H54: =SUMPRODUCT(G45:G52,H45:H52)/SUM(G45:G52) -> 24.982192 | I54: =SUMPRODUCT(G45:G52,I45:I52)/SUM(G45:G52) -> 0.032815174 | J54: =SUMPRODUCT(G45:G52,J45:J52)/SUM(G45:G52) -> 0.96293964 | L54: =SUMPRODUCT(K45:K52,L45:L52)/SUM(K45:K52) -> 23.012769 | M54: =SUMPRODUCT(K45:K52,M45:M52)/SUM(K45:K52) -> 0.030228253 | N54: =SUMPRODUCT(K45:K52,N45:N52)/SUM(K45:K52) -> 0.96908317 | P54: =SUMPRODUCT(O45:O52,P45:P52)/SUM(O45:O52) -> 22.291838 | Q54: =SUMPRODUCT(O45:O52,Q45:Q52)/SUM(O45:O52) -> 0.029281279 | R54: =SUMPRODUCT(O45:O52,R45:R52)/SUM(O45:O52) -> 0.97139212 | T54: =SUMPRODUCT(S45:S52,T45:T52)/SUM(S45:S52) -> 22.318904 | U54: =SUMPRODUCT(S45:S52,U45:U52)/SUM(S45:S52) -> 0.029316832 | V54: =SUMPRODUCT(S45:S52,V45:V52)/SUM(S45:S52) -> 0.97308493
E55: 5.11 | I55: 4.16 | M55: 3.93 | Q55: 3.84 | U55: 3.81
C56: =SUM(C45:C52) -> 13140 | G56: =SUM(G45:G52) -> 11680 | K56: =SUM(K45:K52) -> 10220 | O56: =SUM(O45:O52) -> 8760 | S56: =SUM(S45:S52) -> 7300
Y58: Seed - 84 | AB58: 0.1 | AF58: 0.2 | AJ58: 0.3 | AN58: 0.4 | AR58: 0.5
A59: Seed - 84 | D59: 0.1 | H59: 0.2 | L59: 0.3 | P59: 0.4 | T59: 0.5 | Z59: Clusters | AA59: Test Points | AB59: MAE | AC59: As Capacity | AD59: R-Squared | AE59: Test Points | AF59: MAE | AG59: As Capacity | AH59: R-Squared | AI59: Test Points | AJ59: MAE | AK59: As Capacity | AL59: R-Squared | AM59: Test Points | AN59: MAE | AO59: As Capacity | AP59: R-Squared | AQ59: Test Points | AR59: MAE | AS59: As Capacity | AT59: R-Squared
B60: Clusters | C60: Test Points | D60: MAE | E60: As Capacity | F60: R-Squared | G60: Test Points | H60: MAE | I60: As Capacity | J60: R-Squared | K60: Test Points | L60: MAE | M60: As Capacity | N60: R-Squared | O60: Test Points | P60: MAE | Q60: As Capacity | R60: R-Squared | S60: Test Points | T60: MAE | U60: As Capacity | V60: R-Squared | Z60: 0 | AA60: 1615 | AB60: 46 | AC60: =AB60/$A$5 -> 0.060422961 | AD60: 0.933 | AE60: 1435 | AF60: 34.1 | AG60: =AF60/$A$5 -> 0.044791803 | AH60: 0.965 | AI60: 1285 | AJ60: 29.8 | AK60: =AJ60/$A$5 -> 0.03914357 | AL60: 0.974 | AM60: 1130 | AN60: 30 | AO60: =AN60/$A$5 -> 0.039406279 | AP60: 0.972 | AQ60: 1030 | AR60: 29 | AS60: =AR60/$A$5 -> 0.038092736 | AT60: 0.973
B61: 0 | C61: 1615 | D61: 40 | E61: =D61/$A$5 -> 0.052541705 | F61: 0.953 | G61: 1435 | H61: 30.7 | I61: =H61/$A$5 -> 0.040325759 | J61: 0.97 | K61: 1285 | L61: 26.9 | M61: =L61/$A$5 -> 0.035334297 | N61: 0.976 | O61: 1130 | P61: 27.3 | Q61: =P61/$A$5 -> 0.035859714 | R61: 0.975 | S61: 1030 | T61: 26.9 | U61: =T61/$A$5 -> 0.035334297 | V61: 0.975 | Z61: 1 | AA61: 1735 | AB61: 35.5 | AC61: =AB61/$A$5 -> 0.046630763 | AD61: 0.88 | AE61: 1560 | AF61: 27.1 | AG61: =AF61/$A$5 -> 0.035597005 | AH61: 0.933 | AI61: 1345 | AJ61: 23.7 | AK61: =AJ61/$A$5 -> 0.03113096 | AL61: 0.945 | AM61: 1125 | AN61: 25 | AO61: =AN61/$A$5 -> 0.032838566 | AP61: 0.936 | AQ61: 930 | AR61: 23.1 | AS61: =AR61/$A$5 -> 0.030342835 | AT61: 0.953
B62: 1 | C62: 1735 | D62: 27 | E62: =D62/$A$5 -> 0.035465651 | F62: 0.926 | G62: 1560 | H62: 23.6 | I62: =H62/$A$5 -> 0.030999606 | J62: 0.948 | K62: 1345 | L62: 21.3 | M62: =L62/$A$5 -> 0.027978458 | N62: 0.95 | O62: 1125 | P62: 21.4 | Q62: =P62/$A$5 -> 0.028109812 | R62: 0.951 | S62: 930 | T62: 20.8 | U62: =T62/$A$5 -> 0.027321687 | V62: 0.957 | Z62: 2 | AA62: 1995 | AB62: 34.7 | AC62: =AB62/$A$5 -> 0.045579929 | AD62: 0.785 | AE62: 1760 | AF62: 24 | AG62: =AF62/$A$5 -> 0.031525023 | AH62: 0.883 | AI62: 1520 | AJ62: 20.6 | AK62: =AJ62/$A$5 -> 0.027058978 | AL62: 0.911 | AM62: 1295 | AN62: 18.7 | AO62: =AN62/$A$5 -> 0.024563247 | AP62: 0.925 | AQ62: 1015 | AR62: 17.2 | AS62: =AR62/$A$5 -> 0.022592933 | AT62: 0.928
B63: 2 | C63: 1995 | D63: 31.1 | E63: =D63/$A$5 -> 0.040851176 | F63: 0.807 | G63: 1760 | H63: 21.9 | I63: =H63/$A$5 -> 0.028766583 | J63: 0.894 | K63: 1520 | L63: 19.6 | M63: =L63/$A$5 -> 0.025745435 | N63: 0.91 | O63: 1295 | P63: 17.8 | Q63: =P63/$A$5 -> 0.023381059 | R63: 0.923 | S63: 1015 | T63: 16.3 | U63: =T63/$A$5 -> 0.021410745 | V63: 0.926 | Z63: 3 | AA63: 2435 | AB63: 35.2 | AC63: =AB63/$A$5 -> 0.0462367 | AD63: 0.962 | AE63: 2145 | AF63: 28 | AG63: =AF63/$A$5 -> 0.036779193 | AH63: 0.976 | AI63: 1850 | AJ63: 26.8 | AK63: =AJ63/$A$5 -> 0.035202942 | AL63: 0.976 | AM63: 1590 | AN63: 26.7 | AO63: =AN63/$A$5 -> 0.035071588 | AP63: 0.978 | AQ63: 1335 | AR63: 25.4 | AS63: =AR63/$A$5 -> 0.033363983 | AT63: 0.981
B64: 3 | C64: 2435 | D64: 28.1 | E64: =D64/$A$5 -> 0.036910548 | F64: 0.976 | G64: 2145 | H64: 22.6 | I64: =H64/$A$5 -> 0.029686063 | J64: 0.983 | K64: 1850 | L64: 22.8 | M64: =L64/$A$5 -> 0.029948772 | N64: 0.982 | O64: 1590 | P64: 23.6 | Q64: =P64/$A$5 -> 0.030999606 | R64: 0.982 | S64: 1335 | T64: 22.4 | U64: =T64/$A$5 -> 0.029423355 | V64: 0.984 | Z64: 4 | AA64: 1730 | AB64: 38.2 | AC64: =AB64/$A$5 -> 0.050177328 | AD64: 0.954 | AE64: 1530 | AF64: 35.2 | AG64: =AF64/$A$5 -> 0.0462367 | AH64: 0.958 | AI64: 1375 | AJ64: 33.5 | AK64: =AJ64/$A$5 -> 0.044003678 | AL64: 0.963 | AM64: 1195 | AN64: 30.4 | AO64: =AN64/$A$5 -> 0.039931696 | AP64: 0.966 | AQ64: 955 | AR64: 31.6 | AS64: =AR64/$A$5 -> 0.041507947 | AT64: 0.964
B65: 4 | C65: 1730 | D65: 34.2 | E65: =D65/$A$5 -> 0.044923158 | F65: 0.96 | G65: 1530 | H65: 31.3 | I65: =H65/$A$5 -> 0.041113884 | J65: 0.965 | K65: 1375 | L65: 29.9 | M65: =L65/$A$5 -> 0.039274924 | N65: 0.968 | O65: 1195 | P65: 28.4 | Q65: =P65/$A$5 -> 0.037304611 | R65: 0.969 | S65: 955 | T65: 28.3 | U65: =T65/$A$5 -> 0.037173256 | V65: 0.97 | Z65: 5 | AA65: 820 | AB65: 73 | AC65: =AB65/$A$5 -> 0.095888612 | AD65: 0.833 | AE65: 730 | AF65: 54.7 | AG65: =AF65/$A$5 -> 0.071850782 | AH65: 0.907 | AI65: 635 | AJ65: 37.9 | AK65: =AJ65/$A$5 -> 0.049783265 | AL65: 0.947 | AM65: 545 | AN65: 37.9 | AO65: =AN65/$A$5 -> 0.049783265 | AP65: 0.951 | AQ65: 465 | AR65: 31.4 | AS65: =AR65/$A$5 -> 0.041245238 | AT65: 0.966
B66: 5 | C66: 820 | D66: 41.2 | E66: =D66/$A$5 -> 0.054117956 | F66: 0.939 | G66: 730 | H66: 43.4 | I66: =H66/$A$5 -> 0.05700775 | J66: 0.938 | K66: 635 | L66: 32.1 | M66: =L66/$A$5 -> 0.042164718 | N66: 0.961 | O66: 545 | P66: 29.6 | Q66: =P66/$A$5 -> 0.038880862 | R66: 0.969 | S66: 465 | T66: 25.4 | U66: =T66/$A$5 -> 0.033363983 | V66: 0.976 | Z66: 6 | AA66: 1865 | AB66: 43.8 | AC66: =AB66/$A$5 -> 0.057533167 | AD66: 0.931 | AE66: 1665 | AF66: 28.4 | AG66: =AF66/$A$5 -> 0.037304611 | AH66: 0.968 | AI66: 1440 | AJ66: 24.8 | AK66: =AJ66/$A$5 -> 0.032575857 | AL66: 0.975 | AM66: 1215 | AN66: 25.9 | AO66: =AN66/$A$5 -> 0.034020754 | AP66: 0.972 | AQ66: 1025 | AR66: 25.6 | AS66: =AR66/$A$5 -> 0.033626691 | AT66: 0.972
B67: 6 | C67: 1865 | D67: 37.2 | E67: =D67/$A$5 -> 0.048863786 | F67: 0.944 | G67: 1665 | H67: 26.8 | I67: =H67/$A$5 -> 0.035202942 | J67: 0.971 | K67: 1440 | L67: 23.2 | M67: =L67/$A$5 -> 0.030474189 | N67: 0.977 | O67: 1215 | P67: 23.8 | Q67: =P67/$A$5 -> 0.031262314 | R67: 0.975 | S67: 1025 | T67: 23.8 | U67: =T67/$A$5 -> 0.031262314 | V67: 0.974 | Z67: 7 | AA67: 945 | AB67: 41.1 | AC67: =AB67/$A$5 -> 0.053986602 | AD67: 0.957 | AE67: 855 | AF67: 28 | AG67: =AF67/$A$5 -> 0.036779193 | AH67: 0.974 | AI67: 770 | AJ67: 25.3 | AK67: =AJ67/$A$5 -> 0.033232628 | AL67: 0.98 | AM67: 665 | AN67: 22.5 | AO67: =AN67/$A$5 -> 0.029554709 | AP67: 0.987 | AQ67: 545 | AR67: 21.8 | AS67: =AR67/$A$5 -> 0.028635229 | AT67: 0.987
B68: 7 | C68: 945 | D68: 25.3 | E68: =D68/$A$5 -> 0.033232628 | F68: 0.982 | G68: 855 | H68: 20.7 | I68: =H68/$A$5 -> 0.027190332 | J68: 0.985 | K68: 770 | L68: 18.8 | M68: =L68/$A$5 -> 0.024694601 | N68: 0.988 | O68: 665 | P68: 17.3 | Q68: =P68/$A$5 -> 0.022724287 | R68: 0.991 | S68: 545 | T68: 17.2 | U68: =T68/$A$5 -> 0.022592933 | V68: 0.991
Z69: Average | AB69: =SUMPRODUCT(AA60:AA67,AB60:AB67)/SUM(AA60:AA67) -> 40.889916 | AC69: =SUMPRODUCT(AA60:AA67,AC60:AC67)/SUM(AA60:AA67) -> 0.053710648 | AD69: =SUMPRODUCT(AA60:AA67,AD60:AD67)/SUM(AA60:AA67) -> 0.90687215 | AF69: =SUMPRODUCT(AE60:AE67,AF60:AF67)/SUM(AE60:AE67) -> 30.69542 | AG69: =SUMPRODUCT(AE60:AE67,AG60:AG67)/SUM(AE60:AE67) -> 0.040319742 | AH69: =SUMPRODUCT(AE60:AE67,AH60:AH67)/SUM(AE60:AE67) -> 0.9469345 | AJ69: =SUMPRODUCT(AI60:AI67,AJ60:AJ67)/SUM(AI60:AI67) -> 27.043395 | AK69: =SUMPRODUCT(AI60:AI67,AK60:AK67)/SUM(AI60:AI67) -> 0.035522652 | AL69: =SUMPRODUCT(AI60:AI67,AL60:AL67)/SUM(AI60:AI67) -> 0.95861106 | AN69: =SUMPRODUCT(AM60:AM67,AN60:AN67)/SUM(AM60:AM67) -> 26.496461 | AO69: =SUMPRODUCT(AM60:AM67,AO60:AO67)/SUM(AM60:AM67) -> 0.034804231 | AP69: =SUMPRODUCT(AM60:AM67,AP60:AP67)/SUM(AM60:AM67) -> 0.96053139 | AR69: =SUMPRODUCT(AQ60:AQ67,AR60:AR67)/SUM(AQ60:AQ67) -> 25.427397 | AS69: =SUMPRODUCT(AQ60:AQ67,AS60:AS67)/SUM(AQ60:AQ67) -> 0.03339997 | AT69: =SUMPRODUCT(AQ60:AQ67,AT60:AT67)/SUM(AQ60:AQ67) -> 0.96493973
B70: Average | D70: =SUMPRODUCT(C61:C68,D61:D68)/SUM(C61:C68) -> 32.583676 | E70: =SUMPRODUCT(C61:C68,E61:E68)/SUM(C61:C68) -> 0.042800047 | F70: =SUMPRODUCT(C61:C68,F61:F68)/SUM(C61:C68) -> 0.93238661 | H70: =SUMPRODUCT(G61:G68,H61:H68)/SUM(G61:G68) -> 26.522517 | I70: =SUMPRODUCT(G61:G68,I61:I68)/SUM(G61:G68) -> 0.034838457 | J70: =SUMPRODUCT(G61:G68,J61:J68)/SUM(G61:G68) -> 0.95658262 | L70: =SUMPRODUCT(K61:K68,L61:L68)/SUM(K61:K68) -> 23.930235 | M70: =SUMPRODUCT(K61:K68,M61:M68)/SUM(K61:K68) -> 0.031433383 | N70: =SUMPRODUCT(K61:K68,N61:N68)/SUM(K61:K68) -> 0.96288503 | P70: =SUMPRODUCT(O61:O68,P61:P68)/SUM(O61:O68) -> 23.514897 | Q70: =SUMPRODUCT(O61:O68,Q61:Q68)/SUM(O61:O68) -> 0.03088782 | R70: =SUMPRODUCT(O61:O68,R61:R68)/SUM(O61:O68) -> 0.96552397 | T70: =SUMPRODUCT(S61:S68,T61:T68)/SUM(S61:S68) -> 22.754247 | U70: =SUMPRODUCT(S61:S68,U61:U68)/SUM(S61:S68) -> 0.029888673 | V70: =SUMPRODUCT(S61:S68,V61:V68)/SUM(S61:S68) -> 0.96800342
C72: =SUM(C61:C68) -> 13140 | G72: =SUM(G61:G68) -> 11680 | K72: =SUM(K61:K68) -> 10220 | O72: =SUM(O61:O68) -> 8760 | S72: =SUM(S61:S68) -> 7300

Sheet Seagreen
B2: Transer Learning Methodology | Z2: Baseline
A4: Seagreen
A5: 1040
D7: 0.1 | H7: 0.2 | L7: 0.3 | P7: 0.4 | T7: 0.5 | AB7: 0.1 | AF7: 0.2 | AJ7: 0.3 | AN7: 0.4 | AR7: 0.5
B8: Clusters | C8: Test Points | D8: MAE | E8: As Capacity | F8: R-Squared | G8: Test Points | H8: MAE | I8: As Capacity | J8: R-Squared | K8: Test Points | L8: MAE | M8: As Capacity | N8: R-Squared | O8: Test Points | P8: MAE | Q8: As Capacity | R8: R-Squared | S8: Test Points | T8: MAE | U8: As Capacity | V8: R-Squared | Z8: Clusters | AA8: Test Points | AB8: MAE | AC8: As Capacity | AD8: R-Squared | AE8: Test Points | AF8: MAE | AG8: As Capacity | AH8: R-Squared | AI8: Test Points | AJ8: MAE | AK8: As Capacity | AL8: R-Squared | AM8: Test Points | AN8: MAE | AO8: As Capacity | AP8: R-Squared | AQ8: Test Points | AR8: MAE | AS8: As Capacity | AT8: R-Squared
B9: 0 | C9: =AVERAGE(C29,C44,C60) -> 2228.3333 | D9: =AVERAGE(D29,D44,D60) -> 47.666667 | E9: =AVERAGE(E29,E44,E60) -> 0.045833333 | F9: =AVERAGE(F29,F44,F60) -> 0.961 | G9: =AVERAGE(G29,G44,G60) -> 2016.6667 | H9: =AVERAGE(H29,H44,H60) -> 40.233333 | I9: =AVERAGE(I29,I44,I60) -> 0.038685897 | J9: =AVERAGE(J29,J44,J60) -> 0.96933333 | ... V9: =AVERAGE(V29,V44,V60) -> 0.97333333 | Z9: 0 | AA9: =AVERAGE(AA29,AA44,AA60) -> 2228.3333 | AB9: =AVERAGE(AB29,AB44,AB60) -> 61.833333 | AC9: =AVERAGE(AC29,AC44,AC60) -> 0.059455128 | AD9: =AVERAGE(AD29,AD44,AD60) -> 0.93866667 | AE9: =AVERAGE(AE29,AE44,AE60) -> 2016.6667 | AF9: =AVERAGE(AF29,AF44,AF60) -> 49.9 | AG9: =AVERAGE(AG29,AG44,AG60) -> 0.047980769 | AH9: =AVERAGE(AH29,AH44,AH60) -> 0.95566667 | ... AT9: =AVERAGE(AT29,AT44,AT60) -> 0.96733333
B10: 1 | C10: =AVERAGE(C30,C45,C61) -> 1855 | D10: =AVERAGE(D30,D45,D61) -> 35.3 | E10: =AVERAGE(E30,E45,E61) -> 0.033942308 | F10: =AVERAGE(F30,F45,F61) -> 0.958 | G10: =AVERAGE(G30,G45,G61) -> 1633.3333 | H10: =AVERAGE(H30,H45,H61) -> 32.466667 | I10: =AVERAGE(I30,I45,I61) -> 0.031217949 | J10: =AVERAGE(J30,J45,J61) -> 0.96566667 | ... V10: =AVERAGE(V30,V45,V61) -> 0.96866667 | Z10: 1 | AA10: =AVERAGE(AA30,AA45,AA61) -> 1855 | AB10: =AVERAGE(AB30,AB45,AB61) -> 44.366667 | AC10: =AVERAGE(AC30,AC45,AC61) -> 0.042660256 | AD10: =AVERAGE(AD30,AD45,AD61) -> 0.93633333 | AE10: =AVERAGE(AE30,AE45,AE61) -> 1633.3333 | AF10: =AVERAGE(AF30,AF45,AF61) -> 38.766667 | AG10: =AVERAGE(AG30,AG45,AG61) -> 0.037275641 | AH10: =AVERAGE(AH30,AH45,AH61) -> 0.95166667 | ... AT10: =AVERAGE(AT30,AT45,AT61) -> 0.96733333
B11: 2 | C11: =AVERAGE(C31,C46,C62) -> 1821.6667 | D11: =AVERAGE(D31,D46,D62) -> 39.533333 | E11: =AVERAGE(E31,E46,E62) -> 0.038012821 | F11: =AVERAGE(F31,F46,F62) -> 0.91366667 | G11: =AVERAGE(G31,G46,G62) -> 1551.6667 | H11: =AVERAGE(H31,H46,H62) -> 36.3 | I11: =AVERAGE(I31,I46,I62) -> 0.034903846 | J11: =AVERAGE(J31,J46,J62) -> 0.91733333 | ... V11: =AVERAGE(V31,V46,V62) -> 0.932 | Z11: 2 | AA11: =AVERAGE(AA31,AA46,AA62) -> 1821.6667 | AB11: =AVERAGE(AB31,AB46,AB62) -> 50.466667 | AC11: =AVERAGE(AC31,AC46,AC62) -> 0.048525641 | AD11: =AVERAGE(AD31,AD46,AD62) -> 0.85666667 | AE11: =AVERAGE(AE31,AE46,AE62) -> 1551.6667 | AF11: =AVERAGE(AF31,AF46,AF62) -> 39.8 | AG11: =AVERAGE(AG31,AG46,AG62) -> 0.038269231 | AH11: =AVERAGE(AH31,AH46,AH62) -> 0.91066667 | ... AT11: =AVERAGE(AT31,AT46,AT62) -> 0.922
B12: 3 | C12: =AVERAGE(C32,C47,C63) -> 1826.6667 | D12: =AVERAGE(D32,D47,D63) -> 49.833333 | E12: =AVERAGE(E32,E47,E63) -> 0.047916667 | F12: =AVERAGE(F32,F47,F63) -> 0.962 | G12: =AVERAGE(G32,G47,G63) -> 1623.3333 | H12: =AVERAGE(H32,H47,H63) -> 33.833333 | I12: =AVERAGE(I32,I47,I63) -> 0.032532051 | J12: =AVERAGE(J32,J47,J63) -> 0.979 | ... V12: =AVERAGE(V32,V47,V63) -> 0.979 | Z12: 3 | AA12: =AVERAGE(AA32,AA47,AA63) -> 1826.6667 | AB12: =AVERAGE(AB32,AB47,AB63) -> 52.933333 | AC12: =AVERAGE(AC32,AC47,AC63) -> 0.050897436 | AD12: =AVERAGE(AD32,AD47,AD63) -> 0.95833333 | AE12: =AVERAGE(AE32,AE47,AE63) -> 1623.3333 | AF12: =AVERAGE(AF32,AF47,AF63) -> 40.533333 | AG12: =AVERAGE(AG32,AG47,AG63) -> 0.038974359 | AH12: =AVERAGE(AH32,AH47,AH63) -> 0.97333333 | ... AT12: =AVERAGE(AT32,AT47,AT63) -> 0.976
B13: 4 | C13: =AVERAGE(C33,C48,C64) -> 1628.3333 | D13: =AVERAGE(D33,D48,D64) -> 46.1 | E13: =AVERAGE(E33,E48,E64) -> 0.044326923 | F13: =AVERAGE(F33,F48,F64) -> 0.962 | G13: =AVERAGE(G33,G48,G64) -> 1448.3333 | H13: =AVERAGE(H33,H48,H64) -> 33.433333 | I13: =AVERAGE(I33,I48,I64) -> 0.032147436 | J13: =AVERAGE(J33,J48,J64) -> 0.97833333 | ... V13: =AVERAGE(V33,V48,V64) -> 0.978 | Z13: 4 | AA13: =AVERAGE(AA33,AA48,AA64) -> 1628.3333 | AB13: =AVERAGE(AB33,AB48,AB64) -> 54.833333 | AC13: =AVERAGE(AC33,AC48,AC64) -> 0.052724359 | AD13: =AVERAGE(AD33,AD48,AD64) -> 0.94966667 | AE13: =AVERAGE(AE33,AE48,AE64) -> 1448.3333 | AF13: =AVERAGE(AF33,AF48,AF64) -> 41.866667 | AG13: =AVERAGE(AG33,AG48,AG64) -> 0.04025641 | AH13: =AVERAGE(AH33,AH48,AH64) -> 0.969 | ... AT13: =AVERAGE(AT33,AT48,AT64) -> 0.97333333
B14: 5 | C14: =AVERAGE(C34,C49,C65) -> 1295 | D14: =AVERAGE(D34,D49,D65) -> 46.433333 | E14: =AVERAGE(E34,E49,E65) -> 0.044647436 | F14: =AVERAGE(F34,F49,F65) -> 0.94566667 | G14: =AVERAGE(G34,G49,G65) -> 1176.6667 | H14: =AVERAGE(H34,H49,H65) -> 34.066667 | I14: =AVERAGE(I34,I49,I65) -> 0.03275641 | J14: =AVERAGE(J34,J49,J65) -> 0.96666667 | ... V14: =AVERAGE(V34,V49,V65) -> 0.97566667 | Z14: 5 | AA14: =AVERAGE(AA34,AA49,AA65) -> 1295 | AB14: =AVERAGE(AB34,AB49,AB65) -> 69.9 | AC14: =AVERAGE(AC34,AC49,AC65) -> 0.067211538 | AD14: =AVERAGE(AD34,AD49,AD65) -> 0.884 | AE14: =AVERAGE(AE34,AE49,AE65) -> 1176.6667 | AF14: =AVERAGE(AF34,AF49,AF65) -> 46.066667 | AG14: =AVERAGE(AG34,AG49,AG65) -> 0.044294872 | AH14: =AVERAGE(AH34,AH49,AH65) -> 0.946 | ... AT14: =AVERAGE(AT34,AT49,AT65) -> 0.97133333
B15: 6 | C15: =AVERAGE(C35,C50,C66) -> 1640 | D15: =AVERAGE(D35,D50,D66) -> 38.2 | E15: =AVERAGE(E35,E50,E66) -> 0.036730769 | F15: =AVERAGE(F35,F50,F66) -> 0.96133333 | G15: =AVERAGE(G35,G50,G66) -> 1446.6667 | H15: =AVERAGE(H35,H50,H66) -> 34.333333 | I15: =AVERAGE(I35,I50,I66) -> 0.033012821 | J15: =AVERAGE(J35,J50,J66) -> 0.96866667 | ... V15: =AVERAGE(V35,V50,V66) -> 0.97 | Z15: 6 | AA15: =AVERAGE(AA35,AA50,AA66) -> 1640 | AB15: =AVERAGE(AB35,AB50,AB66) -> 55.7 | AC15: =AVERAGE(AC35,AC50,AC66) -> 0.053557692 | AD15: =AVERAGE(AD35,AD50,AD66) -> 0.925 | AE15: =AVERAGE(AE35,AE50,AE66) -> 1446.6667 | AF15: =AVERAGE(AF35,AF50,AF66) -> 43.033333 | AG15: =AVERAGE(AG35,AG50,AG66) -> 0.041378205 | AH15: =AVERAGE(AH35,AH50,AH66) -> 0.954 | ... AT15: =AVERAGE(AT35,AT50,AT66) -> 0.96433333
B16: 7 | C16: =AVERAGE(C36,C51,C67) -> 835 | D16: =AVERAGE(D36,D51,D67) -> 59 | E16: =AVERAGE(E36,E51,E67) -> 0.056730769 | F16: =AVERAGE(F36,F51,F67) -> 0.84766667 | G16: =AVERAGE(G36,G51,G67) -> 773.33333 | H16: =AVERAGE(H36,H51,H67) -> 55.866667 | I16: =AVERAGE(I36,I51,I67) -> 0.053717949 | J16: =AVERAGE(J36,J51,J67) -> 0.91433333 | ... V16: =AVERAGE(V36,V51,V67) -> 0.95966667 | Z16: 7 | AA16: =AVERAGE(AA36,AA51,AA67) -> 835 | AB16: =AVERAGE(AB36,AB51,AB67) -> 73.633333 | AC16: =AVERAGE(AC36,AC51,AC67) -> 0.070801282 | AD16: =AVERAGE(AD36,AD51,AD67) -> 0.806 | AE16: =AVERAGE(AE36,AE51,AE67) -> 773.33333 | AF16: =AVERAGE(AF36,AF51,AF67) -> 64.266667 | AG16: =AVERAGE(AG36,AG51,AG67) -> 0.061794872 | AH16: =AVERAGE(AH36,AH51,AH67) -> 0.891 | ... AT16: =AVERAGE(AT36,AT51,AT67) -> 0.941
B18: Average | D18: =AVERAGE(D38,D53,D69) -> 43.422595 | E18: =AVERAGE(E38,E53,E69) -> 0.041752495 | F18: =AVERAGE(F38,F53,F69) -> 0.95000089 | H18: =AVERAGE(H38,H53,H69) -> 36.667766 | I18: =AVERAGE(I38,I53,I69) -> 0.035257468 | J18: =AVERAGE(J38,J53,J69) -> 0.96232705 | L18: =AVERAGE(L38,L53,L69) -> 33.771792 | M18: =AVERAGE(M38,M53,M69) -> 0.032472877 | N18: =AVERAGE(N38,N53,N69) -> 0.96814414 | P18: =AVERAGE(P38,P53,P69) -> 32.944698 | Q18: =AVERAGE(Q38,Q53,Q69) -> 0.031677594 | R18: =AVERAGE(R38,R53,R69) -> 0.96987036 | T18: =AVERAGE(T38,T53,T69) -> 32.556843 | U18: =AVERAGE(U38,U53,U69) -> 0.031304656 | V18: =AVERAGE(V38,V53,V69) -> 0.96920082 | Z18: Average | AB18: =AVERAGE(AB38,AB53,AB69) -> 55.033156 | AC18: =AVERAGE(AC38,AC53,AC69) -> 0.052916496 | AD18: =AVERAGE(AD38,AD53,AD69) -> 0.92251929 | AF18: =AVERAGE(AF38,AF53,AF69) -> 44.070123 | AG18: =AVERAGE(AG38,AG53,AG69) -> 0.042375118 | AH18: =AVERAGE(AH38,AH53,AH69) -> 0.95125179 | AJ18: =AVERAGE(AJ38,AJ53,AJ69) -> 39.38557 | AK18: =AVERAGE(AK38,AK53,AK69) -> 0.03787074 | AL18: =AVERAGE(AL38,AL53,AL69) -> 0.95972609 | AN18: =AVERAGE(AN38,AN53,AN69) -> 37.596973 | AO18: =AVERAGE(AO38,AO53,AO69) -> 0.036150936 | AP18: =AVERAGE(AP38,AP53,AP69) -> 0.96341005 | AR18: =AVERAGE(AR38,AR53,AR69) -> 36.422527 | AS18: =AVERAGE(AS38,AS53,AS69) -> 0.03502166 | AT18: =AVERAGE(AT38,AT53,AT69) -> 0.96384784
D20: =(D18-AB18)/AB18 -> -0.21097393 | H20: =(H18-AF18)/AF18 -> -0.16796768 | L20: =(L18-AJ18)/AJ18 -> -0.14253386 | P20: =(P18-AN18)/AN18 -> -0.12374068 | T20: =(T18-AR18)/AR18 -> -0.10613443
A27: Seed - 42 | D27: 0.1 | H27: 0.2 | L27: 0.3 | P27: 0.4 | T27: 0.5 | Y27: Seed - 42 | AB27: 0.1 | AF27: 0.2 | AJ27: 0.3 | AN27: 0.4 | AR27: 0.5
B28: Clusters | C28: Test Points | D28: MAE | E28: As Capacity | F28: R-Squared | G28: Test Points | H28: MAE | I28: As Capacity | J28: R-Squared | K28: Test Points | L28: MAE | M28: As Capacity | N28: R-Squared | O28: Test Points | P28: MAE | Q28: As Capacity | R28: R-Squared | S28: Test Points | T28: MAE | U28: As Capacity | V28: R-Squared | Z28: Clusters | AA28: Test Points | AB28: MAE | AC28: As Capacity | AD28: R-Squared | AE28: Test Points | AF28: MAE | AG28: As Capacity | AH28: R-Squared | AI28: Test Points | AJ28: MAE | AK28: As Capacity | AL28: R-Squared | AM28: Test Points | AN28: MAE | AO28: As Capacity | AP28: R-Squared | AQ28: Test Points | AR28: MAE | AS28: As Capacity | AT28: R-Squared
B29: 0 | C29: 1890 | D29: 49 | E29: =D29/$A$5 -> 0.047115385 | F29: 0.953 | G29: 1725 | H29: 38.6 | I29: =H29/$A$5 -> 0.037115385 | J29: 0.964 | K29: 1495 | L29: 31.9 | M29: =L29/$A$5 -> 0.030673077 | N29: 0.973 | O29: 1255 | P29: 34.9 | Q29: =P29/$A$5 -> 0.033557692 | R29: 0.968 | S29: 1035 | T29: 33.2 | U29: =T29/$A$5 -> 0.031923077 | V29: 0.969 | Z29: 0 | AA29: 1890 | AB29: 62 | AC29: =AB29/$A$5 -> 0.059615385 | AD29: 0.926 | AE29: 1725 | AF29: 49.2 | AG29: =AF29/$A$5 -> 0.047307692 | AH29: 0.946 | AI29: 1495 | AJ29: 39.8 | AK29: =AJ29/$A$5 -> 0.038269231 | AL29: 0.958 | AM29: 1255 | AN29: 40.5 | AO29: =AN29/$A$5 -> 0.038942308 | AP29: 0.958 | AQ29: 1035 | AR29: 37.6 | AS29: =AR29/$A$5 -> 0.036153846 | AT29: 0.962
B30: 1 | C30: 2805 | D30: 33.6 | E30: =D30/$A$5 -> 0.032307692 | F30: 0.978 | G30: 2485 | H30: 34.4 | I30: =H30/$A$5 -> 0.033076923 | J30: 0.977 | K30: 2170 | L30: 35.1 | M30: =L30/$A$5 -> 0.03375 | N30: 0.976 | O30: 1840 | P30: 33.7 | Q30: =P30/$A$5 -> 0.032403846 | R30: 0.977 | S30: 1555 | T30: 33.6 | U30: =T30/$A$5 -> 0.032307692 | V30: 0.976 | Z30: 1 | AA30: 2805 | AB30: 39.3 | AC30: =AB30/$A$5 -> 0.037788462 | AD30: 0.973 | AE30: 2485 | AF30: 38.9 | AG30: =AF30/$A$5 -> 0.037403846 | AH30: 0.974 | AI30: 2170 | AJ30: 37.8 | AK30: =AJ30/$A$5 -> 0.036346154 | AL30: 0.973 | AM30: 1840 | AN30: 37.2 | AO30: =AN30/$A$5 -> 0.035769231 | AP30: 0.974 | AQ30: 1555 | AR30: 35.4 | AS30: =AR30/$A$5 -> 0.034038462 | AT30: 0.976
B31: 2 | C31: 2135 | D31: 48 | E31: =D31/$A$5 -> 0.046153846 | F31: 0.963 | G31: 1820 | H31: 43.1 | I31: =H31/$A$5 -> 0.041442308 | J31: 0.969 | K31: 1590 | L31: 36.8 | M31: =L31/$A$5 -> 0.035384615 | N31: 0.977 | O31: 1365 | P31: 38.8 | Q31: =P31/$A$5 -> 0.037307692 | R31: 0.975 | S31: 1165 | T31: 39.6 | U31: =T31/$A$5 -> 0.038076923 | V31: 0.975 | Z31: 2 | AA31: 2135 | AB31: 56.4 | AC31: =AB31/$A$5 -> 0.054230769 | AD31: 0.952 | AE31: 1820 | AF31: 48.1 | AG31: =AF31/$A$5 -> 0.04625 | AH31: 0.964 | AI31: 1590 | AJ31: 42.8 | AK31: =AJ31/$A$5 -> 0.041153846 | AL31: 0.971 | AM31: 1365 | AN31: 43.4 | AO31: =AN31/$A$5 -> 0.041730769 | AP31: 0.969 | AQ31: 1165 | AR31: 43.2 | AS31: =AR31/$A$5 -> 0.041538462 | AT31: 0.97
B32: 3 | C32: 1445 | D32: 60.7 | E32: =D32/$A$5 -> 0.058365385 | F32: 0.95 | G32: 1285 | H32: 33.1 | I32: =H32/$A$5 -> 0.031826923 | J32: 0.98 | K32: 1115 | L32: 30.4 | M32: =L32/$A$5 -> 0.029230769 | N32: 0.983 | O32: 925 | P32: 30.6 | Q32: =P32/$A$5 -> 0.029423077 | R32: 0.983 | S32: 750 | T32: 32.9 | U32: =T32/$A$5 -> 0.031634615 | V32: 0.98 | Z32: 3 | AA32: 1445 | AB32: 51.1 | AC32: =AB32/$A$5 -> 0.049134615 | AD32: 0.963 | AE32: 1285 | AF32: 36.4 | AG32: =AF32/$A$5 -> 0.035 | AH32: 0.978 | AI32: 1115 | AJ32: 33.9 | AK32: =AJ32/$A$5 -> 0.032596154 | AL32: 0.98 | AM32: 925 | AN32: 34.7 | AO32: =AN32/$A$5 -> 0.033365385 | AP32: 0.979 | AQ32: 750 | AR32: 36.7 | AS32: =AR32/$A$5 -> 0.035288462 | AT32: 0.977
B33: 4 | C33: 1375 | D33: 50.2 | E33: =D33/$A$5 -> 0.048269231 | F33: 0.955 | G33: 1250 | H33: 31.8 | I33: =H33/$A$5 -> 0.030576923 | J33: 0.981 | K33: 1090 | L33: 30.7 | M33: =L33/$A$5 -> 0.029519231 | N33: 0.982 | O33: 970 | P33: 30.8 | Q33: =P33/$A$5 -> 0.029615385 | R33: 0.982 | S33: 770 | T33: 34.5 | U33: =T33/$A$5 -> 0.033173077 | V33: 0.976 | Z33: 4 | AA33: 1375 | AB33: 61.8 | AC33: =AB33/$A$5 -> 0.059423077 | AD33: 0.939 | AE33: 1250 | AF33: 44.3 | AG33: =AF33/$A$5 -> 0.042596154 | AH33: 0.966 | AI33: 1090 | AJ33: 37.4 | AK33: =AJ33/$A$5 -> 0.035961538 | AL33: 0.975 | AM33: 970 | AN33: 37.5 | AO33: =AN33/$A$5 -> 0.036057692 | AP33: 0.976 | AQ33: 770 | AR33: 40.4 | AS33: =AR33/$A$5 -> 0.038846154 | AT33: 0.969
B34: 5 | C34: 1420 | D34: 29.5 | E34: =D34/$A$5 -> 0.028365385 | F34: 0.944 | G34: 1305 | H34: 29.9 | I34: =H34/$A$5 -> 0.02875 | J34: 0.947 | K34: 1155 | L34: 24 | M34: =L34/$A$5 -> 0.023076923 | N34: 0.963 | O34: 1005 | P34: 24.3 | Q34: =P34/$A$5 -> 0.023365385 | R34: 0.962 | S34: 855 | T34: 23.7 | U34: =T34/$A$5 -> 0.022788462 | V34: 0.96 | Z34: 5 | AA34: 1420 | AB34: 45.1 | AC34: =AB34/$A$5 -> 0.043365385 | AD34: 0.866 | AE34: 1305 | AF34: 34.4 | AG34: =AF34/$A$5 -> 0.033076923 | AH34: 0.925 | AI34: 1155 | AJ34: 28.5 | AK34: =AJ34/$A$5 -> 0.027403846 | AL34: 0.954 | AM34: 1005 | AN34: 26.8 | AO34: =AN34/$A$5 -> 0.025769231 | AP34: 0.956 | AQ34: 855 | AR34: 26.1 | AS34: =AR34/$A$5 -> 0.025096154 | AT34: 0.956
B35: 6 | C35: 1445 | D35: 36.8 | E35: =D35/$A$5 -> 0.035384615 | F35: 0.973 | G35: 1235 | H35: 36.3 | I35: =H35/$A$5 -> 0.034903846 | J35: 0.973 | K35: 1120 | L35: 35.6 | M35: =L35/$A$5 -> 0.034230769 | N35: 0.974 | O35: 1005 | P35: 34 | Q35: =P35/$A$5 -> 0.032692308 | R35: 0.976 | S35: 825 | T35: 34.3 | U35: =T35/$A$5 -> 0.032980769 | V35: 0.975 | Z35: 6 | AA35: 1445 | AB35: 64.7 | AC35: =AB35/$A$5 -> 0.062211538 | AD35: 0.929 | AE35: 1235 | AF35: 45.1 | AG35: =AF35/$A$5 -> 0.043365385 | AH35: 0.962 | AI35: 1120 | AJ35: 44.3 | AK35: =AJ35/$A$5 -> 0.042596154 | AL35: 0.964 | AM35: 1005 | AN35: 40.3 | AO35: =AN35/$A$5 -> 0.03875 | AP35: 0.97 | AQ35: 825 | AR35: 39.2 | AS35: =AR35/$A$5 -> 0.037692308 | AT35: 0.969
B36: 7 | C36: 615 | D36: 71 | E36: =D36/$A$5 -> 0.068269231 | F36: 0.686 | G36: 565 | H36: 42.3 | I36: =H36/$A$5 -> 0.040673077 | J36: 0.896 | K36: 475 | L36: 32.3 | M36: =L36/$A$5 -> 0.031057692 | N36: 0.929 | O36: 390 | P36: 28.3 | Q36: =P36/$A$5 -> 0.027211538 | R36: 0.944 | S36: 340 | T36: 31.1 | U36: =T36/$A$5 -> 0.029903846 | V36: 0.935 | Z36: 7 | AA36: 615 | AB36: 82.8 | AC36: =AB36/$A$5 -> 0.079615385 | AD36: 0.621 | AE36: 565 | AF36: 48.5 | AG36: =AF36/$A$5 -> 0.046634615 | AH36: 0.863 | AI36: 475 | AJ36: 39.8 | AK36: =AJ36/$A$5 -> 0.038269231 | AL36: 0.893 | AM36: 390 | AN36: 36.2 | AO36: =AN36/$A$5 -> 0.034807692 | AP36: 0.914 | AQ36: 340 | AR36: 40.2 | AS36: =AR36/$A$5 -> 0.038653846 | AT36: 0.895
B38: Average | D38: =SUMPRODUCT(C29:C36,D29:D36)/SUM(C29:C36) -> 44.539642 | E38: =SUMPRODUCT(C29:C36,E29:E36)/SUM(C29:C36) -> 0.042826579 | F38: =SUMPRODUCT(C29:C36,F29:F36)/SUM(C29:C36) -> 0.94856778 | H38: =SUMPRODUCT(G29:G36,H29:H36)/SUM(G29:G36) -> 36.036332 | I38: =SUMPRODUCT(G29:G36,I29:I36)/SUM(G29:G36) -> 0.03465032 | J38: =SUMPRODUCT(G29:G36,J29:J36)/SUM(G29:G36) -> 0.96688989 | L38: =SUMPRODUCT(K29:K36,L29:L36)/SUM(K29:K36) -> 32.582076 | M38: =SUMPRODUCT(K29:K36,M29:M36)/SUM(K29:K36) -> 0.03132892 | N38: =SUMPRODUCT(K29:K36,N29:N36)/SUM(K29:K36) -> 0.97324486 | P38: =SUMPRODUCT(O29:O36,P29:P36)/SUM(O29:O36) -> 32.733181 | Q38: =SUMPRODUCT(O29:O36,Q29:Q36)/SUM(O29:O36) -> 0.031474213 | R38: =SUMPRODUCT(O29:O36,R29:R36)/SUM(O29:O36) -> 0.97327927 | T38: =SUMPRODUCT(S29:S36,T29:T36)/SUM(S29:S36) -> 33.326799 | U38: =SUMPRODUCT(S29:S36,U29:U36)/SUM(S29:S36) -> 0.032044999 | V38: =SUMPRODUCT(S29:S36,V29:V36)/SUM(S29:S36) -> 0.97135915 | Z38: Average | AB38: =SUMPRODUCT(AA29:AA36,AB29:AB36)/SUM(AA29:AA36) -> 54.4631 | AC38: =SUMPRODUCT(AA29:AA36,AC29:AC36)/SUM(AA29:AA36) -> 0.052368365 | AD38: =SUMPRODUCT(AA29:AA36,AD29:AD36)/SUM(AA29:AA36) -> 0.92525704 | AF38: =SUMPRODUCT(AE29:AE36,AF29:AF36)/SUM(AE29:AE36) -> 42.778106 | AG38: =SUMPRODUCT(AE29:AE36,AG29:AG36)/SUM(AE29:AE36) -> 0.041132794 | AH38: =SUMPRODUCT(AE29:AE36,AH29:AH36)/SUM(AE29:AE36) -> 0.95576178 | AJ38: =SUMPRODUCT(AI29:AI36,AJ29:AJ36)/SUM(AI29:AI36) -> 38.156905 | AK38: =SUMPRODUCT(AI29:AI36,AK29:AK36)/SUM(AI29:AI36) -> 0.036689332 | AL38: =SUMPRODUCT(AI29:AI36,AL29:AL36)/SUM(AI29:AI36) -> 0.96461166 | AN38: =SUMPRODUCT(AM29:AM36,AN29:AN36)/SUM(AM29:AM36) -> 37.526271 | AO38: =SUMPRODUCT(AM29:AM36,AO29:AO36)/SUM(AM29:AM36) -> 0.036082953 | AP38: =SUMPRODUCT(AM29:AM36,AP29:AP36)/SUM(AM29:AM36) -> 0.96647858 | AR38: =SUMPRODUCT(AQ29:AQ36,AR29:AR36)/SUM(AQ29:AQ36) -> 37.182659 | AS38: =SUMPRODUCT(AQ29:AQ36,AS29:AS36)/SUM(AQ29:AQ36) -> 0.035752557 | AT38: =SUMPRODUCT(AQ29:AQ36,AT29:AT36)/SUM(AQ29:AQ36) -> 0.96550857
E39: 5.36 | I39: 4.05 | M39: 3.92 | Q39: 3.67 | U39: 3.49
C40: =SUM(C29:C36) -> 13130 | G40: =SUM(G29:G36) -> 11670 | K40: =SUM(K29:K36) -> 10210 | O40: =SUM(O29:O36) -> 8755 | S40: =SUM(S29:S36) -> 7295
A42: Seed - 63 | D42: 0.1 | H42: 0.2 | L42: 0.3 | P42: 0.4 | T42: 0.5 | Y42: Seed - 63 | AB42: 0.1 | AF42: 0.2 | AJ42: 0.3 | AN42: 0.4 | AR42: 0.5
B43: Clusters | C43: Test Points | D43: MAE | E43: As Capacity | F43: R-Squared | G43: Test Points | H43: MAE | I43: As Capacity | J43: R-Squared | K43: Test Points | L43: MAE | M43: As Capacity | N43: R-Squared | O43: Test Points | P43: MAE | Q43: As Capacity | R43: R-Squared | S43: Test Points | T43: MAE | U43: As Capacity | V43: R-Squared | Z43: Clusters | AB43: MAE | AC43: As Capacity | AD43: R-Squared | AE43: Test Points | AF43: MAE | AG43: As Capacity | AH43: R-Squared | AI43: Test Points | AJ43: MAE | AK43: As Capacity | AL43: R-Squared | AM43: Test Points | AN43: MAE | AO43: As Capacity | AP43: R-Squared | AQ43: Test Points | AR43: MAE | AS43: As Capacity | AT43: R-Squared
B44: 0 | C44: 2880 | D44: 42.4 | E44: =D44/$A$5 -> 0.040769231 | F44: 0.97 | G44: 2605 | H44: 37.6 | I44: =H44/$A$5 -> 0.036153846 | J44: 0.975 | K44: 2240 | L44: 39.1 | M44: =L44/$A$5 -> 0.037596154 | N44: 0.973 | O44: 1975 | P44: 39.6 | Q44: =P44/$A$5 -> 0.038076923 | R44: 0.971 | S44: 1610 | T44: 37.5 | U44: =T44/$A$5 -> 0.036057692 | V44: 0.975 | Z44: 0 | AA44: 2880 | AB44: 48.3 | AC44: =AB44/$A$5 -> 0.046442308 | AD44: 0.964 | AE44: 2605 | AF44: 41.9 | AG44: =AF44/$A$5 -> 0.040288462 | AH44: 0.971 | AI44: 2240 | AJ44: 46.1 | AK44: =AJ44/$A$5 -> 0.044326923 | AL44: 0.965 | AM44: 1975 | AN44: 43.9 | AO44: =AN44/$A$5 -> 0.042211538 | AP44: 0.966 | AQ44: 1610 | AR44: 41.8 | AS44: =AR44/$A$5 -> 0.040192308 | AT44: 0.97
B45: 1 | C45: 1685 | D45: 35.9 | E45: =D45/$A$5 -> 0.034519231 | F45: 0.978 | G45: 1450 | H45: 30.8 | I45: =H45/$A$5 -> 0.029615385 | J45: 0.984 | K45: 1260 | L45: 27.2 | M45: =L45/$A$5 -> 0.026153846 | N45: 0.986 | O45: 1100 | P45: 28.4 | Q45: =P45/$A$5 -> 0.027307692 | R45: 0.984 | S45: 910 | T45: 27.6 | U45: =T45/$A$5 -> 0.026538462 | V45: 0.985 | Z45: 1 | AA45: 1685 | AB45: 46.2 | AC45: =AB45/$A$5 -> 0.044423077 | AD45: 0.969 | AE45: 1450 | AF45: 36.7 | AG45: =AF45/$A$5 -> 0.035288462 | AH45: 0.979 | AI45: 1260 | AJ45: 31.8 | AK45: =AJ45/$A$5 -> 0.030576923 | AL45: 0.982 | AM45: 1100 | AN45: 31.1 | AO45: =AN45/$A$5 -> 0.029903846 | AP45: 0.982 | AQ45: 910 | AR45: 28.2 | AS45: =AR45/$A$5 -> 0.027115385 | AT45: 0.984
B46: 2 | C46: 1930 | D46: 31.1 | E46: =D46/$A$5 -> 0.029903846 | F46: 0.886 | G46: 1640 | H46: 28.4 | I46: =H46/$A$5 -> 0.027307692 | J46: 0.89 | K46: 1425 | L46: 27.6 | M46: =L46/$A$5 -> 0.026538462 | N46: 0.906 | O46: 1190 | P46: 27.3 | Q46: =P46/$A$5 -> 0.02625 | R46: 0.921 | S46: 980 | T46: 27.3 | U46: =T46/$A$5 -> 0.02625 | V46: 0.91 | Z46: 2 | AA46: 1930 | AB46: 44.3 | AC46: =AB46/$A$5 -> 0.042596154 | AD46: 0.767 | AE46: 1640 | AF46: 28.8 | AG46: =AF46/$A$5 -> 0.027692308 | AH46: 0.896 | AI46: 1425 | AJ46: 28.6 | AK46: =AJ46/$A$5 -> 0.0275 | AL46: 0.906 | AM46: 1190 | AN46: 28.4 | AO46: =AN46/$A$5 -> 0.027307692 | AP46: 0.917 | AQ46: 980 | AR46: 27.8 | AS46: =AR46/$A$5 -> 0.026730769 | AT46: 0.911
B47: 3 | C47: 2290 | D47: 39.8 | E47: =D47/$A$5 -> 0.038269231 | F47: 0.976 | G47: 2065 | H47: 37 | I47: =H47/$A$5 -> 0.035576923 | J47: 0.976 | K47: 1835 | L47: 31.8 | M47: =L47/$A$5 -> 0.030576923 | N47: 0.982 | O47: 1525 | P47: 33.1 | Q47: =P47/$A$5 -> 0.031826923 | R47: 0.981 | S47: 1290 | T47: 32.1 | U47: =T47/$A$5 -> 0.030865385 | V47: 0.981 | Z47: 3 | AA47: 2290 | AB47: 48.8 | AC47: =AB47/$A$5 -> 0.046923077 | AD47: 0.964 | AE47: 2065 | AF47: 45 | AG47: =AF47/$A$5 -> 0.043269231 | AH47: 0.968 | AI47: 1835 | AJ47: 35.4 | AK47: =AJ47/$A$5 -> 0.034038462 | AL47: 0.979 | AM47: 1525 | AN47: 38.1 | AO47: =AN47/$A$5 -> 0.036634615 | AP47: 0.977 | AQ47: 1290 | AR47: 39 | AS47: =AR47/$A$5 -> 0.0375 | AT47: 0.976
B48: 4 | C48: 1345 | D48: 48 | E48: =D48/$A$5 -> 0.046153846 | F48: 0.966 | G48: 1165 | H48: 32.6 | I48: =H48/$A$5 -> 0.031346154 | J48: 0.981 | K48: 1000 | L48: 31.9 | M48: =L48/$A$5 -> 0.030673077 | N48: 0.98 | O48: 860 | P48: 28.8 | Q48: =P48/$A$5 -> 0.027692308 | R48: 0.984 | S48: 720 | T48: 28.6 | U48: =T48/$A$5 -> 0.0275 | V48: 0.984 | Z48: 4 | AA48: 1345 | AB48: 56.2 | AC48: =AB48/$A$5 -> 0.054038462 | AD48: 0.953 | AE48: 1165 | AF48: 40.1 | AG48: =AF48/$A$5 -> 0.038557692 | AH48: 0.974 | AI48: 1000 | AJ48: 38.4 | AK48: =AJ48/$A$5 -> 0.036923077 | AL48: 0.976 | AM48: 860 | AN48: 32.8 | AO48: =AN48/$A$5 -> 0.031538462 | AP48: 0.981 | AQ48: 720 | AR48: 31.8 | AS48: =AR48/$A$5 -> 0.030576923 | AT48: 0.982
B49: 5 | C49: 1015 | D49: 63.6 | E49: =D49/$A$5 -> 0.061153846 | F49: 0.926 | G49: 940 | H49: 34.9 | I49: =H49/$A$5 -> 0.033557692 | J49: 0.977 | K49: 830 | L49: 35.5 | M49: =L49/$A$5 -> 0.034134615 | N49: 0.977 | O49: 695 | P49: 28.8 | Q49: =P49/$A$5 -> 0.027692308 | R49: 0.982 | S49: 580 | T49: 28.4 | U49: =T49/$A$5 -> 0.027307692 | V49: 0.98 | Z49: 5 | AA49: 1015 | AB49: 91.9 | AC49: =AB49/$A$5 -> 0.088365385 | AD49: 0.854 | AE49: 940 | AF49: 56.8 | AG49: =AF49/$A$5 -> 0.054615385 | AH49: 0.947 | AI49: 830 | AJ49: 47.1 | AK49: =AJ49/$A$5 -> 0.045288462 | AL49: 0.962 | AM49: 695 | AN49: 34.3 | AO49: =AN49/$A$5 -> 0.032980769 | AP49: 0.976 | AQ49: 580 | AR49: 31.4 | AS49: =AR49/$A$5 -> 0.030192308 | AT49: 0.977
B50: 6 | C50: 860 | D50: 42.3 | E50: =D50/$A$5 -> 0.040673077 | F50: 0.935 | G50: 770 | H50: 33.5 | I50: =H50/$A$5 -> 0.032211538 | J50: 0.954 | K50: 725 | L50: 34.2 | M50: =L50/$A$5 -> 0.032884615 | N50: 0.948 | O50: 635 | P50: 33.7 | Q50: =P50/$A$5 -> 0.032403846 | R50: 0.95 | S50: 555 | T50: 31.8 | U50: =T50/$A$5 -> 0.030576923 | V50: 0.953 | Z50: 6 | AA50: 860 | AB50: 60.3 | AC50: =AB50/$A$5 -> 0.057980769 | AD50: 0.877 | AE50: 770 | AF50: 45.2 | AG50: =AF50/$A$5 -> 0.043461538 | AH50: 0.927 | AI50: 725 | AJ50: 43.3 | AK50: =AJ50/$A$5 -> 0.041634615 | AL50: 0.925 | AM50: 635 | AN50: 37.8 | AO50: =AN50/$A$5 -> 0.036346154 | AP50: 0.94 | AQ50: 555 | AR50: 36.4 | AS50: =AR50/$A$5 -> 0.035 | AT50: 0.944
B51: 7 | C51: 1125 | D51: 55.2 | E51: =D51/$A$5 -> 0.053076923 | F51: 0.896 | G51: 1035 | H51: 50.5 | I51: =H51/$A$5 -> 0.048557692 | J51: 0.933 | K51: 895 | L51: 42 | M51: =L51/$A$5 -> 0.040384615 | N51: 0.95 | O51: 775 | P51: 37.3 | Q51: =P51/$A$5 -> 0.035865385 | R51: 0.961 | S51: 650 | T51: 37.6 | U51: =T51/$A$5 -> 0.036153846 | V51: 0.96 | Z51: 7 | AA51: 1125 | AB51: 74.9 | AC51: =AB51/$A$5 -> 0.072019231 | AD51: 0.852 | AE51: 1035 | AF51: 63.1 | AG51: =AF51/$A$5 -> 0.060673077 | AH51: 0.901 | AI51: 895 | AJ51: 50.9 | AK51: =AJ51/$A$5 -> 0.048942308 | AL51: 0.925 | AM51: 775 | AN51: 42.9 | AO51: =AN51/$A$5 -> 0.04125 | AP51: 0.95 | AQ51: 650 | AR51: 42.6 | AS51: =AR51/$A$5 -> 0.040961538 | AT51: 0.949
B53: Average | D53: =SUMPRODUCT(C44:C51,D44:D51)/SUM(C44:C51) -> 42.754037 | E53: =SUMPRODUCT(C44:C51,E44:E51)/SUM(C44:C51) -> 0.041109651 | F53: =SUMPRODUCT(C44:C51,F44:F51)/SUM(C44:C51) -> 0.9472818 | H53: =SUMPRODUCT(G44:G51,H44:H51)/SUM(G44:G51) -> 35.512982 | I53: =SUMPRODUCT(G44:G51,I44:I51)/SUM(G44:G51) -> 0.034147098 | J53: =SUMPRODUCT(G44:G51,J44:J51)/SUM(G44:G51) -> 0.95999957 | L53: =SUMPRODUCT(K44:K51,L44:L51)/SUM(K44:K51) -> 33.622821 | M53: =SUMPRODUCT(K44:K51,M44:M51)/SUM(K44:K51) -> 0.032329635 | N53: =SUMPRODUCT(K44:K51,N44:N51)/SUM(K44:K51) -> 0.96409011 | P53: =SUMPRODUCT(O44:O51,P44:P51)/SUM(O44:O51) -> 32.839006 | Q53: =SUMPRODUCT(O44:O51,Q44:Q51)/SUM(O44:O51) -> 0.031575968 | R53: =SUMPRODUCT(O44:O51,R44:R51)/SUM(O44:O51) -> 0.96732096 | T53: =SUMPRODUCT(S44:S51,T44:T51)/SUM(S44:S51) -> 31.913228 | U53: =SUMPRODUCT(S44:S51,U44:U51)/SUM(S44:S51) -> 0.030685796 | V53: =SUMPRODUCT(S44:S51,V44:V51)/SUM(S44:S51) -> 0.96685195 | Z53: Average | AB53: =SUMPRODUCT(AA44:AA51,AB44:AB51)/SUM(AA44:AA51) -> 54.774562 | AC53: =SUMPRODUCT(AA44:AA51,AC44:AC51)/SUM(AA44:AA51) -> 0.052667848 | AD53: =SUMPRODUCT(AA44:AA51,AD44:AD51)/SUM(AA44:AA51) -> 0.91075933 | AF53: =SUMPRODUCT(AE44:AE51,AF44:AF51)/SUM(AE44:AE51) -> 43.079906 | AG53: =SUMPRODUCT(AE44:AE51,AG44:AG51)/SUM(AE44:AE51) -> 0.041422986 | AH53: =SUMPRODUCT(AE44:AE51,AH44:AH51)/SUM(AE44:AE51) -> 0.95017823 | AJ53: =SUMPRODUCT(AI44:AI51,AJ44:AJ51)/SUM(AI44:AI51) -> 39.518805 | AK53: =SUMPRODUCT(AI44:AI51,AK44:AK51)/SUM(AI44:AI51) -> 0.037998851 | AL53: =SUMPRODUCT(AI44:AI51,AL44:AL51)/SUM(AI44:AI51) -> 0.95586631 | AN53: =SUMPRODUCT(AM44:AM51,AN44:AN51)/SUM(AM44:AM51) -> 36.791319 | AO53: =SUMPRODUCT(AM44:AM51,AO44:AO51)/SUM(AM44:AM51) -> 0.035376269 | AP53: =SUMPRODUCT(AM44:AM51,AP44:AP51)/SUM(AM44:AM51) -> 0.9622313 | AR53: =SUMPRODUCT(AQ44:AQ51,AR44:AR51)/SUM(AQ44:AQ51) -> 35.574229 | AS53: =SUMPRODUCT(AQ44:AQ51,AS44:AS51)/SUM(AQ44:AQ51) -> 0.034205989 | AT53: =SUMPRODUCT(AQ44:AQ51,AT44:AT51)/SUM(AQ44:AQ51) -> 0.96277313
E54: 5.37 | I54: 4.22 | M54: 3.9 | Q54: 3.68 | U54: 3.66
C55: =SUM(C44:C51) -> 13130 | G55: =SUM(G44:G51) -> 11670 | K55: =SUM(K44:K51) -> 10210 | O55: =SUM(O44:O51) -> 8755 | S55: =SUM(S44:S51) -> 7295
A58: Seed - 84 | D58: 0.1 | H58: 0.2 | L58: 0.3 | P58: 0.4 | T58: 0.5 | Y58: Seed - 84 | AB58: 0.1 | AF58: 0.2 | AJ58: 0.3 | AN58: 0.4 | AR58: 0.5
B59: Clusters | C59: Test Points | D59: MAE | E59: As Capacity | F59: R-Squared | G59: Test Points | H59: MAE | I59: As Capacity | J59: R-Squared | K59: Test Points | L59: MAE | M59: As Capacity | N59: R-Squared | O59: Test Points | P59: MAE | Q59: As Capacity | R59: R-Squared | S59: Test Points | T59: MAE | U59: As Capacity | V59: R-Squared | Z59: Clusters | AB59: MAE | AC59: As Capacity | AD59: R-Squared | AE59: Test Points | AF59: MAE | AG59: As Capacity | AH59: R-Squared | AI59: Test Points | AJ59: MAE | AK59: As Capacity | AL59: R-Squared | AM59: Test Points | AN59: MAE | AO59: As Capacity | AP59: R-Squared | AQ59: Test Points | AR59: MAE | AS59: As Capacity | AT59: R-Squared
B60: 0 | C60: 1915 | D60: 51.6 | E60: =D60/$A$5 -> 0.049615385 | F60: 0.96 | G60: 1720 | H60: 44.5 | I60: =H60/$A$5 -> 0.042788462 | J60: 0.969 | K60: 1475 | L60: 37.2 | M60: =L60/$A$5 -> 0.035769231 | N60: 0.977 | O60: 1270 | P60: 38.8 | Q60: =P60/$A$5 -> 0.037307692 | R60: 0.973 | S60: 1085 | T60: 37 | U60: =T60/$A$5 -> 0.035576923 | V60: 0.976 | Z60: 0 | AA60: 1915 | AB60: 75.2 | AC60: =AB60/$A$5 -> 0.072307692 | AD60: 0.926 | AE60: 1720 | AF60: 58.6 | AG60: =AF60/$A$5 -> 0.056346154 | AH60: 0.95 | AI60: 1475 | AJ60: 45.9 | AK60: =AJ60/$A$5 -> 0.044134615 | AL60: 0.967 | AM60: 1270 | AN60: 47 | AO60: =AN60/$A$5 -> 0.045192308 | AP60: 0.965 | AQ60: 1085 | AR60: 43.6 | AS60: =AR60/$A$5 -> 0.041923077 | AT60: 0.97
B61: 1 | C61: 1075 | D61: 36.4 | E61: =D61/$A$5 -> 0.035 | F61: 0.918 | G61: 965 | H61: 32.2 | I61: =H61/$A$5 -> 0.030961538 | J61: 0.936 | K61: 845 | L61: 30.3 | M61: =L61/$A$5 -> 0.029134615 | N61: 0.941 | O61: 725 | P61: 29.6 | Q61: =P61/$A$5 -> 0.028461538 | R61: 0.944 | S61: 590 | T61: 28.1 | U61: =T61/$A$5 -> 0.027019231 | V61: 0.945 | Z61: 1 | AA61: 1075 | AB61: 47.6 | AC61: =AB61/$A$5 -> 0.045769231 | AD61: 0.867 | AE61: 965 | AF61: 40.7 | AG61: =AF61/$A$5 -> 0.039134615 | AH61: 0.902 | AI61: 845 | AJ61: 35.6 | AK61: =AJ61/$A$5 -> 0.034230769 | AL61: 0.919 | AM61: 725 | AN61: 33.1 | AO61: =AN61/$A$5 -> 0.031826923 | AP61: 0.937 | AQ61: 590 | AR61: 29.9 | AS61: =AR61/$A$5 -> 0.02875 | AT61: 0.942
B62: 2 | C62: 1400 | D62: 39.5 | E62: =D62/$A$5 -> 0.037980769 | F62: 0.892 | G62: 1195 | H62: 37.4 | I62: =H62/$A$5 -> 0.035961538 | J62: 0.893 | K62: 1045 | L62: 30.8 | M62: =L62/$A$5 -> 0.029615385 | N62: 0.915 | O62: 895 | P62: 30.8 | Q62: =P62/$A$5 -> 0.029615385 | R62: 0.914 | S62: 750 | T62: 33.7 | U62: =T62/$A$5 -> 0.032403846 | V62: 0.911 | Z62: 2 | AA62: 1400 | AB62: 50.7 | AC62: =AB62/$A$5 -> 0.04875 | AD62: 0.851 | AE62: 1195 | AF62: 42.5 | AG62: =AF62/$A$5 -> 0.040865385 | AH62: 0.872 | AI62: 1045 | AJ62: 36.2 | AK62: =AJ62/$A$5 -> 0.034807692 | AL62: 0.894 | AM62: 895 | AN62: 35.9 | AO62: =AN62/$A$5 -> 0.034519231 | AP62: 0.89 | AQ62: 750 | AR62: 36.8 | AS62: =AR62/$A$5 -> 0.035384615 | AT62: 0.885
B63: 3 | C63: 1745 | D63: 49 | E63: =D63/$A$5 -> 0.047115385 | F63: 0.96 | G63: 1520 | H63: 31.4 | I63: =H63/$A$5 -> 0.030192308 | J63: 0.981 | K63: 1315 | L63: 35 | M63: =L63/$A$5 -> 0.033653846 | N63: 0.979 | O63: 1120 | P63: 33.2 | Q63: =P63/$A$5 -> 0.031923077 | R63: 0.98 | S63: 925 | T63: 35.7 | U63: =T63/$A$5 -> 0.034326923 | V63: 0.976 | Z63: 3 | AA63: 1745 | AB63: 58.9 | AC63: =AB63/$A$5 -> 0.056634615 | AD63: 0.948 | AE63: 1520 | AF63: 40.2 | AG63: =AF63/$A$5 -> 0.038653846 | AH63: 0.974 | AI63: 1315 | AJ63: 38 | AK63: =AJ63/$A$5 -> 0.036538462 | AL63: 0.977 | AM63: 1120 | AN63: 37.5 | AO63: =AN63/$A$5 -> 0.036057692 | AP63: 0.977 | AQ63: 925 | AR63: 37.7 | AS63: =AR63/$A$5 -> 0.03625 | AT63: 0.975
B64: 4 | C64: 2165 | D64: 40.1 | E64: =D64/$A$5 -> 0.038557692 | F64: 0.965 | G64: 1930 | H64: 35.9 | I64: =H64/$A$5 -> 0.034519231 | J64: 0.973 | K64: 1710 | L64: 34.9 | M64: =L64/$A$5 -> 0.033557692 | N64: 0.974 | O64: 1460 | P64: 34.9 | Q64: =P64/$A$5 -> 0.033557692 | R64: 0.974 | S64: 1205 | T64: 34.4 | U64: =T64/$A$5 -> 0.033076923 | V64: 0.974 | Z64: 4 | AA64: 2165 | AB64: 46.5 | AC64: =AB64/$A$5 -> 0.044711538 | AD64: 0.957 | AE64: 1930 | AF64: 41.2 | AG64: =AF64/$A$5 -> 0.039615385 | AH64: 0.967 | AI64: 1710 | AJ64: 39.7 | AK64: =AJ64/$A$5 -> 0.038173077 | AL64: 0.968 | AM64: 1460 | AN64: 39.9 | AO64: =AN64/$A$5 -> 0.038365385 | AP64: 0.968 | AQ64: 1205 | AR64: 38.7 | AS64: =AR64/$A$5 -> 0.037211538 | AT64: 0.969
B65: 5 | C65: 1450 | D65: 46.2 | E65: =D65/$A$5 -> 0.044423077 | F65: 0.967 | G65: 1285 | H65: 37.4 | I65: =H65/$A$5 -> 0.035961538 | J65: 0.976 | K65: 1145 | L65: 32 | M65: =L65/$A$5 -> 0.030769231 | N65: 0.982 | O65: 970 | P65: 29.1 | Q65: =P65/$A$5 -> 0.027980769 | R65: 0.985 | S65: 770 | T65: 27.3 | U65: =T65/$A$5 -> 0.02625 | V65: 0.987 | Z65: 5 | AA65: 1450 | AB65: 72.7 | AC65: =AB65/$A$5 -> 0.069903846 | AD65: 0.932 | AE65: 1285 | AF65: 47 | AG65: =AF65/$A$5 -> 0.045192308 | AH65: 0.966 | AI65: 1145 | AJ65: 38.9 | AK65: =AJ65/$A$5 -> 0.037403846 | AL65: 0.977 | AM65: 970 | AN65: 35.3 | AO65: =AN65/$A$5 -> 0.033942308 | AP65: 0.979 | AQ65: 770 | AR65: 33.3 | AS65: =AR65/$A$5 -> 0.032019231 | AT65: 0.981
B66: 6 | C66: 2615 | D66: 35.5 | E66: =D66/$A$5 -> 0.034134615 | F66: 0.976 | G66: 2335 | H66: 33.2 | I66: =H66/$A$5 -> 0.031923077 | J66: 0.979 | K66: 2040 | L66: 32.7 | M66: =L66/$A$5 -> 0.031442308 | N66: 0.98 | O66: 1760 | P66: 32.2 | Q66: =P66/$A$5 -> 0.030961538 | R66: 0.981 | S66: 1495 | T66: 29.8 | U66: =T66/$A$5 -> 0.028653846 | V66: 0.982 | Z66: 6 | AA66: 2615 | AB66: 42.1 | AC66: =AB66/$A$5 -> 0.040480769 | AD66: 0.969 | AE66: 2335 | AF66: 38.8 | AG66: =AF66/$A$5 -> 0.037307692 | AH66: 0.973 | AI66: 2040 | AJ66: 36.1 | AK66: =AJ66/$A$5 -> 0.034711538 | AL66: 0.977 | AM66: 1760 | AN66: 35.6 | AO66: =AN66/$A$5 -> 0.034230769 | AP66: 0.977 | AQ66: 1495 | AR66: 32.7 | AS66: =AR66/$A$5 -> 0.031442308 | AT66: 0.98
B67: 7 | C67: 765 | D67: 50.8 | E67: =D67/$A$5 -> 0.048846154 | F67: 0.961 | G67: 720 | H67: 74.8 | I67: =H67/$A$5 -> 0.071923077 | J67: 0.914 | K67: 635 | L67: 57.9 | M67: =L67/$A$5 -> 0.055673077 | N67: 0.953 | O67: 555 | P67: 35.8 | Q67: =P67/$A$5 -> 0.034423077 | R67: 0.98 | S67: 475 | T67: 30.6 | U67: =T67/$A$5 -> 0.029423077 | V67: 0.984 | Z67: 7 | AA67: 765 | AB67: 63.2 | AC67: =AB67/$A$5 -> 0.060769231 | AD67: 0.945 | AE67: 720 | AF67: 81.2 | AG67: =AF67/$A$5 -> 0.078076923 | AH67: 0.909 | AI67: 635 | AJ67: 65.6 | AK67: =AJ67/$A$5 -> 0.063076923 | AL67: 0.944 | AM67: 555 | AN67: 43 | AO67: =AN67/$A$5 -> 0.041346154 | AP67: 0.973 | AQ67: 475 | AR67: 37.4 | AS67: =AR67/$A$5 -> 0.035961538 | AT67: 0.979
B69: Average | D69: =SUMPRODUCT(C60:C67,D60:D67)/SUM(C60:C67) -> 42.974105 | E69: =SUMPRODUCT(C60:C67,E60:E67)/SUM(C60:C67) -> 0.041321255 | F69: =SUMPRODUCT(C60:C67,F60:F67)/SUM(C60:C67) -> 0.95415308 | H69: =SUMPRODUCT(G60:G67,H60:H67)/SUM(G60:G67) -> 38.453985 | I69: =SUMPRODUCT(G60:G67,I60:I67)/SUM(G60:G67) -> 0.036974985 | J69: =SUMPRODUCT(G60:G67,J60:J67)/SUM(G60:G67) -> 0.96009169 | L69: =SUMPRODUCT(K60:K67,L60:L67)/SUM(K60:K67) -> 35.11048 | M69: =SUMPRODUCT(K60:K67,M60:M67)/SUM(K60:K67) -> 0.033760077 | N69: =SUMPRODUCT(K60:K67,N60:N67)/SUM(K60:K67) -> 0.96709745 | P69: =SUMPRODUCT(O60:O67,P60:P67)/SUM(O60:O67) -> 33.261907 | Q69: =SUMPRODUCT(O60:O67,Q60:Q67)/SUM(O60:O67) -> 0.031982603 | R69: =SUMPRODUCT(O60:O67,R60:R67)/SUM(O60:O67) -> 0.96901085 | T69: =SUMPRODUCT(S60:S67,T60:T67)/SUM(S60:S67) -> 32.4305 | U69: =SUMPRODUCT(S60:S67,U60:U67)/SUM(S60:S67) -> 0.031183173 | V69: =SUMPRODUCT(S60:S67,V60:V67)/SUM(S60:S67) -> 0.96939136 | Z69: Average | AB69: =SUMPRODUCT(AA60:AA67,AB60:AB67)/SUM(AA60:AA67) -> 55.861805 | AC69: =SUMPRODUCT(AA60:AA67,AC60:AC67)/SUM(AA60:AA67) -> 0.053713274 | AD69: =SUMPRODUCT(AA60:AA67,AD60:AD67)/SUM(AA60:AA67) -> 0.93154151 | AF69: =SUMPRODUCT(AE60:AE67,AF60:AF67)/SUM(AE60:AE67) -> 46.352356 | AG69: =SUMPRODUCT(AE60:AE67,AG60:AG67)/SUM(AE60:AE67) -> 0.044569574 | AH69: =SUMPRODUCT(AE60:AE67,AH60:AH67)/SUM(AE60:AE67) -> 0.94781534 | AJ69: =SUMPRODUCT(AI60:AI67,AJ60:AJ67)/SUM(AI60:AI67) -> 40.480999 | AK69: =SUMPRODUCT(AI60:AI67,AK60:AK67)/SUM(AI60:AI67) -> 0.038924038 | AL69: =SUMPRODUCT(AI60:AI67,AL60:AL67)/SUM(AI60:AI67) -> 0.95870029 | AN69: =SUMPRODUCT(AM60:AM67,AN60:AN67)/SUM(AM60:AM67) -> 38.47333 | AO69: =SUMPRODUCT(AM60:AM67,AO60:AO67)/SUM(AM60:AM67) -> 0.036993586 | AP69: =SUMPRODUCT(AM60:AM67,AP60:AP67)/SUM(AM60:AM67) -> 0.96152027 | AR69: =SUMPRODUCT(AQ60:AQ67,AR60:AR67)/SUM(AQ60:AQ67) -> 36.510692 | AS69: =SUMPRODUCT(AQ60:AQ67,AS60:AS67)/SUM(AQ60:AQ67) -> 0.035106435 | AT69: =SUMPRODUCT(AQ60:AQ67,AT60:AT67)/SUM(AQ60:AQ67) -> 0.96326182
C71: =SUM(C60:C67) -> 13130 | G71: =SUM(G60:G67) -> 11670 | K71: =SUM(K60:K67) -> 10210 | O71: =SUM(O60:O67) -> 8755 | S71: =SUM(S60:S67) -> 7295

Sheet Gemini
B2: Transer Learning Methodology | Z2: Baseline
A4: Gemini
A5: 600
D7: 0.1 | H7: 0.2 | L7: 0.3 | P7: 0.4 | T7: 0.5 | AB7: 0.1 | AF7: 0.2 | AJ7: 0.3 | AN7: 0.4 | AR7: 0.5
B8: Clusters | C8: Test Points | D8: MAE | E8: As Capacity | F8: R-Squared | G8: Test Points | H8: MAE | I8: As Capacity | J8: R-Squared | K8: Test Points | L8: MAE | M8: As Capacity | N8: R-Squared | O8: Test Points | P8: MAE | Q8: As Capacity | R8: R-Squared | S8: Test Points | T8: MAE | U8: As Capacity | V8: R-Squared | Z8: Clusters | AA8: Test Points | AB8: MAE | AC8: As Capacity | AD8: R-Squared | AE8: Test Points | AF8: MAE | AG8: As Capacity | AH8: R-Squared | AI8: Test Points | AJ8: MAE | AK8: As Capacity | AL8: R-Squared | AM8: Test Points | AN8: MAE | AO8: As Capacity | AP8: R-Squared | AQ8: Test Points | AR8: MAE | AS8: As Capacity | AT8: R-Squared
B9: 0 | C9: =AVERAGE(C29,C45,C61) -> 2028.3333 | D9: =AVERAGE(D29,D45,D61) -> 25.6 | E9: =AVERAGE(E29,E45,E61) -> 0.042666667 | F9: =AVERAGE(F29,F45,F61) -> 0.94266667 | G9: =AVERAGE(G29,G45,G61) -> 1788.3333 | H9: =AVERAGE(H29,H45,H61) -> 19.8 | I9: =AVERAGE(I29,I45,I61) -> 0.033 | J9: =AVERAGE(J29,J45,J61) -> 0.965 | ... V9: =AVERAGE(V29,V45,V61) -> 0.966 | Z9: 0 | AA9: =AVERAGE(AA29,AA44,AA60) -> 2028.3333 | AB9: =AVERAGE(AB29,AB44,AB60) -> 31.433333 | AC9: =AVERAGE(AC29,AC44,AC60) -> 0.052388889 | AD9: =AVERAGE(AD29,AD44,AD60) -> 0.91666667 | AE9: =AVERAGE(AE29,AE44,AE60) -> 1788.3333 | AF9: =AVERAGE(AF29,AF44,AF60) -> 24.533333 | AG9: =AVERAGE(AG29,AG44,AG60) -> 0.040888889 | AH9: =AVERAGE(AH29,AH44,AH60) -> 0.95 | ... AT9: =AVERAGE(AT29,AT44,AT60) -> 0.961
B10: 1 | C10: =AVERAGE(C30,C46,C62) -> 2331.6667 | D10: =AVERAGE(D30,D46,D62) -> 25 | E10: =AVERAGE(E30,E46,E62) -> 0.041666667 | F10: =AVERAGE(F30,F46,F62) -> 0.956 | G10: =AVERAGE(G30,G46,G62) -> 2095 | H10: =AVERAGE(H30,H46,H62) -> 20.466667 | I10: =AVERAGE(I30,I46,I62) -> 0.034111111 | J10: =AVERAGE(J30,J46,J62) -> 0.96933333 | ... V10: =AVERAGE(V30,V46,V62) -> 0.97133333 | Z10: 1 | AA10: =AVERAGE(AA30,AA45,AA61) -> 2331.6667 | AB10: =AVERAGE(AB30,AB45,AB61) -> 29.333333 | AC10: =AVERAGE(AC30,AC45,AC61) -> 0.048888889 | AD10: =AVERAGE(AD30,AD45,AD61) -> 0.94333333 | AE10: =AVERAGE(AE30,AE45,AE61) -> 2095 | AF10: =AVERAGE(AF30,AF45,AF61) -> 23.466667 | AG10: =AVERAGE(AG30,AG45,AG61) -> 0.039111111 | AH10: =AVERAGE(AH30,AH45,AH61) -> 0.96233333 | ... AT10: =AVERAGE(AT30,AT45,AT61) -> 0.96733333
B11: 2 | C11: =AVERAGE(C31,C47,C63) -> 1701.6667 | D11: =AVERAGE(D31,D47,D63) -> 14.466667 | E11: =AVERAGE(E31,E47,E63) -> 0.024111111 | F11: =AVERAGE(F31,F47,F63) -> 0.74133333 | G11: =AVERAGE(G31,G47,G63) -> 1491.6667 | H11: =AVERAGE(H31,H47,H63) -> 13.266667 | I11: =AVERAGE(I31,I47,I63) -> 0.022111111 | J11: =AVERAGE(J31,J47,J63) -> 0.84 | ... V11: =AVERAGE(V31,V47,V63) -> 0.848 | Z11: 2 | AA11: =AVERAGE(AA31,AA46,AA62) -> 1701.6667 | AB11: =AVERAGE(AB31,AB46,AB62) -> 16.266667 | AC11: =AVERAGE(AC31,AC46,AC62) -> 0.027111111 | AD11: =AVERAGE(AD31,AD46,AD62) -> 0.71966667 | AE11: =AVERAGE(AE31,AE46,AE62) -> 1491.6667 | AF11: =AVERAGE(AF31,AF46,AF62) -> 14.366667 | AG11: =AVERAGE(AG31,AG46,AG62) -> 0.023944444 | AH11: =AVERAGE(AH31,AH46,AH62) -> 0.838 | ... AT11: =AVERAGE(AT31,AT46,AT62) -> 0.845
B12: 3 | C12: =AVERAGE(C32,C48,C64) -> 1641.6667 | D12: =AVERAGE(D32,D48,D64) -> 25.566667 | E12: =AVERAGE(E32,E48,E64) -> 0.042611111 | F12: =AVERAGE(F32,F48,F64) -> 0.96366667 | G12: =AVERAGE(G32,G48,G64) -> 1448.3333 | H12: =AVERAGE(H32,H48,H64) -> 20.566667 | I12: =AVERAGE(I32,I48,I64) -> 0.034277778 | J12: =AVERAGE(J32,J48,J64) -> 0.975 | ... V12: =AVERAGE(V32,V48,V64) -> 0.98 | Z12: 3 | AA12: =AVERAGE(AA32,AA47,AA63) -> 1641.6667 | AB12: =AVERAGE(AB32,AB47,AB63) -> 33.633333 | AC12: =AVERAGE(AC32,AC47,AC63) -> 0.056055556 | AD12: =AVERAGE(AD32,AD47,AD63) -> 0.942 | AE12: =AVERAGE(AE32,AE47,AE63) -> 1448.3333 | AF12: =AVERAGE(AF32,AF47,AF63) -> 24.766667 | AG12: =AVERAGE(AG32,AG47,AG63) -> 0.041277778 | AH12: =AVERAGE(AH32,AH47,AH63) -> 0.96666667 | ... AT12: =AVERAGE(AT32,AT47,AT63) -> 0.977
B13: 4 | C13: =AVERAGE(C33,C49,C65) -> 1530 | D13: =AVERAGE(D33,D49,D65) -> 32.9 | E13: =AVERAGE(E33,E49,E65) -> 0.054833333 | F13: =AVERAGE(F33,F49,F65) -> 0.92133333 | G13: =AVERAGE(G33,G49,G65) -> 1358.3333 | H13: =AVERAGE(H33,H49,H65) -> 26.666667 | I13: =AVERAGE(I33,I49,I65) -> 0.044444444 | J13: =AVERAGE(J33,J49,J65) -> 0.94366667 | ... V13: =AVERAGE(V33,V49,V65) -> 0.968 | Z13: 4 | AA13: =AVERAGE(AA33,AA48,AA64) -> 1530 | AB13: =AVERAGE(AB33,AB48,AB64) -> 37.8 | AC13: =AVERAGE(AC33,AC48,AC64) -> 0.063 | AD13: =AVERAGE(AD33,AD48,AD64) -> 0.90166667 | AE13: =AVERAGE(AE33,AE48,AE64) -> 1358.3333 | AF13: =AVERAGE(AF33,AF48,AF64) -> 33.033333 | AG13: =AVERAGE(AG33,AG48,AG64) -> 0.055055556 | AH13: =AVERAGE(AH33,AH48,AH64) -> 0.916 | ... AT13: =AVERAGE(AT33,AT48,AT64) -> 0.95733333
B14: 5 | C14: =AVERAGE(C34,C50,C66) -> 1356.6667 | D14: =AVERAGE(D34,D50,D66) -> 32.833333 | E14: =AVERAGE(E34,E50,E66) -> 0.054722222 | F14: =AVERAGE(F34,F50,F66) -> 0.926 | G14: =AVERAGE(G34,G50,G66) -> 1223.3333 | H14: =AVERAGE(H34,H50,H66) -> 23.566667 | I14: =AVERAGE(I34,I50,I66) -> 0.039277778 | J14: =AVERAGE(J34,J50,J66) -> 0.957 | ... V14: =AVERAGE(V34,V50,V66) -> 0.96366667 | Z14: 5 | AA14: =AVERAGE(AA34,AA49,AA65) -> 1356.6667 | AB14: =AVERAGE(AB34,AB49,AB65) -> 37.5 | AC14: =AVERAGE(AC34,AC49,AC65) -> 0.0625 | AD14: =AVERAGE(AD34,AD49,AD65) -> 0.909 | AE14: =AVERAGE(AE34,AE49,AE65) -> 1223.3333 | AF14: =AVERAGE(AF34,AF49,AF65) -> 27.633333 | AG14: =AVERAGE(AG34,AG49,AG65) -> 0.046055556 | AH14: =AVERAGE(AH34,AH49,AH65) -> 0.945 | ... AT14: =AVERAGE(AT34,AT49,AT65) -> 0.95733333
B15: 6 | C15: =AVERAGE(C35,C51,C67) -> 1475 | D15: =AVERAGE(D35,D51,D67) -> 39.966667 | E15: =AVERAGE(E35,E51,E67) -> 0.066611111 | F15: =AVERAGE(F35,F51,F67) -> 0.873 | G15: =AVERAGE(G35,G51,G67) -> 1333.3333 | H15: =AVERAGE(H35,H51,H67) -> 25.033333 | I15: =AVERAGE(I35,I51,I67) -> 0.041722222 | J15: =AVERAGE(J35,J51,J67) -> 0.94933333 | ... V15: =AVERAGE(V35,V51,V67) -> 0.96233333 | Z15: 6 | AA15: =AVERAGE(AA35,AA50,AA66) -> 1475 | AB15: =AVERAGE(AB35,AB50,AB66) -> 43.733333 | AC15: =AVERAGE(AC35,AC50,AC66) -> 0.072888889 | AD15: =AVERAGE(AD35,AD50,AD66) -> 0.85666667 | AE15: =AVERAGE(AE35,AE50,AE66) -> 1333.3333 | AF15: =AVERAGE(AF35,AF50,AF66) -> 28.8 | AG15: =AVERAGE(AG35,AG50,AG66) -> 0.048 | AH15: =AVERAGE(AH35,AH50,AH66) -> 0.93766667 | ... AT15: =AVERAGE(AT35,AT50,AT66) -> 0.95766667
B16: 7 | C16: =AVERAGE(C36,C52,C68) -> 1050 | D16: =AVERAGE(D36,D52,D68) -> 26.533333 | E16: =AVERAGE(E36,E52,E68) -> 0.044222222 | F16: =AVERAGE(F36,F52,F68) -> 0.824 | G16: =AVERAGE(G36,G52,G68) -> 921.66667 | H16: =AVERAGE(H36,H52,H68) -> 16.033333 | I16: =AVERAGE(I36,I52,I68) -> 0.026722222 | J16: =AVERAGE(J36,J52,J68) -> 0.88633333 | ... V16: =AVERAGE(V36,V52,V68) -> 0.913 | Z16: 7 | AA16: =AVERAGE(AA36,AA51,AA67) -> 1050 | AB16: =AVERAGE(AB36,AB51,AB67) -> 31.4 | AC16: =AVERAGE(AC36,AC51,AC67) -> 0.052333333 | AD16: =AVERAGE(AD36,AD51,AD67) -> 0.785 | AE16: =AVERAGE(AE36,AE51,AE67) -> 921.66667 | AF16: =AVERAGE(AF36,AF51,AF67) -> 20.766667 | AG16: =AVERAGE(AG36,AG51,AG67) -> 0.034611111 | AH16: =AVERAGE(AH36,AH51,AH67) -> 0.85966667 | ... AT16: =AVERAGE(AT36,AT51,AT67) -> 0.9
B18: Average | D18: =AVERAGE(D38,D54,D70) -> 25.753603 | E18: =AVERAGE(E38,E54,E70) -> 0.042922671 | F18: =AVERAGE(F38,F54,F70) -> 0.90623408 | H18: =AVERAGE(H38,H54,H70) -> 19.834434 | I18: =AVERAGE(I38,I54,I70) -> 0.03305739 | J18: =AVERAGE(J38,J54,J70) -> 0.94293682 | L18: =AVERAGE(L38,L54,L70) -> 18.577304 | M18: =AVERAGE(M38,M54,M70) -> 0.030962173 | N18: =AVERAGE(N38,N54,N70) -> 0.94588072 | P18: =AVERAGE(P38,P54,P70) -> 18.358186 | Q18: =AVERAGE(Q38,Q54,Q70) -> 0.030596976 | R18: =AVERAGE(R38,R54,R70) -> 0.9478462 | T18: =AVERAGE(T38,T54,T70) -> 17.863166 | U18: =AVERAGE(U38,U54,U70) -> 0.029771944 | V18: =AVERAGE(V38,V54,V70) -> 0.95104141 | Z18: Average | AB18: =AVERAGE(AB38,AB53,AB69) -> 30.349104 | AC18: =AVERAGE(AC38,AC53,AC69) -> 0.05058184 | AD18: =AVERAGE(AD38,AD53,AD69) -> 0.88737031 | AF18: =AVERAGE(AF38,AF53,AF69) -> 23.372599 | AG18: =AVERAGE(AG38,AG53,AG69) -> 0.038954331 | AH18: =AVERAGE(AH38,AH53,AH69) -> 0.93185506 | AJ18: =AVERAGE(AJ38,AJ53,AJ69) -> 21.162663 | AK18: =AVERAGE(AK38,AK53,AK69) -> 0.035271106 | AL18: =AVERAGE(AL38,AL53,AL69) -> 0.93830882 | AN18: =AVERAGE(AN38,AN53,AN69) -> 20.082676 | AO18: =AVERAGE(AO38,AO53,AO69) -> 0.033471126 | AP18: =AVERAGE(AP38,AP53,AP69) -> 0.9425405 | AR18: =AVERAGE(AR38,AR53,AR69) -> 19.840975 | AS18: =AVERAGE(AS38,AS53,AS69) -> 0.033068291 | AT18: =AVERAGE(AT38,AT53,AT69) -> 0.94566049
A27: Seed - 42 | D27: 0.1 | H27: 0.2 | L27: 0.3 | P27: 0.4 | T27: 0.5 | Y27: Seed - 42 | AB27: 0.1 | AF27: 0.2 | AJ27: 0.3 | AN27: 0.4 | AR27: 0.5
B28: Clusters | C28: Test Points | D28: MAE | E28: As Capacity | F28: R-Squared | G28: Test Points | H28: MAE | I28: As Capacity | J28: R-Squared | K28: Test Points | L28: MAE | M28: As Capacity | N28: R-Squared | O28: Test Points | P28: MAE | Q28: As Capacity | R28: R-Squared | S28: Test Points | T28: MAE | U28: As Capacity | V28: R-Squared | Z28: Clusters | AA28: Test Points | AB28: MAE | AC28: As Capacity | AD28: R-Squared | AE28: Test Points | AF28: MAE | AG28: As Capacity | AH28: R-Squared | AI28: Test Points | AJ28: MAE | AK28: As Capacity | AL28: R-Squared | AM28: Test Points | AN28: MAE | AO28: As Capacity | AP28: R-Squared | AQ28: Test Points | AR28: MAE | AS28: As Capacity | AT28: R-Squared
B29: 0 | C29: 1820 | D29: 24.2 | E29: =D29/$A$5 -> 0.040333333 | F29: 0.915 | G29: 1610 | H29: 16.6 | I29: =H29/$A$5 -> 0.027666667 | J29: 0.957 | K29: 1440 | L29: 14.8 | M29: =L29/$A$5 -> 0.024666667 | N29: 0.962 | O29: 1230 | P29: 17.4 | Q29: =P29/$A$5 -> 0.029 | R29: 0.954 | S29: 1045 | T29: 15.5 | U29: =T29/$A$5 -> 0.025833333 | V29: 0.957 | Z29: 0 | AA29: 1820 | AB29: 29.3 | AC29: =AB29/$A$5 -> 0.048833333 | AD29: 0.875 | AE29: 1610 | AF29: 20.8 | AG29: =AF29/$A$5 -> 0.034666667 | AH29: 0.935 | AI29: 1440 | AJ29: 18.1 | AK29: =AJ29/$A$5 -> 0.030166667 | AL29: 0.947 | AM29: 1230 | AN29: 18.5 | AO29: =AN29/$A$5 -> 0.030833333 | AP29: 0.952 | AQ29: 1045 | AR29: 17.3 | AS29: =AR29/$A$5 -> 0.028833333 | AT29: 0.949
B30: 1 | C30: 2600 | D30: 23.5 | E30: =D30/$A$5 -> 0.039166667 | F30: 0.956 | G30: 2370 | H30: 19.3 | I30: =H30/$A$5 -> 0.032166667 | J30: 0.969 | K30: 2020 | L30: 20.4 | M30: =L30/$A$5 -> 0.034 | N30: 0.965 | O30: 1755 | P30: 20.6 | Q30: =P30/$A$5 -> 0.034333333 | R30: 0.964 | S30: 1405 | T30: 19.7 | U30: =T30/$A$5 -> 0.032833333 | V30: 0.969 | Z30: 1 | AA30: 2600 | AB30: 26.8 | AC30: =AB30/$A$5 -> 0.044666667 | AD30: 0.948 | AE30: 2370 | AF30: 24.1 | AG30: =AF30/$A$5 -> 0.040166667 | AH30: 0.958 | AI30: 2020 | AJ30: 22 | AK30: =AJ30/$A$5 -> 0.036666667 | AL30: 0.962 | AM30: 1755 | AN30: 21.3 | AO30: =AN30/$A$5 -> 0.0355 | AP30: 0.965 | AQ30: 1405 | AR30: 20.9 | AS30: =AR30/$A$5 -> 0.034833333 | AT30: 0.966
B31: 2 | C31: 1865 | D31: 22.1 | E31: =D31/$A$5 -> 0.036833333 | F31: 0.966 | G31: 1660 | H31: 21.8 | I31: =H31/$A$5 -> 0.036333333 | J31: 0.968 | K31: 1420 | L31: 21.8 | M31: =L31/$A$5 -> 0.036333333 | N31: 0.966 | O31: 1195 | P31: 20.6 | Q31: =P31/$A$5 -> 0.034333333 | R31: 0.97 | S31: 1020 | T31: 18.5 | U31: =T31/$A$5 -> 0.030833333 | V31: 0.974 | Z31: 2 | AA31: 1865 | AB31: 24.8 | AC31: =AB31/$A$5 -> 0.041333333 | AD31: 0.959 | AE31: 1660 | AF31: 23.8 | AG31: =AF31/$A$5 -> 0.039666667 | AH31: 0.963 | AI31: 1420 | AJ31: 24.9 | AK31: =AJ31/$A$5 -> 0.0415 | AL31: 0.956 | AM31: 1195 | AN31: 22.4 | AO31: =AN31/$A$5 -> 0.037333333 | AP31: 0.965 | AQ31: 1020 | AR31: 21.5 | AS31: =AR31/$A$5 -> 0.035833333 | AT31: 0.97
B32: 3 | C32: 965 | D32: 31.6 | E32: =D32/$A$5 -> 0.052666667 | F32: 0.947 | G32: 850 | H32: 24.7 | I32: =H32/$A$5 -> 0.041166667 | J32: 0.966 | K32: 745 | L32: 20.1 | M32: =L32/$A$5 -> 0.0335 | N32: 0.978 | O32: 655 | P32: 19.7 | Q32: =P32/$A$5 -> 0.032833333 | R32: 0.979 | S32: 550 | T32: 18.8 | U32: =T32/$A$5 -> 0.031333333 | V32: 0.98 | Z32: 3 | AA32: 965 | AB32: 42.7 | AC32: =AB32/$A$5 -> 0.071166667 | AD32: 0.914 | AE32: 850 | AF32: 30.2 | AG32: =AF32/$A$5 -> 0.050333333 | AH32: 0.954 | AI32: 745 | AJ32: 23.1 | AK32: =AJ32/$A$5 -> 0.0385 | AL32: 0.973 | AM32: 655 | AN32: 21.3 | AO32: =AN32/$A$5 -> 0.0355 | AP32: 0.977 | AQ32: 550 | AR32: 21.1 | AS32: =AR32/$A$5 -> 0.035166667 | AT32: 0.976
B33: 4 | C33: 2075 | D33: 20.7 | E33: =D33/$A$5 -> 0.0345 | F33: 0.97 | G33: 1815 | H33: 18 | I33: =H33/$A$5 -> 0.03 | J33: 0.976 | K33: 1610 | L33: 17.6 | M33: =L33/$A$5 -> 0.029333333 | N33: 0.975 | O33: 1330 | P33: 17.1 | Q33: =P33/$A$5 -> 0.0285 | R33: 0.977 | S33: 1140 | T33: 17.2 | U33: =T33/$A$5 -> 0.028666667 | V33: 0.976 | Z33: 4 | AA33: 2075 | AB33: 24.7 | AC33: =AB33/$A$5 -> 0.041166667 | AD33: 0.961 | AE33: 1815 | AF33: 21.2 | AG33: =AF33/$A$5 -> 0.035333333 | AH33: 0.968 | AI33: 1610 | AJ33: 18.9 | AK33: =AJ33/$A$5 -> 0.0315 | AL33: 0.971 | AM33: 1330 | AN33: 18.8 | AO33: =AN33/$A$5 -> 0.031333333 | AP33: 0.974 | AQ33: 1140 | AR33: 18.9 | AS33: =AR33/$A$5 -> 0.0315 | AT33: 0.974
B34: 5 | C34: 1165 | D34: 35.7 | E34: =D34/$A$5 -> 0.0595 | F34: 0.899 | G34: 1025 | H34: 24.2 | I34: =H34/$A$5 -> 0.040333333 | J34: 0.939 | K34: 915 | L34: 23.2 | M34: =L34/$A$5 -> 0.038666667 | N34: 0.939 | O34: 785 | P34: 22.6 | Q34: =P34/$A$5 -> 0.037666667 | R34: 0.942 | S34: 690 | T34: 22.8 | U34: =T34/$A$5 -> 0.038 | V34: 0.939 | Z34: 5 | AA34: 1165 | AB34: 41.3 | AC34: =AB34/$A$5 -> 0.068833333 | AD34: 0.869 | AE34: 1025 | AF34: 29.5 | AG34: =AF34/$A$5 -> 0.049166667 | AH34: 0.92 | AI34: 915 | AJ34: 26.7 | AK34: =AJ34/$A$5 -> 0.0445 | AL34: 0.929 | AM34: 785 | AN34: 25.4 | AO34: =AN34/$A$5 -> 0.042333333 | AP34: 0.934 | AQ34: 690 | AR34: 25.6 | AS34: =AR34/$A$5 -> 0.042666667 | AT34: 0.928
B35: 6 | C35: 1555 | D35: 32.6 | E35: =D35/$A$5 -> 0.054333333 | F35: 0.949 | G35: 1375 | H35: 21.6 | I35: =H35/$A$5 -> 0.036 | J35: 0.973 | K35: 1180 | L35: 20.1 | M35: =L35/$A$5 -> 0.0335 | N35: 0.977 | O35: 1055 | P35: 18.7 | Q35: =P35/$A$5 -> 0.031166667 | R35: 0.978 | S35: 850 | T35: 20.3 | U35: =T35/$A$5 -> 0.033833333 | V35: 0.977 | Z35: 6 | AA35: 1555 | AB35: 40.5 | AC35: =AB35/$A$5 -> 0.0675 | AD35: 0.922 | AE35: 1375 | AF35: 25.9 | AG35: =AF35/$A$5 -> 0.043166667 | AH35: 0.963 | AI35: 1180 | AJ35: 22.3 | AK35: =AJ35/$A$5 -> 0.037166667 | AL35: 0.974 | AM35: 1055 | AN35: 20.4 | AO35: =AN35/$A$5 -> 0.034 | AP35: 0.976 | AQ35: 850 | AR35: 22.8 | AS35: =AR35/$A$5 -> 0.038 | AT35: 0.972
B36: 7 | C36: 1070 | D36: 11.8 | E36: =D36/$A$5 -> 0.019666667 | F36: 0.728 | G36: 955 | H36: 10 | I36: =H36/$A$5 -> 0.016666667 | J36: 0.759 | K36: 870 | L36: 11.3 | M36: =L36/$A$5 -> 0.018833333 | N36: 0.785 | O36: 740 | P36: 9.9 | Q36: =P36/$A$5 -> 0.0165 | R36: 0.811 | S36: 585 | T36: 9.4 | U36: =T36/$A$5 -> 0.015666667 | V36: 0.841 | Z36: 7 | AA36: 1070 | AB36: 14.2 | AC36: =AB36/$A$5 -> 0.023666667 | AD36: 0.681 | AE36: 955 | AF36: 11.6 | AG36: =AF36/$A$5 -> 0.019333333 | AH36: 0.728 | AI36: 870 | AJ36: 12 | AK36: =AJ36/$A$5 -> 0.02 | AL36: 0.772 | AM36: 740 | AN36: 10.9 | AO36: =AN36/$A$5 -> 0.018166667 | AP36: 0.776 | AQ36: 585 | AR36: 10.1 | AS36: =AR36/$A$5 -> 0.016833333 | AT36: 0.82
B38: Average | D38: =SUMPRODUCT(C29:C36,D29:D36)/SUM(C29:C36) -> 24.759169 | E38: =SUMPRODUCT(C29:C36,E29:E36)/SUM(C29:C36) -> 0.041265281 | F38: =SUMPRODUCT(C29:C36,F29:F36)/SUM(C29:C36) -> 0.92879032 | H38: =SUMPRODUCT(G29:G36,H29:H36)/SUM(G29:G36) -> 19.414666 | I38: =SUMPRODUCT(G29:G36,I29:I36)/SUM(G29:G36) -> 0.032357776 | J38: =SUMPRODUCT(G29:G36,J29:J36)/SUM(G29:G36) -> 0.94870626 | L38: =SUMPRODUCT(K29:K36,L29:L36)/SUM(K29:K36) -> 18.780735 | M38: =SUMPRODUCT(K29:K36,M29:M36)/SUM(K29:K36) -> 0.031301225 | N38: =SUMPRODUCT(K29:K36,N29:N36)/SUM(K29:K36) -> 0.95094657 | P38: =SUMPRODUCT(O29:O36,P29:P36)/SUM(O29:O36) -> 18.595083 | Q38: =SUMPRODUCT(O29:O36,Q29:Q36)/SUM(O29:O36) -> 0.030991805 | R38: =SUMPRODUCT(O29:O36,R29:R36)/SUM(O29:O36) -> 0.9532813 | T38: =SUMPRODUCT(S29:S36,T29:T36)/SUM(S29:S36) -> 18.006863 | U38: =SUMPRODUCT(S29:S36,U29:U36)/SUM(S29:S36) -> 0.030011439 | V38: =SUMPRODUCT(S29:S36,V29:V36)/SUM(S29:S36) -> 0.95771791 | Z38: Average | AB38: =SUMPRODUCT(AA29:AA36,AB29:AB36)/SUM(AA29:AA36) -> 29.584598 | AC38: =SUMPRODUCT(AA29:AA36,AC29:AC36)/SUM(AA29:AA36) -> 0.049307663 | AD38: =SUMPRODUCT(AA29:AA36,AD29:AD36)/SUM(AA29:AA36) -> 0.90710522 | AF38: =SUMPRODUCT(AE29:AE36,AF29:AF36)/SUM(AE29:AE36) -> 23.258062 | AG38: =SUMPRODUCT(AE29:AE36,AG29:AG36)/SUM(AE29:AE36) -> 0.038763436 | AH38: =SUMPRODUCT(AE29:AE36,AH29:AH36)/SUM(AE29:AE36) -> 0.93521226 | AJ38: =SUMPRODUCT(AI29:AI36,AJ29:AJ36)/SUM(AI29:AI36) -> 21.047549 | AK38: =SUMPRODUCT(AI29:AI36,AK29:AK36)/SUM(AI29:AI36) -> 0.035079248 | AL38: =SUMPRODUCT(AI29:AI36,AL29:AL36)/SUM(AI29:AI36) -> 0.94349314 | AN38: =SUMPRODUCT(AM29:AM36,AN29:AN36)/SUM(AM29:AM36) -> 20.055689 | AO38: =SUMPRODUCT(AM29:AM36,AO29:AO36)/SUM(AM29:AM36) -> 0.033426148 | AP38: =SUMPRODUCT(AM29:AM36,AP29:AP36)/SUM(AM29:AM36) -> 0.94799028 | AR38: =SUMPRODUCT(AQ29:AQ36,AR29:AR36)/SUM(AQ29:AQ36) -> 19.969321 | AS38: =SUMPRODUCT(AQ29:AQ36,AS29:AS36)/SUM(AQ29:AQ36) -> 0.033282201 | AT38: =SUMPRODUCT(AQ29:AQ36,AT29:AT36)/SUM(AQ29:AQ36) -> 0.95150515
C40: =SUM(C29:C36) -> 13115 | G40: =SUM(G29:G36) -> 11660 | K40: =SUM(K29:K36) -> 10200 | O40: =SUM(O29:O36) -> 8745 | S40: =SUM(S29:S36) -> 7285
Y42: Seed - 63 | AB42: 0.1 | AF42: 0.2 | AJ42: 0.3 | AN42: 0.4 | AR42: 0.5
A43: Seed - 63 | D43: 0.1 | H43: 0.2 | L43: 0.3 | P43: 0.4 | T43: 0.5 | Z43: Clusters | AB43: MAE | AC43: As Capacity | AD43: R-Squared | AE43: Test Points | AF43: MAE | AG43: As Capacity | AH43: R-Squared | AI43: Test Points | AJ43: MAE | AK43: As Capacity | AL43: R-Squared | AM43: Test Points | AN43: MAE | AO43: As Capacity | AP43: R-Squared | AQ43: Test Points | AR43: MAE | AS43: As Capacity | AT43: R-Squared
B44: Clusters | C44: Test Points | D44: MAE | E44: As Capacity | F44: R-Squared | G44: Test Points | H44: MAE | I44: As Capacity | J44: R-Squared | K44: Test Points | L44: MAE | M44: As Capacity | N44: R-Squared | O44: Test Points | P44: MAE | Q44: As Capacity | R44: R-Squared | S44: Test Points | T44: MAE | U44: As Capacity | V44: R-Squared | Z44: 0 | AA44: 2520 | AB44: 29.6 | AC44: =AB44/$A$5 -> 0.049333333 | AD44: 0.94 | AE44: 2205 | AF44: 21.9 | AG44: =AF44/$A$5 -> 0.0365 | AH44: 0.966 | AI44: 1955 | AJ44: 23 | AK44: =AJ44/$A$5 -> 0.038333333 | AL44: 0.963 | AM44: 1655 | AN44: 21.1 | AO44: =AN44/$A$5 -> 0.035166667 | AP44: 0.968 | AQ44: 1355 | AR44: 20.2 | AS44: =AR44/$A$5 -> 0.033666667 | AT44: 0.971
B45: 0 | C45: 2520 | D45: 25.3 | E45: =D45/$A$5 -> 0.042166667 | F45: 0.954 | G45: 2205 | H45: 20.2 | I45: =H45/$A$5 -> 0.033666667 | J45: 0.97 | K45: 1955 | L45: 20.3 | M45: =L45/$A$5 -> 0.033833333 | N45: 0.969 | O45: 1655 | P45: 19 | Q45: =P45/$A$5 -> 0.031666667 | R45: 0.972 | S45: 1355 | T45: 18.3 | U45: =T45/$A$5 -> 0.0305 | V45: 0.975 | Z45: 1 | AA45: 2530 | AB45: 29.2 | AC45: =AB45/$A$5 -> 0.048666667 | AD45: 0.956 | AE45: 2235 | AF45: 21.3 | AG45: =AF45/$A$5 -> 0.0355 | AH45: 0.974 | AI45: 2010 | AJ45: 19.5 | AK45: =AJ45/$A$5 -> 0.0325 | AL45: 0.976 | AM45: 1770 | AN45: 20.1 | AO45: =AN45/$A$5 -> 0.0335 | AP45: 0.976 | AQ45: 1480 | AR45: 18.3 | AS45: =AR45/$A$5 -> 0.0305 | AT45: 0.979
B46: 1 | C46: 2530 | D46: 23 | E46: =D46/$A$5 -> 0.038333333 | F46: 0.969 | G46: 2235 | H46: 18.7 | I46: =H46/$A$5 -> 0.031166667 | J46: 0.979 | K46: 2010 | L46: 16.7 | M46: =L46/$A$5 -> 0.027833333 | N46: 0.981 | O46: 1770 | P46: 17.7 | Q46: =P46/$A$5 -> 0.0295 | R46: 0.981 | S46: 1480 | T46: 16.9 | U46: =T46/$A$5 -> 0.028166667 | V46: 0.981 | Z46: 2 | AA46: 1640 | AB46: 13.1 | AC46: =AB46/$A$5 -> 0.021833333 | AD46: 0.455 | AE46: 1430 | AF46: 9.7 | AG46: =AF46/$A$5 -> 0.016166667 | AH46: 0.744 | AI46: 1275 | AJ46: 9.6 | AK46: =AJ46/$A$5 -> 0.016 | AL46: 0.753 | AM46: 1020 | AN46: 9.2 | AO46: =AN46/$A$5 -> 0.015333333 | AP46: 0.759 | AQ46: 835 | AR46: 9.3 | AS46: =AR46/$A$5 -> 0.0155 | AT46: 0.767
B47: 2 | C47: 1640 | D47: 12.8 | E47: =D47/$A$5 -> 0.021333333 | F47: 0.465 | G47: 1430 | H47: 9.6 | I47: =H47/$A$5 -> 0.016 | J47: 0.732 | K47: 1275 | L47: 9 | M47: =L47/$A$5 -> 0.015 | N47: 0.76 | O47: 1020 | P47: 8.9 | Q47: =P47/$A$5 -> 0.014833333 | R47: 0.767 | S47: 835 | T47: 9.1 | U47: =T47/$A$5 -> 0.015166667 | V47: 0.769 | Z47: 3 | AA47: 1700 | AB47: 34.2 | AC47: =AB47/$A$5 -> 0.057 | AD47: 0.948 | AE47: 1475 | AF47: 22.7 | AG47: =AF47/$A$5 -> 0.037833333 | AH47: 0.975 | AI47: 1270 | AJ47: 21.4 | AK47: =AJ47/$A$5 -> 0.035666667 | AL47: 0.977 | AM47: 1060 | AN47: 20.8 | AO47: =AN47/$A$5 -> 0.034666667 | AP47: 0.976 | AQ47: 905 | AR47: 21.3 | AS47: =AR47/$A$5 -> 0.0355 | AT47: 0.976
B48: 3 | C48: 1700 | D48: 26.5 | E48: =D48/$A$5 -> 0.044166667 | F48: 0.967 | G48: 1475 | H48: 19.3 | I48: =H48/$A$5 -> 0.032166667 | J48: 0.98 | K48: 1270 | L48: 18.4 | M48: =L48/$A$5 -> 0.030666667 | N48: 0.981 | O48: 1060 | P48: 20.1 | Q48: =P48/$A$5 -> 0.0335 | R48: 0.977 | S48: 905 | T48: 19.6 | U48: =T48/$A$5 -> 0.032666667 | V48: 0.979 | Z48: 4 | AA48: 740 | AB48: 59.6 | AC48: =AB48/$A$5 -> 0.099333333 | AD48: 0.81 | AE48: 675 | AF48: 53.6 | AG48: =AF48/$A$5 -> 0.089333333 | AH48: 0.831 | AI48: 585 | AJ48: 38.7 | AK48: =AJ48/$A$5 -> 0.0645 | AL48: 0.92 | AM48: 520 | AN48: 33.9 | AO48: =AN48/$A$5 -> 0.0565 | AP48: 0.932 | AQ48: 440 | AR48: 28.1 | AS48: =AR48/$A$5 -> 0.046833333 | AT48: 0.957
B49: 4 | C49: 740 | D49: 51 | E49: =D49/$A$5 -> 0.085 | F49: 0.855 | G49: 675 | H49: 38.7 | I49: =H49/$A$5 -> 0.0645 | J49: 0.902 | K49: 585 | L49: 30 | M49: =L49/$A$5 -> 0.05 | N49: 0.951 | O49: 520 | P49: 27.1 | Q49: =P49/$A$5 -> 0.045166667 | R49: 0.956 | S49: 440 | T49: 23.4 | U49: =T49/$A$5 -> 0.039 | V49: 0.968 | Z49: 5 | AA49: 2030 | AB49: 25.2 | AC49: =AB49/$A$5 -> 0.042 | AD49: 0.965 | AE49: 1890 | AF49: 23.1 | AG49: =AF49/$A$5 -> 0.0385 | AH49: 0.969 | AI49: 1570 | AJ49: 19.6 | AK49: =AJ49/$A$5 -> 0.032666667 | AL49: 0.977 | AM49: 1390 | AN49: 20.1 | AO49: =AN49/$A$5 -> 0.0335 | AP49: 0.976 | AQ49: 1145 | AR49: 21 | AS49: =AR49/$A$5 -> 0.035 | AT49: 0.974
B50: 5 | C50: 2030 | D50: 20.8 | E50: =D50/$A$5 -> 0.034666667 | F50: 0.973 | G50: 1890 | H50: 20.5 | I50: =H50/$A$5 -> 0.034166667 | J50: 0.974 | K50: 1570 | L50: 18.3 | M50: =L50/$A$5 -> 0.0305 | N50: 0.98 | O50: 1390 | P50: 18.2 | Q50: =P50/$A$5 -> 0.030333333 | R50: 0.979 | S50: 1145 | T50: 19.6 | U50: =T50/$A$5 -> 0.032666667 | V50: 0.976 | Z50: 6 | AA50: 850 | AB50: 57.5 | AC50: =AB50/$A$5 -> 0.095833333 | AD50: 0.785 | AE50: 785 | AF50: 38.9 | AG50: =AF50/$A$5 -> 0.064833333 | AH50: 0.908 | AI50: 695 | AJ50: 35.8 | AK50: =AJ50/$A$5 -> 0.059666667 | AL50: 0.91 | AM50: 585 | AN50: 27.9 | AO50: =AN50/$A$5 -> 0.0465 | AP50: 0.947 | AQ50: 505 | AR50: 28.6 | AS50: =AR50/$A$5 -> 0.047666667 | AT50: 0.945
B51: 6 | C51: 850 | D51: 56.5 | E51: =D51/$A$5 -> 0.094166667 | F51: 0.808 | G51: 785 | H51: 34.8 | I51: =H51/$A$5 -> 0.058 | J51: 0.923 | K51: 695 | L51: 27.8 | M51: =L51/$A$5 -> 0.046333333 | N51: 0.942 | O51: 585 | P51: 25.1 | Q51: =P51/$A$5 -> 0.041833333 | R51: 0.955 | S51: 505 | T51: 26 | U51: =T51/$A$5 -> 0.043333333 | V51: 0.953 | Z51: 7 | AA51: 1105 | AB51: 28.9 | AC51: =AB51/$A$5 -> 0.048166667 | AD51: 0.786 | AE51: 965 | AF51: 19.7 | AG51: =AF51/$A$5 -> 0.032833333 | AH51: 0.895 | AI51: 840 | AJ51: 17.4 | AK51: =AJ51/$A$5 -> 0.029 | AL51: 0.91 | AM51: 745 | AN51: 17 | AO51: =AN51/$A$5 -> 0.028333333 | AP51: 0.917 | AQ51: 620 | AR51: 17.2 | AS51: =AR51/$A$5 -> 0.028666667 | AT51: 0.914
B52: 7 | C52: 1105 | D52: 24.3 | E52: =D52/$A$5 -> 0.0405 | F52: 0.829 | G52: 965 | H52: 15.2 | I52: =H52/$A$5 -> 0.025333333 | J52: 0.926 | K52: 840 | L52: 16.8 | M52: =L52/$A$5 -> 0.028 | N52: 0.914 | O52: 745 | P52: 16.2 | Q52: =P52/$A$5 -> 0.027 | R52: 0.917 | S52: 620 | T52: 15.4 | U52: =T52/$A$5 -> 0.025666667 | V52: 0.923
Z53: Average | AB53: =SUMPRODUCT(AA44:AA51,AB44:AB51)/SUM(AA44:AA51) -> 30.816737 | AC53: =SUMPRODUCT(AA44:AA51,AC44:AC51)/SUM(AA44:AA51) -> 0.051361228 | AD53: =SUMPRODUCT(AA44:AA51,AD44:AD51)/SUM(AA44:AA51) -> 0.85698894 | AF53: =SUMPRODUCT(AE44:AE51,AF44:AF51)/SUM(AE44:AE51) -> 23.382033 | AG53: =SUMPRODUCT(AE44:AE51,AG44:AG51)/SUM(AE44:AE51) -> 0.038970054 | AH53: =SUMPRODUCT(AE44:AE51,AH44:AH51)/SUM(AE44:AE51) -> 0.92433576 | AJ53: =SUMPRODUCT(AI44:AI51,AJ44:AJ51)/SUM(AI44:AI51) -> 21.224167 | AK53: =SUMPRODUCT(AI44:AI51,AK44:AK51)/SUM(AI44:AI51) -> 0.035373611 | AL53: =SUMPRODUCT(AI44:AI51,AL44:AL51)/SUM(AI44:AI51) -> 0.93276765 | AN53: =SUMPRODUCT(AM44:AM51,AN44:AN51)/SUM(AM44:AM51) -> 20.181018 | AO53: =SUMPRODUCT(AM44:AM51,AO44:AO51)/SUM(AM44:AM51) -> 0.03363503 | AP53: =SUMPRODUCT(AM44:AM51,AP44:AP51)/SUM(AM44:AM51) -> 0.93959291 | AR53: =SUMPRODUCT(AQ44:AQ51,AR44:AR51)/SUM(AQ44:AQ51) -> 19.63116 | AS53: =SUMPRODUCT(AQ44:AQ51,AS44:AS51)/SUM(AQ44:AQ51) -> 0.0327186 | AT53: =SUMPRODUCT(AQ44:AQ51,AT44:AT51)/SUM(AQ44:AQ51) -> 0.94283665
B54: Average | D54: =SUMPRODUCT(C45:C52,D45:D52)/SUM(C45:C52) -> 26.140183 | E54: =SUMPRODUCT(C45:C52,E45:E52)/SUM(C45:C52) -> 0.043566972 | F54: =SUMPRODUCT(C45:C52,F45:F52)/SUM(C45:C52) -> 0.87479108 | H54: =SUMPRODUCT(G45:G52,H45:H52)/SUM(G45:G52) -> 20.18735 | I54: =SUMPRODUCT(G45:G52,I45:I52)/SUM(G45:G52) -> 0.033645583 | J54: =SUMPRODUCT(G45:G52,J45:J52)/SUM(G45:G52) -> 0.93370755 | L54: =SUMPRODUCT(K45:K52,L45:L52)/SUM(K45:K52) -> 18.412794 | M54: =SUMPRODUCT(K45:K52,M45:M52)/SUM(K45:K52) -> 0.03068799 | N54: =SUMPRODUCT(K45:K52,N45:N52)/SUM(K45:K52) -> 0.94102549 | P54: =SUMPRODUCT(O45:O52,P45:P52)/SUM(O45:O52) -> 18.216181 | Q54: =SUMPRODUCT(O45:O52,Q45:Q52)/SUM(O45:O52) -> 0.030360301 | R54: =SUMPRODUCT(O45:O52,R45:R52)/SUM(O45:O52) -> 0.94485535 | T54: =SUMPRODUCT(S45:S52,T45:T52)/SUM(S45:S52) -> 17.921894 | U54: =SUMPRODUCT(S45:S52,U45:U52)/SUM(S45:S52) -> 0.029869824 | V54: =SUMPRODUCT(S45:S52,V45:V52)/SUM(S45:S52) -> 0.94688813
C56: =SUM(C45:C52) -> 13115 | G56: =SUM(G45:G52) -> 11660 | K56: =SUM(K45:K52) -> 10200 | O56: =SUM(O45:O52) -> 8745 | S56: =SUM(S45:S52) -> 7285
Y58: Seed - 84 | AB58: 0.1 | AF58: 0.2 | AJ58: 0.3 | AN58: 0.4 | AR58: 0.5
A59: Seed - 84 | D59: 0.1 | H59: 0.2 | L59: 0.3 | P59: 0.4 | T59: 0.5 | Z59: Clusters | AB59: MAE | AC59: As Capacity | AD59: R-Squared | AE59: Test Points | AF59: MAE | AG59: As Capacity | AH59: R-Squared | AI59: Test Points | AJ59: MAE | AK59: As Capacity | AL59: R-Squared | AM59: Test Points | AN59: MAE | AO59: As Capacity | AP59: R-Squared | AQ59: Test Points | AR59: MAE | AS59: As Capacity | AT59: R-Squared
B60: Clusters | C60: Test Points | D60: MAE | E60: As Capacity | F60: R-Squared | G60: Test Points | H60: MAE | I60: As Capacity | J60: R-Squared | K60: Test Points | L60: MAE | M60: As Capacity | N60: R-Squared | O60: Test Points | P60: MAE | Q60: As Capacity | R60: R-Squared | S60: Test Points | T60: MAE | U60: As Capacity | V60: R-Squared | Z60: 0 | AA60: 1745 | AB60: 35.4 | AC60: =AB60/$A$5 -> 0.059 | AD60: 0.935 | AE60: 1550 | AF60: 30.9 | AG60: =AF60/$A$5 -> 0.0515 | AH60: 0.949 | AI60: 1320 | AJ60: 25.2 | AK60: =AJ60/$A$5 -> 0.042 | AL60: 0.96 | AM60: 1130 | AN60: 26 | AO60: =AN60/$A$5 -> 0.043333333 | AP60: 0.957 | AQ60: 980 | AR60: 22.8 | AS60: =AR60/$A$5 -> 0.038 | AT60: 0.963
B61: 0 | C61: 1745 | D61: 27.3 | E61: =D61/$A$5 -> 0.0455 | F61: 0.959 | G61: 1550 | H61: 22.6 | I61: =H61/$A$5 -> 0.037666667 | J61: 0.968 | K61: 1320 | L61: 21.5 | M61: =L61/$A$5 -> 0.035833333 | N61: 0.969 | O61: 1130 | P61: 23.1 | Q61: =P61/$A$5 -> 0.0385 | R61: 0.964 | S61: 980 | T61: 20.3 | U61: =T61/$A$5 -> 0.033833333 | V61: 0.966 | Z61: 1 | AA61: 1865 | AB61: 32 | AC61: =AB61/$A$5 -> 0.053333333 | AD61: 0.926 | AE61: 1680 | AF61: 25 | AG61: =AF61/$A$5 -> 0.041666667 | AH61: 0.955 | AI61: 1465 | AJ61: 23.4 | AK61: =AJ61/$A$5 -> 0.039 | AL61: 0.959 | AM61: 1270 | AN61: 22.2 | AO61: =AN61/$A$5 -> 0.037 | AP61: 0.963 | AQ61: 1045 | AR61: 24.3 | AS61: =AR61/$A$5 -> 0.0405 | AT61: 0.957
B62: 1 | C62: 1865 | D62: 28.5 | E62: =D62/$A$5 -> 0.0475 | F62: 0.943 | G62: 1680 | H62: 23.4 | I62: =H62/$A$5 -> 0.039 | J62: 0.96 | K62: 1465 | L62: 21.8 | M62: =L62/$A$5 -> 0.036333333 | N62: 0.963 | O62: 1270 | P62: 20.8 | Q62: =P62/$A$5 -> 0.034666667 | R62: 0.966 | S62: 1045 | T62: 21.7 | U62: =T62/$A$5 -> 0.036166667 | V62: 0.964 | Z62: 2 | AA62: 1600 | AB62: 10.9 | AC62: =AB62/$A$5 -> 0.018166667 | AD62: 0.745 | AE62: 1385 | AF62: 9.6 | AG62: =AF62/$A$5 -> 0.016 | AH62: 0.807 | AI62: 1180 | AJ62: 8.7 | AK62: =AJ62/$A$5 -> 0.0145 | AL62: 0.783 | AM62: 1065 | AN62: 8.1 | AO62: =AN62/$A$5 -> 0.0135 | AP62: 0.778 | AQ62: 835 | AR62: 8.5 | AS62: =AR62/$A$5 -> 0.014166667 | AT62: 0.798
B63: 2 | C63: 1600 | D63: 8.5 | E63: =D63/$A$5 -> 0.014166667 | F63: 0.793 | G63: 1385 | H63: 8.4 | I63: =H63/$A$5 -> 0.014 | J63: 0.82 | K63: 1180 | L63: 8.1 | M63: =L63/$A$5 -> 0.0135 | N63: 0.785 | O63: 1065 | P63: 7.6 | Q63: =P63/$A$5 -> 0.012666667 | R63: 0.79 | S63: 835 | T63: 7.4 | U63: =T63/$A$5 -> 0.012333333 | V63: 0.801 | Z63: 3 | AA63: 2260 | AB63: 24 | AC63: =AB63/$A$5 -> 0.04 | AD63: 0.964 | AE63: 2020 | AF63: 21.4 | AG63: =AF63/$A$5 -> 0.035666667 | AH63: 0.971 | AI63: 1800 | AJ63: 20.6 | AK63: =AJ63/$A$5 -> 0.034333333 | AL63: 0.971 | AM63: 1535 | AN63: 18.3 | AO63: =AN63/$A$5 -> 0.0305 | AP63: 0.979 | AQ63: 1295 | AR63: 18.1 | AS63: =AR63/$A$5 -> 0.030166667 | AT63: 0.979
B64: 3 | C64: 2260 | D64: 18.6 | E64: =D64/$A$5 -> 0.031 | F64: 0.977 | G64: 2020 | H64: 17.7 | I64: =H64/$A$5 -> 0.0295 | J64: 0.979 | K64: 1800 | L64: 17.8 | M64: =L64/$A$5 -> 0.029666667 | N64: 0.977 | O64: 1535 | P64: 17.1 | Q64: =P64/$A$5 -> 0.0285 | R64: 0.981 | S64: 1295 | T64: 16.6 | U64: =T64/$A$5 -> 0.027666667 | V64: 0.981 | Z64: 4 | AA64: 1775 | AB64: 29.1 | AC64: =AB64/$A$5 -> 0.0485 | AD64: 0.934 | AE64: 1585 | AF64: 24.3 | AG64: =AF64/$A$5 -> 0.0405 | AH64: 0.949 | AI64: 1410 | AJ64: 22.8 | AK64: =AJ64/$A$5 -> 0.038 | AL64: 0.954 | AM64: 1195 | AN64: 22.5 | AO64: =AN64/$A$5 -> 0.0375 | AP64: 0.954 | AQ64: 990 | AR64: 23.9 | AS64: =AR64/$A$5 -> 0.039833333 | AT64: 0.941
B65: 4 | C65: 1775 | D65: 27 | E65: =D65/$A$5 -> 0.045 | F65: 0.939 | G65: 1585 | H65: 23.3 | I65: =H65/$A$5 -> 0.038833333 | J65: 0.953 | K65: 1410 | L65: 20.7 | M65: =L65/$A$5 -> 0.0345 | N65: 0.961 | O65: 1195 | P65: 20.7 | Q65: =P65/$A$5 -> 0.0345 | R65: 0.961 | S65: 990 | T65: 20.5 | U65: =T65/$A$5 -> 0.034166667 | V65: 0.96 | Z65: 5 | AA65: 875 | AB65: 46 | AC65: =AB65/$A$5 -> 0.076666667 | AD65: 0.893 | AE65: 755 | AF65: 30.3 | AG65: =AF65/$A$5 -> 0.0505 | AH65: 0.946 | AI65: 660 | AJ65: 26.8 | AK65: =AJ65/$A$5 -> 0.044666667 | AL65: 0.959 | AM65: 570 | AN65: 24 | AO65: =AN65/$A$5 -> 0.04 | AP65: 0.966 | AQ65: 465 | AR65: 22.8 | AS65: =AR65/$A$5 -> 0.038 | AT65: 0.97
B66: 5 | C66: 875 | D66: 42 | E66: =D66/$A$5 -> 0.07 | F66: 0.906 | G66: 755 | H66: 26 | I66: =H66/$A$5 -> 0.043333333 | J66: 0.958 | K66: 660 | L66: 22.5 | M66: =L66/$A$5 -> 0.0375 | N66: 0.97 | O66: 570 | P66: 21.1 | Q66: =P66/$A$5 -> 0.035166667 | R66: 0.973 | S66: 465 | T66: 19.8 | U66: =T66/$A$5 -> 0.033 | V66: 0.976 | Z66: 6 | AA66: 2020 | AB66: 33.2 | AC66: =AB66/$A$5 -> 0.055333333 | AD66: 0.863 | AE66: 1840 | AF66: 21.6 | AG66: =AF66/$A$5 -> 0.036 | AH66: 0.942 | AI66: 1655 | AJ66: 19.6 | AK66: =AJ66/$A$5 -> 0.032666667 | AL66: 0.947 | AM66: 1355 | AN66: 18.6 | AO66: =AN66/$A$5 -> 0.031 | AP66: 0.951 | AQ66: 1150 | AR66: 17.8 | AS66: =AR66/$A$5 -> 0.029666667 | AT66: 0.956
B67: 6 | C67: 2020 | D67: 30.8 | E67: =D67/$A$5 -> 0.051333333 | F67: 0.862 | G67: 1840 | H67: 18.7 | I67: =H67/$A$5 -> 0.031166667 | J67: 0.952 | K67: 1655 | L67: 17.1 | M67: =L67/$A$5 -> 0.0285 | N67: 0.956 | O67: 1355 | P67: 17.5 | Q67: =P67/$A$5 -> 0.029166667 | R67: 0.952 | S67: 1150 | T67: 16.1 | U67: =T67/$A$5 -> 0.026833333 | V67: 0.957 | Z67: 7 | AA67: 975 | AB67: 51.1 | AC67: =AB67/$A$5 -> 0.085166667 | AD67: 0.888 | AE67: 845 | AF67: 31 | AG67: =AF67/$A$5 -> 0.051666667 | AH67: 0.956 | AI67: 710 | AJ67: 27.1 | AK67: =AJ67/$A$5 -> 0.045166667 | AL67: 0.965 | AM67: 625 | AN67: 23.9 | AO67: =AN67/$A$5 -> 0.039833333 | AP67: 0.969 | AQ67: 525 | AR67: 23.1 | AS67: =AR67/$A$5 -> 0.0385 | AT67: 0.966
B68: 7 | C68: 975 | D68: 43.5 | E68: =D68/$A$5 -> 0.0725 | F68: 0.915 | G68: 845 | H68: 22.9 | I68: =H68/$A$5 -> 0.038166667 | J68: 0.974 | K68: 710 | L68: 20.9 | M68: =L68/$A$5 -> 0.034833333 | N68: 0.977 | O68: 625 | P68: 19.8 | Q68: =P68/$A$5 -> 0.033 | R68: 0.978 | S68: 525 | T68: 19.8 | U68: =T68/$A$5 -> 0.033 | V68: 0.975
Z69: Average | AB69: =SUMPRODUCT(AA60:AA67,AB60:AB67)/SUM(AA60:AA67) -> 30.645978 | AC69: =SUMPRODUCT(AA60:AA67,AC60:AC67)/SUM(AA60:AA67) -> 0.05107663 | AD69: =SUMPRODUCT(AA60:AA67,AD60:AD67)/SUM(AA60:AA67) -> 0.89801677 | AF69: =SUMPRODUCT(AE60:AE67,AF60:AF67)/SUM(AE60:AE67) -> 23.477702 | AG69: =SUMPRODUCT(AE60:AE67,AG60:AG67)/SUM(AE60:AE67) -> 0.039129503 | AH69: =SUMPRODUCT(AE60:AE67,AH60:AH67)/SUM(AE60:AE67) -> 0.93601715 | AJ69: =SUMPRODUCT(AI60:AI67,AJ60:AJ67)/SUM(AI60:AI67) -> 21.216275 | AK69: =SUMPRODUCT(AI60:AI67,AK60:AK67)/SUM(AI60:AI67) -> 0.035360458 | AL69: =SUMPRODUCT(AI60:AI67,AL60:AL67)/SUM(AI60:AI67) -> 0.93866569 | AN69: =SUMPRODUCT(AM60:AM67,AN60:AN67)/SUM(AM60:AM67) -> 20.011321 | AO69: =SUMPRODUCT(AM60:AM67,AO60:AO67)/SUM(AM60:AM67) -> 0.033352201 | AP69: =SUMPRODUCT(AM60:AM67,AP60:AP67)/SUM(AM60:AM67) -> 0.94003831 | AR69: =SUMPRODUCT(AQ60:AQ67,AR60:AR67)/SUM(AQ60:AQ67) -> 19.922443 | AS69: =SUMPRODUCT(AQ60:AQ67,AS60:AS67)/SUM(AQ60:AQ67) -> 0.033204072 | AT69: =SUMPRODUCT(AQ60:AQ67,AT60:AT67)/SUM(AQ60:AQ67) -> 0.94263967
B70: Average | D70: =SUMPRODUCT(C61:C68,D61:D68)/SUM(C61:C68) -> 26.361456 | E70: =SUMPRODUCT(C61:C68,E61:E68)/SUM(C61:C68) -> 0.043935761 | F70: =SUMPRODUCT(C61:C68,F61:F68)/SUM(C61:C68) -> 0.91512085 | H70: =SUMPRODUCT(G61:G68,H61:H68)/SUM(G61:G68) -> 19.901286 | I70: =SUMPRODUCT(G61:G68,I61:I68)/SUM(G61:G68) -> 0.033168811 | J70: =SUMPRODUCT(G61:G68,J61:J68)/SUM(G61:G68) -> 0.94639666 | L70: =SUMPRODUCT(K61:K68,L61:L68)/SUM(K61:K68) -> 18.538382 | M70: =SUMPRODUCT(K61:K68,M61:M68)/SUM(K61:K68) -> 0.030897304 | N70: =SUMPRODUCT(K61:K68,N61:N68)/SUM(K61:K68) -> 0.9456701 | P70: =SUMPRODUCT(O61:O68,P61:P68)/SUM(O61:O68) -> 18.263293 | Q70: =SUMPRODUCT(O61:O68,Q61:Q68)/SUM(O61:O68) -> 0.030438822 | R70: =SUMPRODUCT(O61:O68,R61:R68)/SUM(O61:O68) -> 0.94540194 | T70: =SUMPRODUCT(S61:S68,T61:T68)/SUM(S61:S68) -> 17.660741 | U70: =SUMPRODUCT(S61:S68,U61:U68)/SUM(S61:S68) -> 0.029434569 | V70: =SUMPRODUCT(S61:S68,V61:V68)/SUM(S61:S68) -> 0.94851819
C72: =SUM(C61:C68) -> 13115 | G72: =SUM(G61:G68) -> 11660 | K72: =SUM(K61:K68) -> 10200 | O72: =SUM(O61:O68) -> 8745 | S72: =SUM(S61:S68) -> 7285

Sheet Hollandse_Noord
B2: Transer Learning Methodology | Z2: Baseline
A4: Hollandse Noord
A5: 759
D7: 0.1 | H7: 0.2 | L7: 0.3 | P7: 0.4 | T7: 0.5 | AB7: 0.1 | AF7: 0.2 | AJ7: 0.3 | AN7: 0.4 | AR7: 0.5
B8: Clusters | C8: Test Points | D8: MAE | E8: As Capacity | F8: R-Squared | G8: Test Points | H8: MAE | I8: As Capacity | J8: R-Squared | K8: Test Points | L8: MAE | M8: As Capacity | N8: R-Squared | O8: Test Points | P8: MAE | Q8: As Capacity | R8: R-Squared | S8: Test Points | T8: MAE | U8: As Capacity | V8: R-Squared | Z8: Clusters | AA8: Test Points | AB8: MAE | AC8: As Capacity | AD8: R-Squared | AE8: Test Points | AF8: MAE | AG8: As Capacity | AH8: R-Squared | AI8: Test Points | AJ8: MAE | AK8: As Capacity | AL8: R-Squared | AM8: Test Points | AN8: MAE | AO8: As Capacity | AP8: R-Squared | AQ8: Test Points | AR8: MAE | AS8: As Capacity | AT8: R-Squared
B9: 0 | C9: =AVERAGE(C29,C45,C60) -> 2175 | D9: =AVERAGE(D29,D45,D60) -> 30.833333 | E9: =AVERAGE(E29,E45,E60) -> 0.040623628 | F9: =AVERAGE(F29,F45,F60) -> 0.96466667 | G9: =AVERAGE(G29,G45,G60) -> 1955 | H9: =AVERAGE(H29,H45,H60) -> 28.266667 | I9: =AVERAGE(I29,I45,I60) -> 0.037241985 | J9: =AVERAGE(J29,J45,J60) -> 0.969 | ... V9: =AVERAGE(V29,V45,V60) -> 0.967 | Z9: 0 | AA9: =AVERAGE(AA29,AA44,AA60) -> 2175 | AB9: =AVERAGE(AB29,AB44,AB60) -> 36.866667 | AC9: =AVERAGE(AC29,AC44,AC60) -> 0.048572683 | AD9: =AVERAGE(AD29,AD44,AD60) -> 0.955 | AE9: =AVERAGE(AE29,AE44,AE60) -> 1955 | AF9: =AVERAGE(AF29,AF44,AF60) -> 31.766667 | AG9: =AVERAGE(AG29,AG44,AG60) -> 0.041853316 | AH9: =AVERAGE(AH29,AH44,AH60) -> 0.964 | ... AT9: =AVERAGE(AT29,AT44,AT60) -> 0.96433333
B10: 1 | C10: =AVERAGE(C30,C46,C61) -> 2278.3333 | D10: =AVERAGE(D30,D46,D61) -> 27.266667 | E10: =AVERAGE(E30,E46,E61) -> 0.035924462 | F10: =AVERAGE(F30,F46,F61) -> 0.95833333 | G10: =AVERAGE(G30,G46,G61) -> 2016.6667 | H10: =AVERAGE(H30,H46,H61) -> 26 | I10: =AVERAGE(I30,I46,I61) -> 0.034255599 | J10: =AVERAGE(J30,J46,J61) -> 0.95966667 | ... V10: =AVERAGE(V30,V46,V61) -> 0.95733333 | Z10: 1 | AA10: =AVERAGE(AA30,AA45,AA61) -> 2278.3333 | AB10: =AVERAGE(AB30,AB45,AB61) -> 34.733333 | AC10: =AVERAGE(AC30,AC45,AC61) -> 0.045761968 | AD10: =AVERAGE(AD30,AD45,AD61) -> 0.93566667 | AE10: =AVERAGE(AE30,AE45,AE61) -> 2016.6667 | AF10: =AVERAGE(AF30,AF45,AF61) -> 29.666667 | AG10: =AVERAGE(AG30,AG45,AG61) -> 0.039086517 | AH10: =AVERAGE(AH30,AH45,AH61) -> 0.95033333 | ... AT10: =AVERAGE(AT30,AT45,AT61) -> 0.955
B11: 2 | C11: =AVERAGE(C31,C47,C62) -> 1703.3333 | D11: =AVERAGE(D31,D47,D62) -> 34.633333 | E11: =AVERAGE(E31,E47,E62) -> 0.045630215 | F11: =AVERAGE(F31,F47,F62) -> 0.85833333 | G11: =AVERAGE(G31,G47,G62) -> 1485 | H11: =AVERAGE(H31,H47,H62) -> 26.4 | I11: =AVERAGE(I31,I47,I62) -> 0.034782609 | J11: =AVERAGE(J31,J47,J62) -> 0.883 | ... V11: =AVERAGE(V31,V47,V62) -> 0.895 | Z11: 2 | AA11: =AVERAGE(AA31,AA46,AA62) -> 1703.3333 | AB11: =AVERAGE(AB31,AB46,AB62) -> 40.7 | AC11: =AVERAGE(AC31,AC46,AC62) -> 0.053623188 | AD11: =AVERAGE(AD31,AD46,AD62) -> 0.824 | AE11: =AVERAGE(AE31,AE46,AE62) -> 1485 | AF11: =AVERAGE(AF31,AF46,AF62) -> 29.666667 | AG11: =AVERAGE(AG31,AG46,AG62) -> 0.039086517 | AH11: =AVERAGE(AH31,AH46,AH62) -> 0.877 | ... AT11: =AVERAGE(AT31,AT46,AT62) -> 0.901
B12: 3 | C12: =AVERAGE(C32,C48,C63) -> 1408.3333 | D12: =AVERAGE(D32,D48,D63) -> 41.666667 | E12: =AVERAGE(E32,E48,E63) -> 0.054896794 | F12: =AVERAGE(F32,F48,F63) -> 0.95233333 | G12: =AVERAGE(G32,G48,G63) -> 1243.3333 | H12: =AVERAGE(H32,H48,H63) -> 27.633333 | I12: =AVERAGE(I32,I48,I63) -> 0.036407554 | J12: =AVERAGE(J32,J48,J63) -> 0.97333333 | ... V12: =AVERAGE(V32,V48,V63) -> 0.97166667 | Z12: 3 | AA12: =AVERAGE(AA32,AA47,AA63) -> 1408.3333 | AB12: =AVERAGE(AB32,AB47,AB63) -> 52 | AC12: =AVERAGE(AC32,AC47,AC63) -> 0.068511199 | AD12: =AVERAGE(AD32,AD47,AD63) -> 0.93 | AE12: =AVERAGE(AE32,AE47,AE63) -> 1243.3333 | AF12: =AVERAGE(AF32,AF47,AF63) -> 34.466667 | AG12: =AVERAGE(AG32,AG47,AG63) -> 0.045410628 | AH12: =AVERAGE(AH32,AH47,AH63) -> 0.96266667 | ... AT12: =AVERAGE(AT32,AT47,AT63) -> 0.96766667
B13: 4 | C13: =AVERAGE(C33,C49,C64) -> 1525 | D13: =AVERAGE(D33,D49,D64) -> 33.333333 | E13: =AVERAGE(E33,E49,E64) -> 0.043917435 | F13: =AVERAGE(F33,F49,F64) -> 0.96233333 | G13: =AVERAGE(G33,G49,G64) -> 1348.3333 | H13: =AVERAGE(H33,H49,H64) -> 28.733333 | I13: =AVERAGE(I33,I49,I64) -> 0.037856829 | J13: =AVERAGE(J33,J49,J64) -> 0.97 | ... V13: =AVERAGE(V33,V49,V64) -> 0.96933333 | Z13: 4 | AA13: =AVERAGE(AA33,AA48,AA64) -> 1525 | AB13: =AVERAGE(AB33,AB48,AB64) -> 40.866667 | AC13: =AVERAGE(AC33,AC48,AC64) -> 0.053842776 | AD13: =AVERAGE(AD33,AD48,AD64) -> 0.94733333 | AE13: =AVERAGE(AE33,AE48,AE64) -> 1348.3333 | AF13: =AVERAGE(AF33,AF48,AF64) -> 34.5 | AG13: =AVERAGE(AG33,AG48,AG64) -> 0.045454545 | AH13: =AVERAGE(AH33,AH48,AH64) -> 0.96133333 | ... AT13: =AVERAGE(AT33,AT48,AT64) -> 0.967
B14: 5 | C14: =AVERAGE(C34,C50,C65) -> 1588.3333 | D14: =AVERAGE(D34,D50,D65) -> 28.033333 | E14: =AVERAGE(E34,E50,E65) -> 0.036934563 | F14: =AVERAGE(F34,F50,F65) -> 0.95666667 | G14: =AVERAGE(G34,G50,G65) -> 1446.6667 | H14: =AVERAGE(H34,H50,H65) -> 25.366667 | I14: =AVERAGE(I34,I50,I65) -> 0.033421168 | J14: =AVERAGE(J34,J50,J65) -> 0.95866667 | ... V14: =AVERAGE(V34,V50,V65) -> 0.95633333 | Z14: 5 | AA14: =AVERAGE(AA34,AA49,AA65) -> 1588.3333 | AB14: =AVERAGE(AB34,AB49,AB65) -> 34.933333 | AC14: =AVERAGE(AC34,AC49,AC65) -> 0.046025472 | AD14: =AVERAGE(AD34,AD49,AD65) -> 0.93733333 | AE14: =AVERAGE(AE34,AE49,AE65) -> 1446.6667 | AF14: =AVERAGE(AF34,AF49,AF65) -> 28.966667 | AG14: =AVERAGE(AG34,AG49,AG65) -> 0.038164251 | AH14: =AVERAGE(AH34,AH49,AH65) -> 0.94966667 | ... AT14: =AVERAGE(AT34,AT49,AT65) -> 0.95233333
B15: 6 | C15: =AVERAGE(C35,C51,C66) -> 1391.6667 | D15: =AVERAGE(D35,D51,D66) -> 36.233333 | E15: =AVERAGE(E35,E51,E66) -> 0.047738252 | F15: =AVERAGE(F35,F51,F66) -> 0.91133333 | G15: =AVERAGE(G35,G51,G66) -> 1248.3333 | H15: =AVERAGE(H35,H51,H66) -> 29.766667 | I15: =AVERAGE(I35,I51,I66) -> 0.03921827 | J15: =AVERAGE(J35,J51,J66) -> 0.94666667 | ... V15: =AVERAGE(V35,V51,V66) -> 0.95266667 | Z15: 6 | AA15: =AVERAGE(AA35,AA50,AA66) -> 1391.6667 | AB15: =AVERAGE(AB35,AB50,AB66) -> 43.533333 | AC15: =AVERAGE(AC35,AC50,AC66) -> 0.05735617 | AD15: =AVERAGE(AD35,AD50,AD66) -> 0.88033333 | AE15: =AVERAGE(AE35,AE50,AE66) -> 1248.3333 | AF15: =AVERAGE(AF35,AF50,AF66) -> 33.833333 | AG15: =AVERAGE(AG35,AG50,AG66) -> 0.044576197 | AH15: =AVERAGE(AH35,AH50,AH66) -> 0.933 | ... AT15: =AVERAGE(AT35,AT50,AT66) -> 0.95033333
B16: 7 | C16: =AVERAGE(C36,C52,C67) -> 1055 | D16: =AVERAGE(D36,D52,D67) -> 45.633333 | E16: =AVERAGE(E36,E52,E67) -> 0.060122969 | F16: =AVERAGE(F36,F52,F67) -> 0.89266667 | G16: =AVERAGE(G36,G52,G67) -> 921.66667 | H16: =AVERAGE(H36,H52,H67) -> 27.633333 | I16: =AVERAGE(I36,I52,I67) -> 0.036407554 | J16: =AVERAGE(J36,J52,J67) -> 0.95366667 | ... V16: =AVERAGE(V36,V52,V67) -> 0.95266667 | Z16: 7 | AA16: =AVERAGE(AA36,AA51,AA67) -> 1055 | AB16: =AVERAGE(AB36,AB51,AB67) -> 55.8 | AC16: =AVERAGE(AC36,AC51,AC67) -> 0.073517787 | AD16: =AVERAGE(AD36,AD51,AD67) -> 0.86333333 | AE16: =AVERAGE(AE36,AE51,AE67) -> 921.66667 | AF16: =AVERAGE(AF36,AF51,AF67) -> 35.166667 | AG16: =AVERAGE(AG36,AG51,AG67) -> 0.046332894 | AH16: =AVERAGE(AH36,AH51,AH67) -> 0.926 | ... AT16: =AVERAGE(AT36,AT51,AT67) -> 0.94633333
B18: Average | D18: =AVERAGE(D38,D54,D69) -> 33.177041 | E18: =AVERAGE(E38,E54,E69) -> 0.043711517 | F18: =AVERAGE(F38,F54,F69) -> 0.94094667 | H18: =AVERAGE(H38,H54,H69) -> 27.394771 | I18: =AVERAGE(I38,I54,I69) -> 0.036093242 | J18: =AVERAGE(J38,J54,J69) -> 0.9551183 | L18: =AVERAGE(L38,L54,L69) -> 26.061182 | M18: =AVERAGE(M38,M54,M69) -> 0.034336208 | N18: =AVERAGE(N38,N54,N69) -> 0.95744091 | P18: =AVERAGE(P38,P54,P69) -> 25.934895 | Q18: =AVERAGE(Q38,Q54,Q69) -> 0.034169822 | R18: =AVERAGE(R38,R54,R69) -> 0.95841829 | T18: =AVERAGE(T38,T54,T69) -> 26.601692 | U18: =AVERAGE(U38,U54,U69) -> 0.035048342 | V18: =AVERAGE(V38,V54,V69) -> 0.95554207 | Z18: Average | AB18: =AVERAGE(AB38,AB53,AB69) -> 40.510438 | AC18: =AVERAGE(AC38,AC53,AC69) -> 0.053373436 | AD18: =AVERAGE(AD38,AD53,AD69) -> 0.92105092 | AF18: =AVERAGE(AF38,AF53,AF69) -> 31.767795 | AG18: =AVERAGE(AG38,AG53,AG69) -> 0.041854803 | AH18: =AVERAGE(AH38,AH53,AH69) -> 0.94596785 | AJ18: =AVERAGE(AJ38,AJ53,AJ69) -> 29.161476 | AK18: =AVERAGE(AK38,AK53,AK69) -> 0.038420917 | AL18: =AVERAGE(AL38,AL53,AL69) -> 0.95067385 | AN18: =AVERAGE(AN38,AN53,AN69) -> 28.486857 | AO18: =AVERAGE(AO38,AO53,AO69) -> 0.037532091 | AP18: =AVERAGE(AP38,AP53,AP69) -> 0.95416648 | AR18: =AVERAGE(AR38,AR53,AR69) -> 28.897668 | AS18: =AVERAGE(AS38,AS53,AS69) -> 0.038073344 | AT18: =AVERAGE(AT38,AT53,AT69) -> 0.95360174
A27: Seed - 42 | D27: 0.1 | H27: 0.2 | L27: 0.3 | P27: 0.4 | T27: 0.5 | Y27: Seed - 42 | AB27: 0.1 | AF27: 0.2 | AJ27: 0.3 | AN27: 0.4 | AR27: 0.5
B28: Clusters | C28: Test Points | D28: MAE | E28: As Capacity | F28: R-Squared | G28: Test Points | H28: MAE | I28: As Capacity | J28: R-Squared | K28: Test Points | L28: MAE | M28: As Capacity | N28: R-Squared | O28: Test Points | P28: MAE | Q28: As Capacity | R28: R-Squared | S28: Test Points | T28: MAE | U28: As Capacity | V28: R-Squared | Z28: Clusters | AA28: Test Points | AB28: MAE | AC28: As Capacity | AD28: R-Squared | AE28: Test Points | AF28: MAE | AG28: As Capacity | AH28: R-Squared | AI28: Test Points | AJ28: MAE | AK28: As Capacity | AL28: R-Squared | AM28: Test Points | AN28: MAE | AO28: As Capacity | AP28: R-Squared | AQ28: Test Points | AR28: MAE | AS28: As Capacity | AT28: R-Squared
B29: 0 | C29: 1610 | D29: 33.1 | E29: =D29/$A$5 -> 0.043610013 | F29: 0.957 | G29: 1505 | H29: 31.3 | I29: =H29/$A$5 -> 0.041238472 | J29: 0.96 | K29: 1290 | L29: 27.7 | M29: =L29/$A$5 -> 0.036495389 | N29: 0.966 | O29: 1070 | P29: 29.2 | Q29: =P29/$A$5 -> 0.038471673 | R29: 0.963 | S29: 920 | T29: 31.4 | U29: =T29/$A$5 -> 0.041370224 | V29: 0.957 | Z29: 0 | AA29: 1610 | AB29: 38.8 | AC29: =AB29/$A$5 -> 0.051119895 | AD29: 0.944 | AE29: 1505 | AF29: 34.5 | AG29: =AF29/$A$5 -> 0.045454545 | AH29: 0.954 | AI29: 1290 | AJ29: 32.5 | AK29: =AJ29/$A$5 -> 0.042819499 | AL29: 0.957 | AM29: 1070 | AN29: 31.4 | AO29: =AN29/$A$5 -> 0.041370224 | AP29: 0.959 | AQ29: 920 | AR29: 32.3 | AS29: =AR29/$A$5 -> 0.042555995 | AT29: 0.956
B30: 1 | C30: 2730 | D30: 26.5 | E30: =D30/$A$5 -> 0.034914361 | F30: 0.977 | G30: 2415 | H30: 26.4 | I30: =H30/$A$5 -> 0.034782609 | J30: 0.975 | K30: 2070 | L30: 27.2 | M30: =L30/$A$5 -> 0.035836627 | N30: 0.974 | O30: 1760 | P30: 25.3 | Q30: =P30/$A$5 -> 0.033333333 | R30: 0.979 | S30: 1490 | T30: 26 | U30: =T30/$A$5 -> 0.034255599 | V30: 0.977 | Z30: 1 | AA30: 2730 | AB30: 33.3 | AC30: =AB30/$A$5 -> 0.043873518 | AD30: 0.968 | AE30: 2415 | AF30: 28.9 | AG30: =AF30/$A$5 -> 0.038076416 | AH30: 0.973 | AI30: 2070 | AJ30: 28.7 | AK30: =AJ30/$A$5 -> 0.037812912 | AL30: 0.973 | AM30: 1760 | AN30: 27.9 | AO30: =AN30/$A$5 -> 0.036758893 | AP30: 0.976 | AQ30: 1490 | AR30: 28 | AS30: =AR30/$A$5 -> 0.036890646 | AT30: 0.975
B31: 2 | C31: 2050 | D31: 48 | E31: =D31/$A$5 -> 0.063241107 | F31: 0.931 | G31: 1755 | H31: 31.8 | I31: =H31/$A$5 -> 0.041897233 | J31: 0.965 | K31: 1570 | L31: 29.9 | M31: =L31/$A$5 -> 0.039393939 | N31: 0.968 | O31: 1345 | P31: 28.6 | Q31: =P31/$A$5 -> 0.037681159 | R31: 0.969 | S31: 1140 | T31: 29.9 | U31: =T31/$A$5 -> 0.039393939 | V31: 0.967 | Z31: 2 | AA31: 2050 | AB31: 57.3 | AC31: =AB31/$A$5 -> 0.075494071 | AD31: 0.91 | AE31: 1755 | AF31: 37.6 | AG31: =AF31/$A$5 -> 0.049538867 | AH31: 0.955 | AI31: 1570 | AJ31: 33.7 | AK31: =AJ31/$A$5 -> 0.044400527 | AL31: 0.962 | AM31: 1345 | AN31: 31.7 | AO31: =AN31/$A$5 -> 0.041765481 | AP31: 0.965 | AQ31: 1140 | AR31: 33.1 | AS31: =AR31/$A$5 -> 0.043610013 | AT31: 0.963
B32: 3 | C32: 910 | D32: 57.2 | E32: =D32/$A$5 -> 0.075362319 | F32: 0.935 | G32: 780 | H32: 25.2 | I32: =H32/$A$5 -> 0.033201581 | J32: 0.979 | K32: 705 | L32: 23.3 | M32: =L32/$A$5 -> 0.030698287 | N32: 0.982 | O32: 580 | P32: 20.5 | Q32: =P32/$A$5 -> 0.027009223 | R32: 0.986 | S32: 445 | T32: 20.7 | U32: =T32/$A$5 -> 0.027272727 | V32: 0.985 | Z32: 3 | AA32: 910 | AB32: 75.9 | AC32: =AB32/$A$5 -> 0.1 | AD32: 0.889 | AE32: 780 | AF32: 36 | AG32: =AF32/$A$5 -> 0.04743083 | AH32: 0.962 | AI32: 705 | AJ32: 29.6 | AK32: =AJ32/$A$5 -> 0.038998682 | AL32: 0.974 | AM32: 580 | AN32: 27.7 | AO32: =AN32/$A$5 -> 0.036495389 | AP32: 0.979 | AQ32: 445 | AR32: 25.1 | AS32: =AR32/$A$5 -> 0.033069829 | AT32: 0.981
B33: 4 | C33: 1805 | D33: 29.2 | E33: =D33/$A$5 -> 0.038471673 | F33: 0.973 | G33: 1585 | H33: 25.1 | I33: =H33/$A$5 -> 0.033069829 | J33: 0.977 | K33: 1390 | L33: 24.8 | M33: =L33/$A$5 -> 0.032674572 | N33: 0.976 | O33: 1185 | P33: 26 | Q33: =P33/$A$5 -> 0.034255599 | R33: 0.974 | S33: 985 | T33: 26.8 | U33: =T33/$A$5 -> 0.035309618 | V33: 0.97 | Z33: 4 | AA33: 1805 | AB33: 34.7 | AC33: =AB33/$A$5 -> 0.04571805 | AD33: 0.965 | AE33: 1585 | AF33: 28.7 | AG33: =AF33/$A$5 -> 0.037812912 | AH33: 0.973 | AI33: 1390 | AJ33: 27.9 | AK33: =AJ33/$A$5 -> 0.036758893 | AL33: 0.972 | AM33: 1185 | AN33: 28.6 | AO33: =AN33/$A$5 -> 0.037681159 | AP33: 0.972 | AQ33: 985 | AR33: 28.7 | AS33: =AR33/$A$5 -> 0.037812912 | AT33: 0.968
B34: 5 | C34: 1730 | D34: 24.2 | E34: =D34/$A$5 -> 0.031884058 | F34: 0.938 | G34: 1565 | H34: 22.9 | I34: =H34/$A$5 -> 0.030171278 | J34: 0.936 | K34: 1390 | L34: 22.5 | M34: =L34/$A$5 -> 0.029644269 | N34: 0.938 | O34: 1200 | P34: 22.2 | Q34: =P34/$A$5 -> 0.029249012 | R34: 0.941 | S34: 995 | T34: 21.9 | U34: =T34/$A$5 -> 0.028853755 | V34: 0.932 | Z34: 5 | AA34: 1730 | AB34: 28.3 | AC34: =AB34/$A$5 -> 0.037285903 | AD34: 0.92 | AE34: 1565 | AF34: 25.7 | AG34: =AF34/$A$5 -> 0.033860343 | AH34: 0.926 | AI34: 1390 | AJ34: 24.9 | AK34: =AJ34/$A$5 -> 0.032806324 | AL34: 0.93 | AM34: 1200 | AN34: 24 | AO34: =AN34/$A$5 -> 0.031620553 | AP34: 0.936 | AQ34: 995 | AR34: 23.8 | AS34: =AR34/$A$5 -> 0.031357049 | AT34: 0.931
B35: 6 | C35: 1310 | D35: 39.2 | E35: =D35/$A$5 -> 0.051646904 | F35: 0.939 | G35: 1185 | H35: 30.9 | I35: =H35/$A$5 -> 0.040711462 | J35: 0.956 | K35: 1035 | L35: 29.4 | M35: =L35/$A$5 -> 0.038735178 | N35: 0.959 | O35: 950 | P35: 29.9 | Q35: =P35/$A$5 -> 0.039393939 | R35: 0.956 | S35: 750 | T35: 29.4 | U35: =T35/$A$5 -> 0.038735178 | V35: 0.957 | Z35: 6 | AA35: 1310 | AB35: 43.3 | AC35: =AB35/$A$5 -> 0.057048748 | AD35: 0.929 | AE35: 1185 | AF35: 34 | AG35: =AF35/$A$5 -> 0.044795784 | AH35: 0.949 | AI35: 1035 | AJ35: 31.3 | AK35: =AJ35/$A$5 -> 0.041238472 | AL35: 0.956 | AM35: 950 | AN35: 32 | AO35: =AN35/$A$5 -> 0.042160738 | AP35: 0.954 | AQ35: 750 | AR35: 30.6 | AS35: =AR35/$A$5 -> 0.040316206 | AT35: 0.954
B36: 7 | C36: 980 | D36: 38 | E36: =D36/$A$5 -> 0.050065876 | F36: 0.879 | G36: 875 | H36: 26 | I36: =H36/$A$5 -> 0.034255599 | J36: 0.939 | K36: 760 | L36: 27.3 | M36: =L36/$A$5 -> 0.035968379 | N36: 0.928 | O36: 660 | P36: 30.1 | Q36: =P36/$A$5 -> 0.039657444 | R36: 0.919 | S36: 565 | T36: 25.3 | U36: =T36/$A$5 -> 0.033333333 | V36: 0.945 | Z36: 7 | AA36: 980 | AB36: 49.2 | AC36: =AB36/$A$5 -> 0.064822134 | AD36: 0.819 | AE36: 875 | AF36: 34.3 | AG36: =AF36/$A$5 -> 0.045191041 | AH36: 0.884 | AI36: 760 | AJ36: 29.6 | AK36: =AJ36/$A$5 -> 0.038998682 | AL36: 0.912 | AM36: 660 | AN36: 31.8 | AO36: =AN36/$A$5 -> 0.041897233 | AP36: 0.911 | AQ36: 565 | AR36: 29.1 | AS36: =AR36/$A$5 -> 0.038339921 | AT36: 0.93
B38: Average | D38: =SUMPRODUCT(C29:C36,D29:D36)/SUM(C29:C36) -> 34.990629 | E38: =SUMPRODUCT(C29:C36,E29:E36)/SUM(C29:C36) -> 0.04610096 | F38: =SUMPRODUCT(C29:C36,F29:F36)/SUM(C29:C36) -> 0.94764914 | H38: =SUMPRODUCT(G29:G36,H29:H36)/SUM(G29:G36) -> 27.545306 | I38: =SUMPRODUCT(G29:G36,I29:I36)/SUM(G29:G36) -> 0.036291576 | J38: =SUMPRODUCT(G29:G36,J29:J36)/SUM(G29:G36) -> 0.96223661 | L38: =SUMPRODUCT(K29:K36,L29:L36)/SUM(K29:K36) -> 26.672919 | M38: =SUMPRODUCT(K29:K36,M29:M36)/SUM(K29:K36) -> 0.035142185 | N38: =SUMPRODUCT(K29:K36,N29:N36)/SUM(K29:K36) -> 0.96304554 | P38: =SUMPRODUCT(O29:O36,P29:P36)/SUM(O29:O36) -> 26.497143 | Q38: =SUMPRODUCT(O29:O36,Q29:Q36)/SUM(O29:O36) -> 0.034910597 | R38: =SUMPRODUCT(O29:O36,R29:R36)/SUM(O29:O36) -> 0.96305886 | T38: =SUMPRODUCT(S29:S36,T29:T36)/SUM(S29:S36) -> 26.811866 | U38: =SUMPRODUCT(S29:S36,U29:U36)/SUM(S29:S36) -> 0.035325251 | V38: =SUMPRODUCT(S29:S36,V29:V36)/SUM(S29:S36) -> 0.96177503 | Z38: Average | AB38: =SUMPRODUCT(AA29:AA36,AB29:AB36)/SUM(AA29:AA36) -> 42.395619 | AC38: =SUMPRODUCT(AA29:AA36,AC29:AC36)/SUM(AA29:AA36) -> 0.055857206 | AD38: =SUMPRODUCT(AA29:AA36,AD29:AD36)/SUM(AA29:AA36) -> 0.92876229 | AF38: =SUMPRODUCT(AE29:AE36,AF29:AF36)/SUM(AE29:AE36) -> 31.872825 | AG38: =SUMPRODUCT(AE29:AE36,AG29:AG36)/SUM(AE29:AE36) -> 0.041993181 | AH38: =SUMPRODUCT(AE29:AE36,AH29:AH36)/SUM(AE29:AE36) -> 0.95168538 | AJ38: =SUMPRODUCT(AI29:AI36,AJ29:AJ36)/SUM(AI29:AI36) -> 29.715426 | AK38: =SUMPRODUCT(AI29:AI36,AK29:AK36)/SUM(AI29:AI36) -> 0.039150759 | AL38: =SUMPRODUCT(AI29:AI36,AL29:AL36)/SUM(AI29:AI36) -> 0.95710186 | AN38: =SUMPRODUCT(AM29:AM36,AN29:AN36)/SUM(AM29:AM36) -> 29.198114 | AO38: =SUMPRODUCT(AM29:AM36,AO29:AO36)/SUM(AM29:AM36) -> 0.038469189 | AP38: =SUMPRODUCT(AM29:AM36,AP29:AP36)/SUM(AM29:AM36) -> 0.95911029 | AR38: =SUMPRODUCT(AQ29:AQ36,AR29:AR36)/SUM(AQ29:AQ36) -> 29.037243 | AS38: =SUMPRODUCT(AQ29:AQ36,AS29:AS36)/SUM(AQ29:AQ36) -> 0.038257237 | AT38: =SUMPRODUCT(AQ29:AQ36,AT29:AT36)/SUM(AQ29:AQ36) -> 0.95849246
C40: =SUM(C29:C36) -> 13125 | G40: =SUM(G29:G36) -> 11665 | K40: =SUM(K29:K36) -> 10210 | O40: =SUM(O29:O36) -> 8750 | S40: =SUM(S29:S36) -> 7290
Y42: Seed - 63 | AB42: 0.1 | AF42: 0.2 | AJ42: 0.3 | AN42: 0.4 | AR42: 0.5
